m199,m99,m49,m19,m9,m5,m3,m1,p5
-34.023667630954,-24.9085971493896,-26.3025545094912,-16.6003932111448,-12.1186720775791,1.51798583213222,-3.56718152112062,0.328811745905189,-5.63886588910355
-45.4933193907771,-34.786438954165,-31.3156019352459,-20.0848013006686,-17.4458621763996,-1.58322022912108,-10.1808115570421,-5.09953767534137,-6.13448598164309
-42.4158361833535,-36.5418638952389,-34.2799108568722,-11.5225746717243,-9.7813409509318,-9.07831604181544,-4.97500475501788,-0.211015133517301,-6.59171083749324
-53.2839876323433,-36.786283144383,-40.0700833879884,-18.697273493863,-14.5717230394453,-15.3077860020613,-9.99006839688935,-4.43286798463413,-6.0605265623536
-40.2390029999046,-34.0409668950457,-29.9015225664201,-12.1960785699395,-2.12608079601709,-3.35925712609845,1.33140642170391,5.71854605330573,-9.90604539078264
-43.9389453006514,-38.7080582958993,-29.4729392052923,-11.257276154435,-2.43019947135036,-5.97583522308725,-0.62145219765141,-2.194401513729,-7.7607499313911
-52.4937907985548,-43.9161271369763,-43.313329085769,-25.2255723720103,-15.962321306622,-6.53539912479826,-1.79847469201979,-5.65447463097695,8.84205546505106
-53.5997080123711,-43.862688975546,-45.6269089651728,-23.9130184221142,-18.2050444704843,-7.05687995850703,-8.73043010546133,-0.7015386979657,5.4113759917014
-64.584646564587,-55.6376519026227,-48.3379479282198,-31.9939039472739,-16.7011098965107,-6.45152281631253,-10.4837744460491,-3.84234841654232,8.51253121833284
-55.5354663612761,-55.1793516201652,-45.1591142626307,-30.2842642779264,-15.1023241585417,-10.9952387302235,-2.79910892875353,1.69429039823668,13.5562841701507
-55.3840432195427,-58.2034920137801,-41.7984653930473,-28.8157688694018,-9.31764797995615,-8.41371750704667,-1.89672721578452,0.182430316316955,16.3838866269965
-46.1717498519035,-42.378727386807,-25.5784525758272,-14.9568679960882,2.32537760220409,8.12374906672929,12.1397049287209,10.4620960646647,0.362442032058949
-55.0114808470314,-44.3656376425994,-30.1855159091738,-11.4950614134198,2.74993621751649,5.13357874403178,7.06928600065605,-3.97893355687575,0.18879615118272
-53.629348029898,-41.327470394241,-36.9585758352299,-12.3956307377818,-4.0508693302352,7.84474486288149,6.08512781672922,-0.874661293939872,-2.96517164170872
-43.7502374464235,-37.9938453887041,-23.3205198608823,0.17717820397251,4.35416299704011,11.9379427296496,1.46854137093794,6.06066885635441,-11.9469225216637
-43.5273856255319,-31.4789213262426,-16.3160001480031,4.58439710586597,11.8335233828135,14.0774527314988,7.70995421993939,2.60754614165918,-14.457888062538
-50.4957722276745,-32.3905686275195,-17.1181995033546,-6.15707545028133,9.09329039784019,0.361133133790401,5.00487215398103,-3.83136409833717,-16.1909185843861
-54.0358254998399,-40.6169057943599,-25.6278920869591,-11.9255842379442,8.81595413404733,0.188440382992357,-5.32980704868891,-4.15914845318821,-19.5919792788336
-68.3377158749043,-44.6723702856104,-29.7454589544039,-10.8325818600668,3.39185983950048,-3.05578078703878,-12.6418011109174,-4.15343694823549,-15.7021286269636
-74.8270235499004,-44.407094780112,-29.9064907353656,-15.1140624754852,-0.192980529362853,-13.5678648194926,-12.3056466416681,-3.52150242402373,-4.44090559643534
-72.6572791367981,-36.7356247714395,-30.5065884416202,-9.80382133546196,-12.1812440770873,-16.9014859875191,-8.09212414818193,-0.25126912535537,-5.44573727237338
-85.2652283893767,-50.4127719690119,-32.8659001596079,-16.123319011681,-14.3384605126624,-19.3188116501294,-9.98612286060768,-5.97842167334131,2.52455586902981
-107.49303268305,-59.3049875131203,-40.2751637771906,-20.7178146150783,-23.0550327554381,-24.3657027036809,-15.3443845235079,-8.56482319302182,11.5051214303811
-106.179320760145,-56.8804947771525,-35.041171499973,-27.2042034483379,-30.1392459682494,-18.6269574441308,-14.3043994174862,0.652631200445874,5.2525125402276
-81.7047441570276,-48.7320729314605,-34.5410588360848,-13.6709546600117,-22.0276161000878,-4.64728723535254,1.50353410555524,8.67805570833984,-12.6209846239728
-75.7876569907677,-50.4878150212094,-35.1351576145721,-9.00399234799968,-19.0721949596607,-5.7593778591034,8.0795142643267,-1.31664310072363,5.14763370207104
-67.8722548075164,-50.8159872531207,-28.9398059515245,-5.79787904284593,-11.7335512009137,2.46239142187049,9.5670694778088,2.26037614675171,-6.90997922941833E-03
-76.6329089271368,-49.5715363828907,-27.3750111579067,-1.70087072246432,-7.08587936477024,10.3180206279264,1.150684486858,0.178932249190539,-7.9837865472162
-89.6250587180254,-57.7076482897041,-45.3196395780843,-8.88414399795021,-8.8730409531537,4.99039159584916,-2.68608276038776,-5.24917794764488,-2.56907374983985
-100.168641193547,-68.8849951615479,-62.3751632390383,-19.9936113642556,-19.4623211416868,-14.4439538139216,-15.5690113586185,-10.0019729610387,8.57862249739287
-75.9755258307691,-44.148031545891,-35.3435796834337,-12.8339094598122,5.09219342029284,4.89562486651533,2.52177283477959,15.8045863359147,-4.5353151029513
-86.8591567616787,-51.2011999804881,-36.3091657046227,-11.5307068177753,10.1510544543991,-6.91045674054376E-03,4.81049088632706,-2.77800360969741,2.6117461504691
-105.508300813546,-64.1475406221752,-37.0289040280442,-19.9334171131248,1.89650991026742,-8.67649976850321,6.13223978658199,-8.47454637652402,10.5033401680005
-105.633475634878,-63.1025535383995,-38.8158875145735,-26.9050728893642,-6.78138450344944,-2.63681548427816,-10.8190082137504,0.600033310833913,8.29176784101966
-103.544605001298,-65.7259669464394,-37.3734533183352,-28.619451414727,-4.03218828415678,7.90083931816215,-6.43073461971099,1.29185774855067,10.697845461625
-89.8898376358386,-57.7451309395081,-27.6487233346177,-18.6227840129924,-1.92649489789577,-4.75077784820878,6.04297947972209,4.23870307534873,10.637566236209
-74.8578808298571,-51.6315478807902,-30.0286417170769,-8.89715523969117,2.36383299858574,2.54527015517235,9.61656545008696,4.38063772387483,5.20502794845283
-69.5971748368947,-52.7459547894096,-28.6993475788592,-5.31553640190739,6.5581293270286,9.50499790506974,7.76720336784981,-0.727838630514147,5.4699626902895
-77.9983162802746,-57.7240642403834,-33.9075249320036,-3.1877347493848,13.8396904546043,7.65687734749384,2.3074245564046,-1.42994754565472,10.4961306825541
-59.3413765745485,-54.3602731106395,-29.8295598885358,0.608910097824257,1.18381815552611,9.66400512766398,1.34366682690617,3.43733267674222,6.55731297900862
-51.0659172355428,-47.2119140076466,-23.2168869150374,10.1420349226915,7.87988631214729,9.61478691016936,6.15696862350072,4.18652896306642,-2.79426468000015
-51.7600012049645,-48.897457525003,-23.492664778889,16.7700927822629,14.6037926256175,4.94750873599228,6.96469454151103,-0.556919508374502,-0.899957826244112
-54.6170638598934,-49.517428200656,-15.7374022465789,15.8255553075331,13.680371377874,5.18627536292199,3.19545387476212,-0.474815843337245,1.94466409143705
-57.1960220508782,-45.3720627827329,-11.9781688980055,10.7613413673742,15.3348839764839,9.49909342319739,2.18237761213166,3.18382447207927,-1.60839545063278
-46.6471052100717,-49.5567496194686,-6.00817913403878,11.8047277595408,11.4705936290781,6.15378972656751,2.5956830310477,-0.132039832016005,-4.89464321737057
-50.5946029238978,-57.9174451528401,-9.27518924437082,5.22526340119806,2.75670782210066,-2.87458828514744,-1.82136872315427,-5.03110734441512,0.435695436947433
-38.0673916512778,-51.4955657387776,-15.4921763977232,6.35159473816202,4.77737500854935,-0.908130618820708,-3.73397472433106,1.36523569599284,-6.0643366846773
-31.8897915406397,-42.4226117356273,-14.183178513507,13.0943058715249,8.30608677580136,1.90756829576958,-1.18462217900709,2.32879203423231,-8.43301058069496
-19.3422531960359,-47.1762454674738,-8.89827038054606,20.749476944612,4.74547119658692,-1.634687693121,3.36132889573887,-0.312344107157495,-7.92587132465173
-36.1145391438488,-47.0667180871577,-13.1820285383725,2.49209409949865,-2.98765908214423,-5.14654839953721,-1.49556498264559,-3.59197840339375,-7.07057462398766
-42.5232820386935,-42.1753939152181,-7.10543273140122,5.64292179996624,-1.86102885898832,0.43380536675923,-3.35115604719313,0.543119716473092,-9.64612835422451
-44.9356438447039,-48.3253646579133,-12.7154980624388,8.26517486590782,-6.9149495586891,-6.45584059413151,-8.65470960852365,-5.45995841726735,-8.51111165044616
-42.0698739512828,-51.6536294735136,-8.14453045839581,7.52887772058526,-10.649292749159,-9.20966238398249,-5.09463786325132,-0.197787054675137,-7.31366270822357
-35.5925830085233,-51.11432776439,-14.4284420436351,6.54364315634551,-10.2379874173149,-8.60814154712038,-5.41475958661513,0.240170788115977,-10.7082207953939
-50.2934023887187,-52.5663371595993,-14.9257571607613,-0.168073504145821,-7.72681623133554,-7.60854228397368,-2.59455690844351,-2.638546516936,-4.30932164703733
-48.8200809111633,-52.2080766830668,-11.2681317841633,-7.15804845330627,-11.7210814757585,-10.6759435744395,-4.73877920082185,-2.29191694931802,0.652468299889199
-63.2601900281638,-66.0823160621991,-15.0802247797079,-10.8003908443387,-19.1336873333717,-9.30289109856439,-9.3497570486831,-4.15161576995009,-2.17794028570543
-64.994643286617,-65.749830552944,-9.60666418873123,-8.04031746725845,-17.4602619323524,-7.89076677525856,-5.37026914751732,1.09670507466602,-8.3844589719483
-73.4214816156493,-68.3639739177685,-15.4564390508966,-15.8608042021373,-17.4153233109944,-11.992392682485,-6.66862887158123,-3.5523455895671,-6.78590834993661
-57.3110650441058,-60.5146975913124,-10.7805466168218,-15.8143306936361,-13.068669714028,-4.50338708138535,1.91038329097675,4.22496118517491,-11.8569532747569
-50.2361832782239,-52.7641878669276,-20.3214623118969,-12.0048586274377,-4.26563870706525,0.648238747553811,3.55076253458398,2.7506916796005,-13.2844658883865
-61.3881971154932,-61.9242398904412,-24.0084790577218,-19.4629628792638,-11.515880154214,-2.22643061500286,0.18576187226273,-7.16516535518482,-5.19184094083192
-76.0461264563674,-70.4874684384113,-29.8218231978273,-30.3058073323119,-18.0482170387235,-9.15178677969175,-10.0572284987423,-5.60352439728702,-6.2330856136432
-71.0727020121057,-80.9607780271455,-40.6525984435571,-32.4458111088441,-17.0567489579994,-7.27991683426118,-15.1806620225985,-1.77650179253258,-7.29740495691121
-69.4846537625097,-75.6826836972673,-46.2743921039942,-27.7221243640586,-15.9046850552543,-13.4519439879553,-8.86086537231478,-1.28516743586463,-3.1686364038929
-57.8130015661022,-68.1842942326586,-39.2571228466095,-28.0011283717401,-10.0050582181454,-15.319591840705,-1.89926364016615,1.14977189381632,-8.49780648424657
-61.2083102915658,-59.8625121565188,-31.0463187200854,-28.4553116836064,-9.02013691577201,-5.47615415419235,1.86399954234282,1.98222764630728,-8.62683777959992
-73.388410400505,-75.786451652312,-34.346303422719,-36.7326369800257,-12.4142284120294,-6.6474253252703,-3.4563150286075,-6.77620996477511,0.600146600696351
-84.041984572818,-79.4416030854364,-33.5981386769515,-35.8786786283223,-20.8298398591431,-7.87184539280624,-7.74188815293033,-2.94499874234929,4.60666974092396
-85.3075680125202,-68.2879239032124,-29.2207396266298,-32.4762959726019,-20.4784504222518,-3.27232446824728,-6.58631517972378,3.03350575705532,-1.51776912836251
-88.7218684554626,-76.4114939351739,-27.5489810454251,-31.4052749635898,-17.6028787991538,-9.28699756556497,-4.42131672106052,-4.60735433255021,-3.63145417627861
-78.7648433750026,-66.3444080389006,-15.3202412504957,-28.7278001544337,-9.30932654381535,-9.44132562556086,0.436170878811284,1.8438132604295,-12.315044764906
-64.9862622766671,-56.8848004614661,-12.5754562796323,-25.1443346438565,-4.16078449231143,0.596566328157018,0.41946860563373,3.0172391983039,-9.44234457144881
-63.5437800253478,-50.5062041949074,-22.0430511514204,-20.7105393667062,-1.81291734920325,4.4038011651964,5.75534883254936,0.99788100569574,-12.5812155913898
-55.9951500141888,-69.1184892810154,-24.0667646982948,-21.5421922967779,-6.08363645744653,-1.54116038490312,1.10775739751825,-2.996672084204,-12.3948094832701
-75.4150533364221,-79.2291315043408,-35.6967931958831,-24.7515195640423,-15.6986685199281,-3.76829819858578,-9.00651950888572,-6.90174405136182,-9.12896713770394
-84.4107006854532,-88.7489289794364,-46.6477056359482,-36.0701875476009,-16.8911843107388,-14.0446496572734,-18.7779655369383,-7.87676123381568,2.96434691546077
-73.2938481309717,-75.4098452254568,-30.8431580711851,-23.3949823992848,-6.62792646812314,-10.4268871877968,-8.29468626026709,6.09375873051349,-9.79102642901045
-95.6374492859926,-95.0025213743782,-21.9875306576203,-32.1326242922961,-12.7753455428978,-14.3918903431361,-3.89323125587366,-2.5569028354001,-8.02484699841841
-95.7736524689031,-103.579084998115,-48.9104315868828,-39.6437994722955,-10.802629099133,-14.1484875612514,1.01771579344139,-2.77751601960044,0.23440444779495
-113.593847685295,-107.707388726017,-49.3186687789452,-34.2941772735826,-16.3379888437703,-10.0460695230985,-8.63060011775346,-3.05976898471026,3.49072236283846
-117.033043237058,-93.7785328756516,-31.0547484483894,-21.0724316077806,-14.2072050206303,2.8790032708066,-0.844862059799122,4.79352310946223,-3.09513077447615
-131.054773393126,-92.4848402262043,-41.3182034971229,-27.505621039722,-23.6461501297639,-10.853716699598,-5.16887895098701,-7.18440107279788,7.50896579063098
-127.179384937447,-97.3246772666102,-44.008872053033,-26.6273737726163,-20.753999900314,-8.72501619897323,-2.64603997408164,-0.587524298459855,-0.175696555849071
-119.519948293084,-86.5708913567189,-41.8244315177155,-20.8096832951407,-6.52917327692578,0.233856278277221,-1.67812444914507,5.69128620953053,-8.15324049591633
-117.43498609987,-80.7057981724555,-48.0504627511701,-23.0272958674971,1.42989525049559,3.37298096210015,5.31078814324758,0.182989055846846,-7.72835509260888
-124.238773928082,-95.7361798556861,-49.4454052119983,-17.1518874112946,-6.7266980738267,-3.19398890810424,4.28528832965592,-1.67690381060289,-9.56049853897073
-109.622630638935,-85.8195540704039,-42.3471798121795,-9.94526703923488,-0.540415970501808,6.98450193005704,1.94734113037967,3.3876822031457,-19.3956328858674
-135.037011147033,-106.493490282233,-59.6952977743381,-22.8308222341501,-5.97296251451112,-0.176005791963646,-6.41609766449052,-8.33094081961279,-14.4468300233426
-135.262996276725,-112.515193776629,-70.8401038934452,-20.3564619931676,-5.39746919661706,-8.87700397917013,-7.27765907084458,-2.5000959606945,-2.82060468032295
-138.487843635786,-109.151120292388,-68.8021611314159,-21.8293341808359,-9.9926902907993,-8.37565549022723,-10.3257587795964,0.642618782774505,-7.95105672969966
-149.730314259716,-116.247741629192,-74.2822666789751,-30.3136003376017,-6.45465455168867,-10.5711535164647,-5.6469160875127,-3.73669704202878,-2.33156180353162
-181.1693649262,-118.654801472428,-95.1359851327687,-42.6846788892463,-14.7235624173546,-24.0627568707337,-11.7286730281262,-8.40070047532254,14.2110717987206
-186.983768010213,-123.020973919387,-98.9020609155572,-41.3933977749407,-24.1583074958964,-16.8863760714937,-14.7729345248951,-2.06456319533102,20.1794637971913
-161.347552746783,-90.2676014614397,-70.886409268951,-19.3522267206478,-12.2425199960502,-2.90247193969916,0.162601626016262,9.76268062275764,12.8527698232448
-162.685752955475,-95.8775273450447,-81.7326814716606,-16.0534747541708,-15.7952159982322,-8.63785769528228,3.39119986741797,-4.89517732847198,13.9521876035797
-148.801663493607,-105.202468235644,-81.9128826237831,-20.8260758023791,-17.1804323463091,-2.38722134456731,7.45804134429727,2.23194393810507,12.8468424676955
-136.029839724133,-92.550082297058,-68.1075431668409,-9.21288965935902,-0.272237416060139,12.4428144967989,4.93281681238148,7.30034358239405,14.5769055054541
-124.541083916084,-77.5665306915307,-57.4033605283605,-3.06915306915308,5.11242229992229,16.7911081973582,12.0920745920746,3.00420066045066,18.5703185703186
-119.977950055125,-71.196822007945,-52.0839531234505,3.89549026127435,8.22731276505142,11.3889715275712,13.59571601071,3.9042402393994,12.7913013550799
-122.143242375213,-69.2154331872913,-49.8100241787409,-4.86301743414475,8.09775725513723,12.2438962313887,3.1717175389799,-3.88314214554511,9.79754091903455
-125.173047125055,-66.7073484454176,-47.6090481062034,3.41248332346202,16.300231527182,11.3843171742915,1.44480140711094,1.27429689322828,5.42623137163403
-107.821760005244,-45.7430945111127,-35.0914086268769,12.330742466367,25.1279502291361,12.72237667892,6.36337318862349,8.70006936896094,-0.899065430770325
-86.8549311926606,-44.8891096002621,-23.3648017693316,12.8696346657929,22.2308117627785,15.6618610747051,15.5159526539974,6.27099033420708,-9.72466825032766
-96.1904663394654,-43.2231571652436,-21.8300863170198,11.8201047802769,25.104340675538,11.3406807097752,13.5531684914433,-1.01935797514442,-6.3664620365438
-112.003488070468,-44.6616516455193,-24.8293218683253,7.4502315261964,18.2500041393241,8.92327900700374,-1.04310968105127,-6.71563947038727,2.3875621588507
-114.060753258692,-47.7037356501211,-29.7717071177669,1.50436100124276,9.32578977533893,5.14694616419156,-10.8426351002434,-2.81918727052962,8.89791795529477
-106.386379545066,-38.1523758081496,-21.7198635308902,11.6908169958056,9.2028462297377,-0.907221949700442,-6.57212304266589,2.87268578483517,8.16224170906065
-121.235956967783,-44.5980049111624,-30.7650865124509,11.3529515178668,2.78110166559861,-10.7722320836145,-2.75388044211805,-2.89225499481095,6.49169469129431
-118.543803542726,-41.0904350803935,-30.9626781995835,13.1026749959955,8.85184510099587,-6.79933939805685,2.66560616856396,2.60374377923965,6.26025286251636
-117.834137401288,-53.7810958682586,-19.2631323612646,18.2502762579845,9.89893000565992,2.33188690941433,2.20036115677978,2.40843058512789,2.1701749184702
-111.665389966702,-42.9747630288534,-9.17660668782342,27.0952209733144,4.59716207836332,8.17087977655145,8.11251634957609,3.32775754164907,0.533087373176795
-101.84058458434,-38.599790055136,-4.89803405998715,30.1500188542718,0.465751470123628,7.54629488081043,7.74299079707708,2.21206469563091,-4.35941337736061
-104.706571519864,-54.1905421237618,-8.2341037384173,19.1048034934498,-2.96996485248695,6.09596336138034,1.20619874321013,-4.50633720311003,-2.1024603259133
-107.684750573082,-54.5324122444524,-6.87437948653973,24.724375068224,5.8176223223707,5.89143418528856,0.249504888736411,2.39160831890883,-5.33368679859237
-106.221872840177,-51.060192781509,-10.669459378182,21.8522641539298,7.02750328424985,2.12407869537461,-3.53538284592779,-1.49835655610131,-5.29436902833688
-96.4825527150588,-42.4851236756443,-1.82869938421347,17.1761937343203,5.95623146938691,0.530260620762581,2.66633492981693,1.75354025419336,-6.86436109556095
-105.948733796161,-40.6202880327354,-1.67566213962608,12.228337604629,6.04943336512385,-4.55812070095426,-2.50097236356274,-2.79028382359994,1.20413241194116
-107.704860960007,-38.6853213803908,-7.05535488924671,6.74692110187562,1.51497019017363,-2.14761303799121,-3.10555289612255,-2.09702336916315,4.72279037381958
-102.154074236767,-39.638150669888,-3.30221831759279,9.38886448495497,-1.8641555018669,-5.63419723259389,-5.93235229518998,-0.940039534372935,5.84504722161213
-93.715530400098,-33.6796541619779,-6.77526099406149,6.88277829153343,-6.90506166924783,-5.59034238409859,-4.55750782703642,-1.45621873363565,14.345481488084
-100.875440363756,-23.0135629254067,-9.98992659212716,-1.89112927911132,-9.21688993271409,-7.37028400331699,-2.31020530829637,9.73948274998469E-02,13.6976085395785
-85.3753941889053,-17.1295150752578,-5.09405255150121,-2.83289549190037,1.14084455137486,1.18980557734527,4.12062312118644,5.4046655119586,3.05822150389319
-81.3031779506945,-26.5497574202396,-0.675795007116365,-0.437890231359789,6.90858846629416E-02,4.50980188453828,6.75691118568001,1.3334095182688,4.06360056930923
-87.9749954607942,-24.742562187119,5.9466189401603,6.00523954037299,1.67250278836926,5.52226804658522,6.78753923170701,0.13021035976448,1.71659793012217
-76.2975196948216,-19.8599804147971,18.1202102729749,14.1461679747828,6.00856487233079,12.5457353464194,7.45894171696946,6.0860287347082,-8.72272322015815
-81.621005124992,-20.6414316692202,12.3954320510248,11.1898107130445,8.12852129049944,12.0474025052253,5.76573842471352,-0.471871282912293,-12.9191895953361
-88.3145344204009,-19.6234087333211,10.8543288583747,9.92204581213347,6.09125646212632,2.96746970718649,1.52792251578495,-4.36104129630765,-8.05441467949896
-84.3413847666682,-6.25995198091218,15.2468091266216,9.62877551326015,9.09317799507829,3.90492020944707,-2.45586187274444,2.28664699980533,-8.11332904056664
-83.3588339096464,-28.9502942766507,15.9750910370574,5.38521170578455,8.44987096708386,1.68762814039597,-4.191784734335,-2.17417913644848,-6.21704050511542
-94.5317128628845,-31.3050765133198,7.63638692735104,-2.42750316247938,4.09494376924843,-9.55629213303231,-4.48511633120366,-4.65484940193112,2.68850779010745
-109.08431703204,-27.4789207419899,9.24845418774592,-10.3102866779089,-6.77178189994379,-14.8358628442946,-12.6121416526138,-5.31365935919055,7.01742551995503
-106.824861519315,-26.7599686647517,10.825661568207,-4.32859785875803,-6.95875859080277,-8.75997977654189,-8.93665724016467,1.16062648272951,9.07944374378433
-102.150660299973,-25.5629254195119,7.54713906227081,-4.50774922181842,-4.71635077655189,-8.82971268395235,-1.77637261452715,2.22399678405936,3.00896878038711
-108.315568510583,-31.2626438406822,7.27741402188336,-3.07639598877554,-11.6230884688173,-6.62917926518893,3.25422548998281,-0.108220399817277,0.416566966130826
-97.9058163106191,-31.2069234367691,12.8385051198087,-0.277561203804767,-6.18691200166329,2.6181194448776,6.44576121420032,4.42122771453819,-3.73564114558969
-101.04735692075,-31.6313345659299,8.83162450626102,1.41661063954954,-2.82166568619212,6.55727372048071,3.30962685939995,-1.05365997142618,-5.96846373644844
-94.9712475360488,-25.8446195455634,18.3918993943901,6.36628958238893,-2.04043171990159,8.32369824429152,6.33980369885551,3.02906825717793,-12.8313918841141
-105.509909187752,-34.9352923184019,17.565472360802,3.95629199143559,-3.4025587748257,2.92107455885921,-1.45974623197731,-3.53809157165307,-10.2672685658837
-113.894936366098,-44.6233414568102,14.7982669916057,2.785810993772,-1.46385052802599,0.414838884375851,-3.10533441646358,-2.69266179258056,-9.74871378283239
-112.267079906913,-43.3929256005572,18.1125575719616,2.98159317073698,3.94324066024848,-3.88060668563685,-6.00854197826169,0.298591275519294,-9.51010512788669
-120.881349115467,-47.6435725417688,21.8499505644589,-6.10319459728188,-0.540718686634532,-6.34730003742577,-5.92165164980645,-3.45322615782506,-3.83474564436575
-130.919895523522,-59.5223765477185,19.9042883270324,-12.4898474339572,-7.56344258176101,-14.720198201462,-7.89475221895651,-4.60561298126084,2.32734794523749
-133.244785575335,-60.2352000846297,10.7244656279936,-13.2892161760298,-8.069796007123,-11.442055091594,-8.84498069384613,-0.579478469377568,1.52451029367687
-144.68133622164,-55.7675113562037,13.101188726005,-23.1672557291073,-15.4462373011539,-10.8017449849684,-7.42398694261592,-2.10262287802507,4.64509237979226
-144.602899934364,-57.0368160391431,11.6164448952802,-21.9004713885077,-13.6010501819918,-10.5095769437317,-2.11766811862283,0.561489349006509,4.51816934184616
-131.594019377774,-56.5167638653315,7.18476265712494,-13.7084969446316,-14.0424963405284,-3.98766235274984,1.16347963474988,2.65224563767745,2.00167290132206
-119.139799682507,-53.3867817864118,5.93072258197143,-14.3985335937232,-8.27994198330307,2.27441440824111,4.83834127065703,1.69367640844669,3.29598793983623
-128.852599466271,-50.1039091851089,0.762965492888448,-13.5035630141189,-6.89042356741361,1.50161797310518,2.98529062733361,-1.37484297845983,6.09446184304213
-118.673089053271,-49.5016916107575,5.37244108033718,-7.43333906760708,-6.20047021044784,4.43890131314869,1.28103675669477,0.942141177819833,4.76919548139227
-111.61781664973,-41.1367762414222,4.57348054943423,-1.56312442196367,-2.20310341284069,4.32285541384546,2.28360032427047E-02,0.440734862584339,4.02712917185235
-108.817097755151,-40.5052334255874,-4.25792416942859,-2.49826311773215,2.54154280702953,1.96239222787896,1.62583569663215,0.250566622248043,-0.28587373720117
-106.847656638694,-36.7231638418079,-7.979258571318,-1.76291087598261,5.9377314891594,3.19081893263458,3.59547580350924,2.92547016484793,-7.75868740809536
-103.924157686537,-31.477833856227,-5.50102305278952,-0.332287546037371,9.07161369526668,5.74437320965762,4.42668121675079,1.2991406356568,-7.40417405538126
-101.214512853914,-28.9315680296869,0.830838446255471,-5.29974221020542,8.27390302506198,4.5520970734564,3.88873989502318,-0.310880261839999,-11.0625208667429
-96.7730605435307,-24.1257628309259,3.29005136760768,-4.48259208851033,5.52092022654433,3.87122974930852,0.725512578478291,-0.26946042059972,-9.91131404486983
-114.528840662479,-30.6025128498001,-3.61679040548258,-12.1250713877784,-1.25642490005727E-02,-0.28669331810394,-4.66876070816676,-4.06396344945746,-4.96858937749795E-02
-127.164851761068,-32.3512666382994,-5.67784776368071,-13.6420570661457,-3.52872784806334,-8.41129336745397,-9.49783949322482,-4.93890050881283,4.94549290119202
-119.094899973483,-35.8722489025073,-6.68336230517663,-8.80645826581421,-2.7606729324416,-7.99622874988952,-7.37220470817007,1.67702778350668,-0.666450605462417
-127.771931444044,-45.9146435274931,-14.1665897412228,-13.9745838333487,-7.79531677897781,-12.438536570356,-7.75716175882335,-4.4370596018339,6.43712114218898
-120.6498696362,-34.780940081386,-16.9016057896148,-9.05541070688857,-6.97263578547236,-11.0017300616487,-1.64660444942615,1.01184239382051,1.54182606788664
-104.704221972082,-19.7116785610212,-12.1299560604069,2.21354985058253,-3.36032180466594,-4.97105929273763E-02,3.03291755469595,6.20353916566199,-3.09919834526578
-103.979190342126,-17.5562928656681,-7.23483961601499,2.83134697420493,-4.66218569935641,4.71243953834996,7.2045730993484,5.59645025155353E-02,-4.26301031916898
-120.980103693333,-20.5654490016254,-14.122581180965,1.14193173324475,-8.38385516153143,-0.67092196898691,2.62080747920795,-3.87782220271216,-3.31071220947477
-106.447341794108,-18.8783209505363,-9.58977768783788,3.10196293833655,-5.35457199849673,6.04781590587146,-1.18990488855484,2.53302882252609,-7.20938972565118
-107.452890747329,-25.8430471482479,-15.7402796858783,-3.2809997180344,-5.0471842435223,1.51841475340008,-5.05378343842051,-3.76034123836892,-2.34031448163324
-97.733343554122,-15.8400603812747,-10.6716827152704,-3.26259368237326,1.60977421884675,-3.1983206457966,0.598505799314819,1.71119589124296,-1.32673699355501
-105.991195733868,-13.8303329635064,-9.65486799565751,-3.04272097157105,-1.22818319554298,-4.45283514071316,-3.1667919306157,-1.15898977607578,0.400844636913498
-110.090003865197,-20.7426085782825,-11.7348597792543,-6.99232482376544,0.305534593510152,-3.42407342646616,-2.26635499684034,-2.85472382249544,2.46022835336486
-106.369402938574,-17.2276709494909,-11.8515010655135,-9.14472290417856,-2.28680383335618,-7.76952506760715,-5.6721458569595,-1.56213003003378,4.9069700783869
-103.88116914231,-17.7423119924318,-10.3786566412345,-7.87291290405809,-7.51108817711598,-2.39639772462005,-2.9855147248535,1.41289791505412,6.24562308798054
-90.5288067933954,-18.1021758227311,-13.5102994520106,-8.10032329582464,-4.64446423129096,-1.34457598049468,2.59712320499107,2.72082419519659,4.66478226832955
-84.206680212455,-18.5987238441521,-14.3751708076379,-8.88615596668211,-0.152093061942273,0.399244287598476,4.65309711379651,0.581637139224561,2.53805297116173
-79.9039538211888,-16.0548014107531,-15.4260701903559,-9.40342389058879,-3.56400783219463,2.40115447027897,2.52510433944301,-0.787411004592737,1.96463536583175
-94.6870118376584,-7.68645945319879,-21.9148140008672,-8.22934052423068,0.994292027250967,4.67744905292794,0.607028943757747,0.806600103349346,0.75789523702045
-87.8811006458402,2.82677952969881,-18.1205298549317,-1.24137771533307,1.94503709100159,5.87847565523582,2.67991882187646,2.65505657606402,-5.97445548790712
-81.1179308572897,-2.1839047646236,-11.7679636872306,4.73093722344344,4.28159524965029,4.45687858631419,4.64871963230467,1.25153444289018,-6.99591766821776
-81.8940842459007,-1.1113042470595,-16.0768294802712,1.67159163335072,5.5605770902138,2.47523031461846,2.45031577727564,-1.48038704444058,-6.28367808100122
-99.8396795940899,0.288929083178681,-15.1452866975171,4.57412322942848,5.75391698574147,1.92678114209203,-1.56738155082098,-1.35420826384159,-2.91101923844871
-103.76509841603,2.88026786609053,-10.4434763642366,3.23101681826488,4.03862364932179,0.752194391553729,-3.24693315727112,-0.381402642112277,-3.91541939553281
-110.429221497971,-6.41126552699545,-9.39613823637929,-7.62083384577543,-2.90185709014882,-6.3540769893002,-6.13085721313492,-4.31496740868281,-3.33107858811955
-105.857869017509,0.887090833190092,-10.4959114014193,-7.50128919775065,-3.33104142622105,-7.52216192323748,-4.5379760823122,0.166981803894607,-2.88166392456352
-92.1302049522396,0.767257102228822,-13.8106278401187,-4.22207796222449,-3.25079600605892,-6.70499860892145,-4.87928529475408,-0.709140931713501,-6.23635970200007
-91.5682253957309,-2.94144332141756,-11.2244219032584,-4.61388641903621,-1.8351509432821,-2.99830033811779,1.63736110859085,2.16661525340688,-7.09382012617419
-94.8065891591767,-4.60566275039111,-18.0342955305378,-2.26510015644651,-6.10938985858461,-4.07497162489646,6.31921224577424E-02,-1.43071873370348,-9.15426853584466
-95.993079012487,-6.67099228386227,-21.1071035540034,-7.87898449775132,-11.4132681946273,-3.44586299243654,-2.88925783859087,-3.68440805837039,-3.60171243551331
-107.480499121354,-9.71693700299625,-24.1046030923273,-5.9722626076183,-9.09746014488173,-2.96716772651993,-4.50637808316161,0.628958646759127,-5.37301356527895
-112.667317253294,-5.6469160875127,-25.0326392277361,-7.47405346239566,-12.2815809255034,-6.65114929644332,-7.47537221907187,-4.31233433119256,4.15672104340028
-115.397235659086,-1.76758963274501,-20.2156264038177,-4.48375314943456,-10.4414742283478,-7.63546637673422,-2.34636944250939,1.263680102084,2.75652836281486
-124.341207774491,-6.24755189972581,-25.0746248497373,-9.93557275416345,-9.82346664505585,-10.076718397558,-6.83712197955077,-3.73124248686468,3.07683995839917
-117.133976943533,-7.72068285150451E-02,-18.1337063896899,-10.4249015118021,-7.49038214080678,-3.73628259019011,-7.72068285150451E-02,2.28782969625382,-1.03272381731677
-119.079079212815,6.54183756630016,-14.3228366444442,-12.4383759302062,-8.04753570521984,-5.67809857179121,-2.60591323865382,-1.23114537268367,-2.87779395850311
-93.6598675630848,13.2228004203543,-7.71767893544018,-5.72352844354972,-4.66251376913436,3.99083323837378,6.25973335359136,5.23163798888339,-6.95863562122535
-93.6895326072494,3.75586854460094,-5.5856506560732,-6.67034143683513,-3.2705454499376,2.68258222298251,3.98649205172555,-0.081731957195261,-9.77045358068338
-89.3638210050449,5.11957020245036,-9.80148070497282,-13.3152067090349,-2.9961344427701,2.98499639651444,1.92098538950403,-3.40889733342069,-7.27248902574854
-89.1382621219395,1.23619779164666,-14.7890329119326,-16.7820184562863,-5.48221048701126,-1.04350029338028,-5.3248519763162,-1.76961647196885,-9.2061396490105
-109.058394662632,-9.90233165967397,-20.4498246096705,-18.7083018089277,-4.31116307861612,-2.96306486003163,-8.55836027237085,-3.15427470940229,-6.85260334273335
-109.342042593727,-12.0881812614819,-17.5389535279309,-15.8631013131932,-4.51044430836225,-7.47907736272708,-3.85112608015241,1.07504932979519,-7.09736680955297
-105.401230233407,-20.3753897143499,-22.4545684352442,-19.1170687863382,-3.97578855714407,-10.8284414234756,-5.31135016712076,-3.20057298542259,-4.12395022891328
-107.363103228997,-16.5978944393415,-23.7631597541157,-14.9014343248781,-7.07341199745638,-7.84286017098848,-2.72733696036177,-0.623189429802864,-11.4887303045291
-105.069435774662,-22.7526088904229,-28.9588672899118,-19.6248779090689,-9.93544786258252,-10.1396059308653,-7.93205501986502,-3.93701943907937,-10.0646990137256
-105.758822096037,-35.1864842313571,-33.5730688858204,-19.4333478553021,-16.6399610122058,-7.35673093253193,-5.15776026937021,-0.547896652809268,-10.7836694307634
-95.4203560887365,-43.0565625938376,-34.2290481107962,-21.0840858655769,-15.5955441302485,-7.63957550589941,-3.65536586616277,0.814419323416761,-14.5833791078007
-107.273379766953,-41.613018990911,-33.8130497513531,-19.3761489391309,-11.7849112707724,-4.30133514966418,0.270984846820326,0,-17.463142398875
-121.068092919294,-44.6387802346931,-45.458609403688,-25.4913387083899,-19.7222000478965,-12.9799632793167,-8.10808653308852,-8.9957691386605,-4.92376466831644
-114.031062189705,-43.8961654037105,-42.9807943558923,-29.179187353018,-18.7206036059577,-11.1910438986151,-11.4931735040502,-2.29128560229945,-3.01068068983539
-115.426698559049,-50.164289911689,-38.1020170000745,-25.520803158339,-21.6407472087268,-12.0871026211897,-13.0074571894424,-1.35818511376146,-2.98949703284972
-114.919358296106,-51.1939773808809,-45.5109022782032,-31.7010640760716,-22.108945612937,-17.0732334708087,-7.41080538811768,-3.59779467876221,-1.88635564663414
-126.251386485647,-60.6522028483961,-44.1900705443897,-31.3935844536137,-25.586760725853,-21.1579928124584,-8.66853010337637,-3.48906340121566,3.67540707218597
-114.471629359708,-55.7614481704757,-37.8280801329952,-27.2363184497322,-14.3297341774278,-5.1787543450152,-1.44497993316653,5.3794226797199,-3.33999429060805
-140.187073254923,-61.5641075292355,-47.3458666240097,-26.0328178014262,-14.0178654116538,-3.10413632268875,1.81011475285619,-0.273621997524773,-2.39103530144726
-134.082125397787,-67.4262654529012,-49.3980940355427,-34.7672146812159,-16.4899198880651,-3.08162203206185,3.85288070232315,-1.33605207702349,6.59494416053102
-137.698270513078,-64.1046256565321,-47.320125494857,-37.9333548900172,-19.3241105683099,-1.92262315712201,-4.08557420888427,-2.43299221337621,10.1715504207923
-147.814476578481,-64.65759990414,-48.0310175714885,-30.6349872043959,-7.21774780249409,3.54510985389901,-1.66043291080737,2.0627027397143,8.84651266294069
-158.235467843369,-64.6407352072548,-44.7890969736979,-30.273444286161,-6.37573399117474,-3.45540460720614,-1.81282790729995,-1.48796080747714,11.1523227129009
-146.962574501669,-66.4041677807775,-46.2768572586836,-25.4043144121376,-4.21435779776949,-2.44960625167117,1.302431492966,0.701242916411489,7.34795621760094
-120.014246724454,-50.2205040779248,-34.1801330227867,-17.631522078421,6.65434084888068,6.18692022634685,6.4862615154353,7.20660151591553,4.4236879807269
-109.355417003792,-45.8220297304586,-29.2917995335776,-12.9662240413751,10.6063490552568,9.23246553392668,8.67958053717894,0.892389700633002,10.2493931750036
-100.473370919928,-43.2064982346882,-26.1950256736886,-11.2893460089799,6.34647291484828,8.12751134281649,8.83520873141313,0.870467787973857,9.60188090239279
-98.736353477177,-40.2796120753655,-27.2133351046787,-6.41279119745551,7.17863757492401,10.0333690207326,2.3616201558263,0.617365957347053,7.75927416518837
-92.8095069743524,-44.3731117824773,-34.456354052838,-8.81516359195218,5.82133444751559,6.844989393842,-1.2936298772257,-2.81786334126118,12.8760365108954
-69.4147223840329,-45.5889566790324,-29.0109452126192,-4.65324830609805,12.2949688812582,4.23628782536714,2.52552350001533,4.60802648925408,0.775669129594988
-60.0754027355077,-38.5122349572262,-20.1572808967745,1.76131580651426,15.9367422852497,9.29655291502081,7.93167706332245,6.12935022699964,-4.2838538856152
-74.7876370315101,-38.2977960167595,-20.7893301957183,10.1259828961717,17.4051541066406,8.7606898926706,10.709981059519,0.284824657062506,-3.31817138265511
-74.3828503466481,-48.853450526499,-25.4264206770516,11.1884663359731,15.9218808922925,7.20056275926087,5.38392365039306,-1.08200620775678,0.300960171728589
-75.1275973263288,-45.4239363330273,-24.6752229838911,13.9933514140702,11.0619941486749,11.4072365657989,1.06348901274906,1.8429538514105,-1.47706807326258
-87.4520839671433,-48.8865226650441,-31.2671128688774,11.2967751749315,4.11773653787647,0.769698813507749,-6.01156069364162,-6.84590812290843,8.35792515972012
-76.0239940465899,-50.5919583862651,-28.0013229800125,15.2879360760112,4.40492208700096,-4.47558124675832,-3.65247720490406,1.16737952237415,11.17918110544
-57.9694120615321,-45.4997439874146,-25.8817592888045,11.6185189857449,5.04307690024413,-3.43205277569587,-4.24609859081768,1.28080499261645,7.96310450507945
-82.8092576659171,-35.4616902976711,-17.5790090161742,14.12076033751,10.0146774928239,0.300057119307039,4.93612036990174,2.56530761277448,-0.613851793473939
-77.7408493851423,-28.5348901059203,-17.6914295623022,15.3136424721472,5.7353004927532,-1.49921246188749,3.88205713625132,0.071528690952705,-3.02010028466974
-59.1819974871726,-26.3355536994013,-13.5299609037756,19.68287838056,2.44404045792419,7.71325691904906,5.41170359867762,2.85184847229924,-4.20512532550941
-54.2571245055948,-24.4602954599236,-11.779182583415,21.0053750718367,5.76113045535986,10.0551029376965,6.48930056455157,3.67533213887292,-3.71184206078225
-58.8700254313011,-26.3894425733727,-12.0317547597773,20.8715375627191,5.2223520516874,7.37576465736478,4.86906316585333,-1.65990789744999,-2.00151213141797
-75.5961821065344,-39.9627522588718,-14.3643876675057,15.6564186878901,-2.19921721544035,-0.617643207379709,-3.64547716393372,-5.84323938948626,7.68452909252282
-88.0626704215279,-41.838391965789,-17.8594311087271,6.91743775423539,2.04580334659455,-3.1141507606574,-10.1910211136441,-2.40787924843174,13.4720545944899
-83.6230015094008,-43.8554199211595,-11.1226717859289,7.62906842128401,2.52421635721509,-4.38971848942687,-6.60326206421549,1.65008279722739,11.7154413165492
-73.4873433275989,-33.1474914861496,-7.85310536109258,10.702524312748,5.37583821928871,-3.85493101148052,3.48067268195065,4.16880244356283,6.07028753993609
-79.4575600723814,-29.5080587467912,-3.85473214661449,10.2505295347108,2.99555331117003,-2.04239083168512,5.85784623153642,0.114323387899948,6.25482192203566
-80.4115632241371,-25.1194087325447,-2.37804095364847,15.9200383729336,6.49569993446876,7.13614960039455,7.7982178204444,3.67718094054222,3.27926442869593
-74.3613312410954,-17.5380312391257,1.71427821074263,14.3399273844618,6.46055059123229,11.8725748314282,6.49600483228173,2.81532936333374,3.7863816320769
-73.3575134291355,-12.2465845068113,-3.6040585831688,8.84125745243234,2.99212288560804,10.4868594515535,6.48599369043794,0.103628982009232,4.01529511304086
-80.7262015093341,-12.639348603204,-4.48364888123924,7.72937905468026,3.68727657884283,5.72289156626505,2.01178339732556,-0.931417979610762,4.76499404210248
-79.9684480118287,-10.0022442836775,-0.748534614775302,8.9797750435655,9.26625125415853,5.88662406928236,-0.536647832285993,0.28779637746212,4.43444051328088
-69.8021259198692,-9.6255110384301,1.89632052330335,8.10727718724448,12.1988552739166,3.17514309076042,0.266884709730167,0.902044153720357,5.81062959934587
-66.4882714643589,-8.90710797337989,8.02525367544725,16.8248184417622,13.6630481540525,3.64824514790354,4.43837141628078,3.29018952908727,-1.96487765378678
-69.9064878396358,-10.4250610067533,7.32648544350491,16.1146107233163,10.1986896947455,3.86029295852802,4.47256745423706,0.323477668690774,-2.13633984702597
-69.7317039264998,-9.1553033653907,10.0127639676983,14.8485384625106,9.90787195592008,4.54826928180566,3.40140782772434,-0.209152143967456,-0.322890469992032
-63.8919438229234,-10.2241268155789,10.5452109168595,12.582325205102,6.44253985108777,4.24614762283995,8.72236338124382E-02,-2.78104339691701E-02,2.37083949587268
-61.1765724106381,-8.28645260203514,15.8193103277736,14.436380271764,5.84144215432931,5.49153674006849,1.95909939539311,2.19092718752704,-0.476637940627359
-59.5263599406337,-13.313544557011,12.6108279021746,8.06672259146932,1.61515131961025,-2.00425888881719,-2.12170097438213,-4.3802026198619,0.472994773181902
-58.9744911437426,-16.5546613746045,12.0244070592329,4.70100063788249,2.66815291138589,-2.18297562515706,-1.94135347066063,0.148839247169796,3.04701644963628
-56.785232048787,-16.1828751101447,13.4443127286097,7.77003683112832,3.96267440902204,-0.323936429852859,-2.54267910007797,1.61397681096947,1.17783539465092
-48.7765875343438,-12.8064705337573,22.6561294106751,15.1310468311055,5.61232365017134,2.31593245454265,4.31883431605594,2.60426635384188,-3.21736177569229
-46.3267220334561,-13.186779056694,23.9292613689304,16.6230813668184,1.80822053954667,-0.478920658189794,3.59407902501444,-0.607502469143484,1.51565033201439
-45.2618125533869,-12.4576918877607,22.4016236039126,12.3472251658606,-1.85352883374117,0.470768064841392,-1.31275569513754,-3.39364045651015,10.5251665028933
-42.990683423998,-4.332520477709,27.0762208466204,10.9516663540299,1.04545738760708,2.95691865191021,-1.27243168886389,2.64303132620521,7.4201213030701
-38.3665925252968,-6.32812255255161,29.391309796059,10.6682121487422,0.871526581247446,1.16412393095454,-0.865887660161019,-0.203627705898938,4.8776667397638
-47.0980006889776,-3.66242647715529,24.0198017275476,5.57114969952919,-3.19226303634995,-3.32431708281767,0.670477308394044,-1.81877336463503,4.96446661648187
-45.0825139052911,-0.446070722707996,27.3210668983705,6.80303744179359,5.17478751981006,1.49302134898151,2.13979330220833,4.08316863186622,1.6521137878074
-28.5662817927724,-1.69793888117333,31.8901046539331,11.4032692005974,9.81457484702861,9.52286871480787,7.25546367910002,5.03454567641539,-2.9612240035795
-21.9526534223531,-1.92902087929358,33.3940639242827,12.0706415129484,8.17825689622054,6.90757114501418,8.75626466119898,-0.171132208362198,-6.75564765391712
-22.9786725610849,-0.707330186988465,30.2007288368481,9.49519087161718,3.24093434494295,4.6508154608997,2.3675249417528,-2.63277376187347,-4.07610968397156
-23.5243350999174,-5.11681334176108,30.0311178100841,7.0872028006029,2.15697476540089,4.72966402489424,-4.59170029659164,-1.73457480429816,-0.305100403559098
-23.7643489619388,-0.337091502284391,30.2118258922391,4.84629229444943,6.27471753537956,1.62526260029977,-3.41305146062952,0.957701035954425,-0.216099730928742
-25.610946435522,-1.5533399203569,25.1827899038893,5.03368364322285,4.23066558879009,-3.05158837090931,-0.236534027964912,0.519776041198842,-2.47073265666637
-22.6361031518625,-4.65381950296833,21.3026949079536,1.20668452035384,0.365813310360765,-7.24510116048966,-2.71238708791379,-4.24742963087814,-2.78105511545594
-18.848829460599,-1.51089576313937,20.797548686841,1.46543187579017,2.3747096227743,-4.24931648470732,-3.46272895426831,0.234170159497281,-1.70645275803871
-19.9763463672166,2.16296621432142,21.9899533023641,1.38751722203933,0.370045234524546,-0.306034114878622,-1.80511357401515,2.11358620773741,-3.84249606788836
-13.4923507552724,1.7988996670045,24.9215771439602,6.51392307321075,-3.81436706722649,-0.216567733217504,3.36434052410598,1.04604024902274,-4.03214130592154
-17.6823090950396,-2.74453702055026,19.8939024614875,4.70807827149427,-5.48170615648159,-2.53332432814102,1.41340586606414,-1.77995812585575,-1.36367264488638
-26.9012944983819,-8.07905686546464,10.7547387887194,-1.29128782041404,-7.48317665793395,-2.8606102635229,-5.32824780397596,-4.58018698309961,4.09475008989573
-26.4821608470034,-5.81396085587384,11.6855797803925,-2.62185811046273,-4.25085695096529,-1.73607811084289,-5.03145849569466,1.3248683685301,-7.72998282930061E-02
-22.8769233695342,-6.73932201025797,12.577743119615,-2.06427398545625,-5.32298660377478,-3.99604389752173,-3.25744463675499,-6.08631150503095E-02,2.09724150610851
-13.966206532398,-8.71803575469564,11.693822131704,2.12529229840838,-4.97284453496267,-4.20155389605492,2.10454854039376,0.850494078599983,4.76603555354405
-4.61630396892586,-9.02407748618097,18.1564663114387,0.446939893431606,0.284472884816489,-1.38252577062896,1.75601314675564,0.973557093770237,4.2670932722474
-10.3983024186833,-6.46277596491336,17.9381049021362,1.54706901975783,0.953655783311643,3.9336758927415,2.70305280884322,0.903690635544348,1.7703700505203
-10.6547034019213,-7.97628483561079,14.5499508576139,0.60302463460258,-4.0131891823341,-7.73596271519627E-02,-0.874417424938966,-2.79509210234299,5.67705526140579
-5.43532933016226,-5.33907935344853,14.115835294556,-1.48287060898291,-2.93655574115587,2.0541607933482,0.242798328355248,2.07030595073244,2.69313644520892
1.14900459601839,2.42760971043884,16.9560678242713,-3.25501302005208,2.27820911283645,4.5492181968728,2.73181092724371,3.37621350485402,-0.598802395209582
-3.30919446218874,2.7527865172564,14.9454039629141,-2.56353617547149,7.02494880688705,4.09246401556987,5.84944747258258,0.499692542820122,-2.4393592950574
2.14325112284295,1.96262645242236,10.351369535043,-1.45893819363208,4.33741658231454,1.73957316814459,2.39054932932483,-1.52743009885867,-2.79240891485789
3.69259201478477,0.798641529359523,12.7014604759447,1.27326620984291,5.35647853688392,5.3720793481261,-4.80024961298915E-03,1.00505226271766,-3.24736886318088
-2.91094233746131,1.43974941950464,16.8815305727554,-0.454116679566563,3.8046633126935,2.62250870743033,-1.28616002321981,-0.775203173374609,-5.73118227554179
-2.91788396069246,5.10961682400947,18.9789216988193,-0.800999589540526,3.03015669894005,-0.602409638554218,0.413477557524696,0.176256126711258,-3.28126131781636
-2.61478303970823,3.1936701811929,16.4848210406506,1.97409082286421,0.797958596718821,-2.50035186057753,-1.98326979445222,-1.37745766964269,-5.25955071993734
-8.22691674564773,5.43597545767447,11.1993066294209,-0.119095126452841,1.66546116625929,-2.87262433281787,-3.11767346735172,-1.89616900284332,-6.35880680401058
0.635054512980167,4.74244322339779,11.5773414534314,-1.72903513885615,0.12837527752626,-3.35636232836783,-2.74239360976396,0.539548267864012,-3.92257792441363
-0.266841139719565,5.01866605087942,5.05266263839177,-6.33106261786553,-6.90708027043324,-6.07961615928363,-4.82302531142157,-3.43044811351012,0.394488704152721
1.81424434569873,5.42401018523141,4.94470517749264,-1.64573867891558,-4.5377951969644,-3.39258075790105,-8.98696889510244E-02,2.70482799940086,-2.74976284387638
2.04363720918216,3.30960716177288,1.52110165221997,-0.590355375850969,-6.5630207593236,-5.55153660332511,-4.14928110991978,-3.49433543036519,1.07478265362803
6.84054921493162,-5.18318262328703,-0.587303067027124,-5.09328929670125,-10.973644608398,-6.79060847793951,-3.80881354126437,-3.092330434551,1.1686132456152
11.5194195751383,-1.87966770160275,2.21080421634252,-1.81382769282408,-6.74860089981345,-4.08272603455955,-3.42819888846573,3.06156040820806,-0.662918519761684
2.94416438251137,2.48094407493308,2.32440755719973,-1.64267504935691,-5.84935436672992,0.392938605738826,1.08042143464122,1.0171679029857,-0.95583114501671
7.06557313927072,3.75418736282777,-1.44391821647222,-3.09447717325735,-4.8714591916625,-2.82751273856737,3.62455559406004,-0.440876362096192,-1.93228344435459
5.34488708255051,7.09073016116457,-1.34389018825967,-3.59584882992729,-2.48584537913935,1.06335391025394,1.00008946487225,0.421762969211297,-5.47588921692674
-5.16938387315461,3.26657144925723,-4.1630192255797,-3.79904299921676,-6.1296755806836,1.15511442543753,-3.01448664872017,-2.99671565755958,-3.71676989199187
-7.04510897110997,7.46097963533342,-2.80712698350813,-4.64280608730685,-1.3021950173496,-0.667342456496029,-1.25540956762446,1.2742537070971,-6.04182099367097
-10.5872259171575,8.70033609217054,-4.34855531973912,-7.51465968248644,-3.36414715805362,-0.965055445531783,-0.947638000993428,0.724436674687294,-8.79322912970837
-7.98743578837156,10.8929097274482,-1.41020187808788,-9.6116218957563,-1.31335274678532,-1.97035631318914,0.577168471681456,-1.44095802113667,-4.97202499754605
-13.0032383025616,8.44392463340928,-4.92438326899544,-11.5375514646727,-1.52855993563957,-5.79311370565924,-4.04077962641211,-3.31131648154032,-0.103436386622225
-25.1514157198912,6.66297526762642,-7.83465266669402,-13.9261446754987,-5.90282050230372,-3.86024636670632,-5.96844537413014,-1.11493922863433,0.129882558823134
-35.0853412265899,5.57207668261916,-12.0120888544635,-14.3710752717917,-8.24158344629174,-6.43033002296053,-5.68411297684584,-1.16877368668565,2.82096323549752
-36.7582363175986,11.3985826036524,-13.8634659725857,-17.1742605349893,-10.2131752790234,-9.64098284129972,-4.61926923457769,-2.27038037712363,4.30382074604276
-24.7712044733055,15.6682757528389,-7.22091766115537,-12.5329679032069,-7.76011073083729,-5.23216978728386,-0.736139708160878,2.63812088116406,-1.06530227177259
-19.258412062478,18.232451747381,-8.23339920413632,-8.53523185620313,-2.82139086651687,-0.103543488265069,2.14395928642972,1.72369453994207,-6.11583335589184
-23.8653431278844,20.378082416232,-8.96324312515361,-10.0835631775854,-5.0643108768672,0.12971408285317,3.47497200906634,-0.879324940604612,-3.85728720063355
-18.6029931057676,24.2004371952245,-5.43400033630402,-4.85824785606188,-4.26568017487809,2.74356818563982,2.3258785942492,1.47906507482764,-9.31562132167479
-22.7678662245458,19.2370025293108,-10.819754392389,-8.65322673610404,-3.62376331617742,4.12623498857403,-0.19868313092066,-0.816431705216616,-8.03886865892277
-29.1257743439827,17.3265121458899,-19.7821396255307,-7.76223289482842,-2.95607990533862,-1.07677316071553,-1.95308693533792,-2.64564627270829,-1.99832950511589
-38.3299573983435,15.5095979874141,-23.8381857893561,-8.25434126017286,-5.44883115759729,-6.51423298997312,-7.17091842251328,-3.56311316470478,1.00340957419969
-39.3506880831665,18.7458281851363,-18.8629940493943,-10.008805192223,-2.67706247425902,-4.01204323065343,-4.71858889693665,1.49049181259143,-2.11466632582051
-39.2768403486,13.3417392916744,-22.0367142592249,-16.0860374559614,-4.86630817726682,-10.2725755609123,-6.56035601705915,-4.45095494159095,0.813647320600781
-41.8571554978763,15.1103114676734,-22.4980828220859,-14.9023714016045,-7.07954813591317,-8.74159391222274,-2.2939771118452,0.583264511562064,5.84370575743275
-34.6181435947699,17.6577958650275,-18.6052457758933,-11.141414356636,-4.94676808784154,-2.03907698208084,-1.91762725587527E-02,3.68113409896377,6.15842442062799
-37.6858241922937,10.8322211834227,-14.3249666355027,-8.43140473454705,-4.5368579564513,0.993441289189908,3.77821708690471,-0.485301779201961,6.97692675511529
-36.1550403342812,8.54709535140154,-16.4811966804016,-11.6403574952121,-7.85430329058093,-2.16035053101967,1.6191747431954,-1.64746677499855,10.2627531774128
-35.2481570312385,6.43677991789409,-20.6824502288077,-14.0484984034961,-8.49678492076338,0.807080531481293,-3.58808728535483,-1.41698915554509,10.8584335133385
-26.8766415170578,10.8526483722421,-15.4847743850189,-6.46087180666151,-8.98697932994729E-02,5.52107063487087,2.38398785016128,5.30789112518375,8.3390808201141
-20.095002341607,16.7351307954774,-8.96434067036864,1.03900448250485,7.18739546397271,5.80116411319998,7.7754733391316,3.96668227738007,3.95397069646082
-19.8712432035758,12.9604056172654,-3.89672770939657,2.40768537976585,6.05023516461523,6.52189866239701,9.3218586343774,0.283531805597251,1.44034157243403
-24.9692424092898,8.5581762557979,-3.83696832132636,4.86792328695023,11.2964242244811,9.30754301128327,5.56202506661403,1.38162439553933,-2.21586236389355
-27.7626243521081,7.49729561125822,-4.67875843669739,6.16866094597196,9.9979426735952,9.79486464783217,0.803684605225602,-0.872040934158925,-1.96574219709186
-23.9558616432278,11.3297451627216,-2.29758666589502,6.61946743317192,9.46042402145185,7.69720469934602,3.61132009954279,3.10588961552559,-3.83895672974901
-32.1000128716695,9.58875016089587,-3.39039773458618,4.9015317286652,9.82172737804093,3.80357832410863,2.17853005534817,-8.43094349337074E-02,-3.08340841807181
-34.3555578939061,13.5307193497047,-6.61541294540099,3.66843358280611,9.34273350257145,1.4198903021295,0.902968682178701,-2.1873807989267,-1.04370815631288
-31.7095817045355,10.4920371130414,-6.10790771528726,-3.22956125064772E-02,8.54824493530785,-2.26607547753773,-4.63172909363709,-2.30577216791027,-2.37170904344433
-35.6203332001977,8.77341438812882,-9.01712034335461,0.167886324711108,2.82834300259276,-2.00515844271894,-5.18619811940237,-0.614680575958403,0.797460042377756
-31.1172186891889,7.51232103570259,-11.4517088958881,3.92601360162096,4.74786179041224E-02,-3.99221618151542,-1.68047558863455,1.21839495522967,-1.69251242134265
-24.4134697753488,8.09023235428884,-11.2318960880277,7.87706937425709,0.460857034710374,-3.18150728140833,1.30288400879215,0.69593396596033,-5.19891891173991
-18.231904670127,5.31545122850858,-9.64729807864846,6.40738500800841,-1.01550506091036,-1.05471631653452,1.82631407551158,-8.10809014601226E-02,-4.32785926482219
-24.0430869319513,-1.93174456589158,-14.8557566401566,7.08260396135132,-3.84488153161224,-2.42932557786936,-3.05922730217365,-3.69739907099834,-0.999986216592465
-23.6311006937682,2.28815892865537,-11.0673821500769,8.91958870897331,-4.44199681659133,0.791150929837403,-1.13635600448633,2.54874174765106,-2.42852441620718
-25.0826474389497,6.49751717570233,-12.6916536290048,4.22488266104346,-5.69349023875927,-1.72165158832734,-2.35154071151623,-1.28358615060201,0.572750153050818
-34.7646399551695,5.97786494816475,-14.4697394228075,1.84995797142056,-6.51022695432895,-5.48402913981509,-1.6405155505744,-2.97702437657607,-1.20411880078452
-32.2524399986107,5.19398423118335,-11.4070369212601,4.24229794032857,-3.24545865027266,-4.52363585842799,-3.43301726233893,0.830120523774794,-3.149595359661
-36.6722125150538,0.860418653542259,-12.2484354442364,5.38040111102603,-2.83186333544494,-1.01008694683643,-2.33830603337254,-0.211624005401979,-2.75250433341919
-30.5208526923686,1.8605323476573,-7.30790674623661,1.19767898073388,-2.93224853903815,-2.48896965191595,1.73525787955755,1.1219636428714,-5.23743641632422
-24.8884019154289,-0.114303492681875,-8.37323810296783,-1.09433758082407,-1.85117549982416,0.56948840732625,2.63574385196007,1.73890106322539,-5.78686794903011
-31.3114626243433,-7.98916627080068,-9.77091767642033,-6.27760722059543,-6.68316305187853,-1.21879453492246,-1.85052573365191,-4.82909224977134,-4.61497011507293
-28.4031817301554,-9.35727042554565,-7.71548045129499,-9.01872745138824,-4.07470897497507,-3.25202085769001,-4.20309709441188,-1.16194834350636,-2.21774338155659
-22.5072836209797,-8.13403294272603,-10.8978718225875,-7.8627314831385,-6.58568186861565,-2.83041153353329,-5.83763430853919,0.197570456058469,-5.17691861672047
-23.5930327154396,-10.0412574815504,-13.6854262304608,-12.9576093904352,-6.78278807600673,-5.52690452670114,-2.44712069266082,-1.47088732639898,-1.80646754605149
-19.6366011945784,-9.74830576613829,-11.8668159889731,-11.5466345049391,-2.48679071904433,-6.14231564438318,-8.97369630140133E-02,1.16586262347806,-2.71867103147256
-24.5725923943746,-17.5006689858175,-16.3187940415663,-13.024410549163,-7.00428150923201,-4.83825409567985,-3.83923527487885,-3.54116492730355,5.09990188208011
-26.2798084046681,-16.3281473494268,-11.4458405768398,-9.02082462278752,-5.37083085770453,-2.26804274952505,-0.985116886355806,1.31813480624079,2.96488641448262
-32.2024685766051,-19.4715585248934,-16.1771033858,-11.5154946589665,-9.67500849280941,-5.45955535424451,-5.15683388064771,-2.9169969425886,5.3787793001925
-27.7856271035988,-17.0351740207863,-14.6702666715982,-10.6195213966047,-9.37012242482525,-1.83970115027556,0.483041757591447,2.01205755076376,2.45293486703407
-28.6925591658119,-19.370669106849,-12.7711074541175,-11.1284121349874,-4.08238567180041,-2.79464832594146,-0.60512585879905,0.239098510062063,-0.388166099668656
-23.8830776629677,-9.60231411738912,-4.61408980642606,-6.41757371298438,1.39469422107177,4.85243258152809,6.31431541872653,4.16145070830947,-6.44444915943506
-25.098489004139,-10.5648602631598,-4.21383334164463,-3.37035427545575,0.480156157610903,2.87951214994551,3.69449530173612,-0.728070612875881,-7.22300190210229
-29.5895121427036,-13.0073787520596,-3.58621677770614,-6.66738305036177,1.37402392721542,5.10423382763808,2.92356185973208,-0.559495665878641,-6.70391861881225
-32.3275644219175,-16.9413939249536,-2.08301745113753,-6.14363795207254,-0.57400307579007,2.39420654002499,-2.08807156627028,-0.786275911365268,-9.68368459433505
-35.3555632931554,-19.264648140877,-7.58169547276325,-5.76146625871406,0.334116147959372,-0.389678700280775,-3.99161375876963,-2.6062541208893,-7.63651719105368
-37.7491854461336,-17.706246550903,-11.7046287826672,-8.82515251623438,-3.06015225164612,-6.88836643206508,-5.52535889507943,-2.04262138931517,-3.45779061240843
-34.452361938694,-22.8039191596535,-12.4731248848209,-10.3039191596535,-1.71463234842436,-7.78533693715831,-6.34943792616254,-1.57334602862584,-2.67906505313593
-28.1244241046747,-22.5543645187051,-14.1616499784999,-11.5555316665643,-3.80321272805455,-7.18563793844832,-3.64810492044966,0,-5.90868603722588
-35.6674048077768,-25.3139764487685,-17.8928602834782,-18.1974434202847,-8.33006899087848,-10.7219659602363,-5.74950635147774,-4.11147263148637,-4.80857629367891
-30.3348706637257,-31.0824142771205,-15.2356125927411,-13.1269300180469,-13.4092640866252,-8.26789653098054,-4.45718869059554,-0.332063364748354,-6.8650491277321
-28.5411136429483,-34.7545553493544,-8.62912761242532,-9.17255906097552,-9.9164493723915,-3.58163608885966,-1.97718214350036,2.37418465706656,-9.22580594642423
-38.0849435471781,-35.5475253071176,-11.1114617769818,-10.22068279905,-10.1362599906898,-2.7528147511105,1.3050030376431,-0.760594273450989,1.18191931704315
-42.9045920823914,-36.6036380848234,-10.0279915454108,-12.3513714225091,-13.0279017766063,-6.27973591649869,-1.74477912793688,-3.43243265299462,1.22738438186019
-41.5707879133984,-38.1796193963418,-13.8922014881502,-16.9827166299948,-13.3605992911971,-5.05148059190084,-7.25011337487612,-2.9082755261434,-0.164603523859116
-48.9501877432912,-43.0698611733094,-21.2571910847773,-15.8600020668986,-13.921423404182,-7.3710771986634,-9.15205484171001,-2.54745254745254,6.9223879568707
-43.7886564589174,-44.0543454819927,-20.870390338581,-17.601035152038,-12.3416001725253,-10.1634677593271,-5.70368772913521,-0.164761699374603,12.620228596075
-32.2424185712838,-24.9140290546705,-7.49136391637619,-3.29379839520902,-1.55254559774174,1.16811316193729,7.14825991687526,9.60379285875813,2.23329512402429
-35.1536991801098,-29.4467151990068,-9.57828459944695,-8.98412621633168,-0.844881934199177,1.21250231778204,6.38901653485541,-3.38597721721044,6.08186003015131
-37.1094735779539,-37.9851612577601,-20.7464795841115,-13.989972913407,-4.87642793452111,-0.164874913777153,2.48405928767307,-4.34310806036442,11.5261023906862
-29.2636564266959,-33.5180501635066,-20.3908049680236,-13.885174863476,-2.8617684488619,6.47421750406752,-3.29187944005027,4.24956102904457,4.08122170852329
-24.6876795220405,-24.7512542606564,-14.813680058213,-7.51867029221402,2.91984221209451,11.2060051319367,4.98946804028952,4.90291448048715,-3.80222894565508
-27.6373898783418,-18.7872316082529,-15.9337935242744,-6.4719118263987,6.53521986194272,2.18450859997711,9.32611265779337,0.41951107890622,-3.54982647496281
-27.9157958733898,-19.9430026218794,-14.512292434548,-5.25591822776153,9.50792263555876,5.73317627389139,5.64730022418968,0.364783219971878,-2.20997834099631
-25.9639462965757,-18.9704329461457,-17.2959722431739,-1.81249057173027,12.4181626187962,10.3348921405944,1.52737969527832,0.750490270025648,-5.48876150248906
-30.2891944807732,-23.1100208170499,-20.2436136541274,-2.3680361551141,10.2893492543782,3.92118928038013,-1.45796735824672,-2.59942269445368,-3.66736056832868
-37.7113009690185,-27.9136243839129,-21.0707773646201,-3.69532848691386,-2.11002380743843,-3.95251252080164,-4.77263498180601,-2.89033449849113,-2.96438439060124
-38.5081968509541,-28.2022285312097,-17.5372278590126,-2.99009102340036,1.90587658460589,-3.68047702272026,-4.84693675811183,0.68010533724525,-2.89519260424986
-34.1265338794035,-22.558810043753,-14.7982934013072,2.7883770992485,7.61519152606915,-2.25992213060609,-0.422763974913936,1.72991288264414,-6.09510635156244
-35.8977837721363,-28.5196683239827,-19.3435113285396,0.50118512725154,0.916977247152902,-5.80752256530171,-0.229842860905175,-2.69267296074316,-7.492238813117
-36.2743207853344,-33.8876303401295,-20.9725100817789,-2.59073601002555,-4.8786169888016,-3.80697610899569,-1.58175479185746,-0.659533105187902,-5.30357802734532
-33.4394590868809,-37.4462533232678,-23.4671940131946,-4.00022975678603,-7.57951225916565,-3.05494469425936,-5.58719270029868,-2.14494370958741,-1.89385236485379
-32.6590113201401,-34.361918723023,-18.1708608192849,0.206042837364623,-7.16263539376169,-2.98151315253684,-2.04658359801286,0.75087547845916,-5.72359312647611
-33.8571925120413,-37.9231011139249,-23.2244235893871,1.45654368803482,-9.7207739543506,-6.49072280980519,-3.01901782610855,-1.6187496896569,-5.63583097472565
-42.6277876029849,-42.6700599577276,-26.8256912392701,-0.173402924556787,-11.4791010654359,-8.09903808825431,-5.13565975067937,-4.24362679549668,-2.02993572876679
-38.2719714964371,-40.5395317271802,-21.1062097047845,1.65846623685103,-6.54139803189686,-5.60061079063454,-4.16525279945709,1.66694944010857,-6.6024770953512
-31.4846102375376,-36.6820006691201,-20.403981264637,-7.26078956172635,-5.76363332218134,-1.93041150886585,-1.0655737704918,1.40515222482435,-6.04382736701238
-36.6579706639485,-38.5394170798708,-24.0916708418998,-7.15174236796187,-11.1565107721014,-6.07107686460153,-0.132167723432577,-3.28086936991414,-4.41250151172232
-33.0053322107626,-41.4140882621203,-27.4126499684277,-4.25699852662597,-9.89177716971865,-5.97242685750367,-3.38174419420472,-1.52424051076965,-2.68715358170211
-35.255631285113,-37.2800760817879,-30.1949595815502,-9.32706363043977,-9.61589264014371,-2.07199591412622,-5.28169634208626,-0.406826227083014,1.25834345996021
-34.4941279053925,-45.537117269317,-28.1061245992171,-18.5817960525718,-10.6914811484418,-7.06922077804118,-5.14546263749238,-3.14722472001961,3.40608735932859
-34.9021667527196,-37.82292093222,-24.1129132764791,-16.7099898516923,-9.30795662933753,-6.43260277387078,-1.50444211013585,1.99138284045791,-2.29672227464525
-35.2847615088474,-35.7185460986498,-26.2466788367343,-18.915719269073,-9.19984817539357,-4.61619100981437,-2.62801163988649,-1.51824606430856,-3.98449220091456
-42.3594087959625,-39.6187815428984,-24.0735400144196,-19.4844989185292,-4.46557317952417,-2.76135544340304,0.777757750540725,0.275775054073535,-6.66636625811101
-37.256828795297,-36.1089128714421,-21.1364367646164,-12.3748815124662,-2.51237053334608,1.24270595090052,2.31061561339585,3.50549173413573,-8.02062770129836
-34.0658954561824,-36.8731718885873,-18.1691217159872,-10.3155990056831,-5.01813837870123,3.29389443727107,2.80464131685508,-1.00485739633017,-10.1653974193435
-36.6474114838639,-42.578858173734,-24.2132405197077,-15.2131129617144,-5.4740601709277,-2.35071159137708,-1.09882099969021,-3.7292490478707,-6.40705577928822
-36.8440867805544,-43.0024942350228,-24.6788084145136,-21.1134641630194,-7.32175631794437,-4.14984234552213,-8.23191679608452,-3.3027436585251,-1.11158172149277
-41.9136177978622,-48.5994032617827,-30.5340710485405,-20.992053146394,-9.65499261319195,-7.1425122872068,-9.93018742214883,-2.58972799165725,1.52371020538223
-34.6456395128961,-46.5632327357991,-28.1190908403298,-17.6934422509644,-4.0929203539823,-8.72002874215264,-3.76862567128053,2.08475153165418,-5.62646547159822
-38.3831667872578,-49.4172516964233,-38.2492128986839,-19.1583393628879,-9.83632203688131,-11.3156814048536,-3.88270723742105,-3.41631304143771,-5.77663922404522
-32.5606978057281,-43.9973910165301,-36.6513502462958,-19.5362239831779,-7.72181227001031,-6.84566110472926,-0.818714588890411,0.436128580051013,-3.07042308366271
-28.8995279067996,-39.2351328713927,-32.8618746668697,-15.0098987283941,-5.61181755882127,-1.12407675321708,-0.670067768217464,2.22911749029164,0.975595827305261
-29.8627557280224,-37.525798689379,-31.7288212971153,-10.2471918661607,-9.36837199570101,1.50084172682398,2.72681446819034,7.32349892049706E-02,-3.52669272690958
-36.7893244637687,-41.6452107356462,-35.2304717633269,-18.0961158920825,-14.0557219712073,-5.9619102958414,-2.9103258963904,-5.3337607822315,-0.795455683901534
-29.9939812797045,-50.6931905443829,-37.2693688645373,-24.068654919785,-13.8928667787394,-6.13079301828446,-9.02600502251833,-3.58113857584625,-0.478384492455847
-22.9953398682308,-48.4051100755263,-30.7970432267395,-16.2642616101559,-6.70596978949061,-3.16768439659329,-5.59717981680863,3.21589265627511,0.236019604692273
-13.8883390360923,-38.0689798188313,-22.7573075436662,-7.47956904108813,2.38101970986624,0.966169913940182,5.91201726851984,6.14672586224775,-5.66222699808652
-14.9793459722181,-46.57458618004,-23.3217986256938,-11.9576469196415,-4.27375706131141,-3.65561503652658,4.99541569311763,-4.5902221170625,0.659548667593381
-13.8068933480101,-48.9260070892621,-25.9050927562283,-11.1832604546419,-3.28307564909162,-0.801833917372726,-0.550377185098405,-2.43377801116912,2.12778849358229
-24.1874771909702,-49.8044940305511,-33.1598978155466,-17.1304937177415,-7.10807569991138,-0.480684010218447,-10.6188415619624,-3.25113393462281,7.26656587247798
-19.0114525615462,-39.0008316383275,-26.9931765578189,-10.8724186647696,-5.27138462771661,0.235463863811711,-1.63321743835356,3.90569421760869,-0.342675069887675
-17.1149657281029,-40.7106172938191,-22.4366019863712,-10.8690873483743,-5.05485501888452,-6.00207829579745,1.05813233148818,0.278771407445902,-3.53410203633021
-12.0712620712621,-32.0493232257938,-16.6225930931813,-12.623650858945,2.23795812031106,0.655227125815355,6.06942077530313,1.97841374311962,-8.02334919981979
-15.5314941164837,-34.1006625135964,-14.8185503806981,-12.5749035894393,4.71076831800652,2.08345693661623,1.3121724513003,-0.961139127855239,-11.3200830614061
-11.9077706709178,-36.8654859342497,-12.6863930633591,-6.68779283395221,3.21363998677995,6.77430643311236,2.71399965005735,1.69527771837394,-7.50043742831036
-16.5652868963714,-40.8783342214536,-28.9359648505444,-6.82076391751541,-6.66391852082727,-0.343853369662477,-2.6553121323936,-3.43149576215803,-10.0702788027468
-29.4121912061733,-42.7810865399555,-28.4799834274173,-7.26914910145529,-5.06292402506603,-3.66357657051116,-4.74908073955149,-3.0203532031695,-5.64917913926149
-34.2412948567778,-44.7364497923544,-26.5871579171547,-12.6269832818656,-5.44457459269513,-8.723245660739,-9.54530933872857,-2.80587796826749,3.30422745181557
-41.8043754599585,-60.0555295376999,-38.4380366182734,-14.0407216609799,-6.93896211056844,-12.7651033652238,-10.9040833166076,-4.71443544970005,9.31513570170156
-34.474242838227,-57.0756005800879,-37.1981336303831,-7.94888501229534,-4.88135521973979,-8.1086193488724,-1.45757582126568,5.75463965194729,1.10658063431345
-39.1424897982,-67.5834311588127,-46.5761082229303,-17.4621275644251,-11.8922242718989,-11.1979428699201,-4.99189446028285,-6.38716529710995,2.13986248532618
-43.2282003710575,-66.860611915557,-44.4544466522488,-15.4241363032572,-12.0879120879121,-5.98741917423237,1.54680484350813,1.80698422456663,-2.01995806391411
-43.2663663632709,-55.3204209745086,-36.6620968323833,-2.89033428509581,-4.2437611454135,3.19854040180182,1.91211487120282,6.10433653221733,-11.6530774226135
-42.176343384063,-58.6264229466726,-31.8097433595822,1.70345587335265,-4.93492186543719,8.52135950059162,8.7631074299237,1.04349422661063,-8.00216247092905
-43.3224891124716,-61.4992048726237,-30.5370487782062,-3.48920601594412,-3.37799212148299,1.09446944736049,5.32163681907475,-1.8968724989866,-4.47246156884348
-53.7681016648606,-66.4357096728292,-38.4111034490307,-16.1232062522576,-5.67650696702022,2.09503168817522,-6.1887717685176,-5.31091627535327,3.68327148939896
-47.314876023798,-66.5269856920371,-44.1742949658827,-13.6491467882713,-5.22010957860417,-2.0616015506829,-9.84302696888551,-2.36187829828238,5.02179247291347
-55.216549213609,-72.3514724413124,-46.1975544873291,-15.5353059224343,-4.63667335604611,-13.1901339431558,-12.2543986559014,-4.133803145564,9.55570075138843
-49.4151301127607,-65.8047920524221,-38.020423323835,-6.33544366954574,-5.50720138373009,-8.69820713818453,-1.29502943752703,4.97056247297401,0.633100863722548
-50.4841798320059,-63.8475431953693,-32.5978152065109,-8.59011185098141,2.67985376681029,-4.68185576881229,2.89093441267355,1.86817252034644,5.41410976193585
-46.1150289261433,-58.8478104809763,-29.6292386301254,-5.65643342764242,3.8353532367721,3.55242599552383,9.51817913094886,2.97284743042945,3.56192728347621
-51.9944950017603,-54.8035377081711,-28.9129762196878,-8.92855237749778,-3.4993012066188,4.78166707562972,3.77881855909872,-1.05725838285342,6.26566950807079
-57.5166670216618,-58.5731325480841,-23.4477837653624,-7.70197448294958,-4.40690962533813,8.72223050544207,2.11932096530277,0.175722592600479,9.26217810815992
-60.298362750931,-61.9730724311937,-29.8781428351072,-13.3447918732509,-6.00361384720478,0.629117912782887,-4.36526299552676,-3.45519049822613,11.0618981512087
-41.8789480203129,-47.3514718632591,-23.4053094422196,-2.65988192064737,5.70269600759671,5.13603897444366,3.25234300813344,6.31889682506916,6.87729656083564
-36.8284776448042,-46.7461110318253,-18.0064833126057,1.58311076678423,9.01853248792025,3.43941772513201,4.28143285286142,1.23753797223185,6.93694061040999
-37.0178503303014,-44.2192237415417,-14.4750316246009,5.71853101218801,13.9529747203984,5.89623115073388,8.8789831937835,1.51396502218741,1.44870790916211
-38.8128076416979,-41.6063160972757,-10.6896047565671,12.5863833520152,12.0902578098348,8.47702129733418,5.56654807739169,2.91339733905162,-0.892831034650819
-41.4436221503542,-46.6756611971985,-9.22104720144442,5.5990952560465,8.82323763417392,9.96011983889208,2.68248645860201,-1.77873454891769,-3.32830697803615
-42.950544197321,-36.2096439298097,-8.48600152587713,13.6189363284306,8.52076834674109,6.43475909490376,3.80600113957914,2.65097009087661,-8.75351289752479
-45.1903186753477,-32.9046833741647,-5.48220737252509,13.1664490052715,10.6479318989924,6.48694508260011,2.20012773705232,1.29262270859746,-8.32006710961555
-50.8842244851508,-38.246791160724,-9.80811289572385,3.99410187136934,7.07676473789943,1.42802006947125,0.244435867747333,-3.81399123197656,-6.7402943126602
-48.5655838472054,-35.3986565564177,-13.092182259857,3.58284404842691,10.7367302982917,-0.900874320164447,-1.83715418129605,0.619596966925319,-11.5215531230638
-55.4650220119655,-42.9453959588289,-16.8296612517574,1.26838178702269,0.577749956386548,-3.44289716461255,-7.65133867640871,-4.34287356203884,-5.48913768510062
-61.8015939375337,-42.387519447943,-16.1626959347184,3.30641491061884,-3.82608511584094,-9.59326016320396,-6.94939830445688,-3.13707227755257,-6.55250150820783
-64.3628801663634,-41.7509747855472,-10.470496490772,7.19937613724981,-3.56745515986482,-9.07512347283597,-5.7229009617884,1.75929295554977,-4.11021575253444
-68.2856172669199,-40.5643158810671,-9.8951590653452,9.05155033001549,-8.86797258006325,-7.2274454041894,-3.40520809015472,-2.0554341136272,-1.07706020925741
-75.9125872571251,-50.2656618202837,-17.5670268107243,-0.252323151482813,-12.0470410386377,-13.0218754168334,-5.02312035925482,-4.75078920457072,5.34435996620871
-71.7887467697453,-47.1356598406046,-11.0490998718756,0.206301982670631,-12.4313231557689,-5.80794371213273,-4.42680622814828,2.31709700536386,2.76010336815131
-83.2079916640239,-60.1424817650523,-16.3434965795316,-7.28491822588684,-18.8137090563131,-7.0119603135052,-6.73447197934128,-4.31069632582794,3.63453087482445
-68.0401639522023,-52.209884843096,-13.9250937954067,-1.63843768298237,-9.57146884691288,-4.28639587083342,2.44843963479431,4.26145605170134,0.174578733924662
-66.4835931047059,-49.7377256685582,-12.7843986998917,-0.72407024017678,-9.07072289027385,-1.08878710189545,1.20678373362797,1.07376934876586,-2.54765454877015
-66.4489511670113,-46.1412653526358,-5.32330224116827,4.23120752965011,-2.82256362638754,5.07322837969021,6.83746254167898,1.63444899337357,-5.29586797788377
-71.1379966187659,-42.6278529163145,-1.82375316990702,-2.37109044801353,0.165891800507178,2.68596787827557,2.55494505494505,-0.139475908706683,-5.40997464074386
-75.9401536595228,-44.5678189309406,-8.81629708964929,-7.20975727041235,-5.10814089463503,3.50706549655195,-1.88194664539186,-3.43056360039781,-5.36387580463602
-68.5407488390721,-40.9696589199311,-14.8360629120076,-7.81853804271348,-2.00794518472013,0.174274487730428,-2.58597360986328,0.954721106697125,-5.65363757401254
-76.0412997534343,-43.3515322296583,-11.6513296935541,-12.9303892215569,0.973053892215572,-2.61425678055653,-4.17400493131384,-1.68963543501233,-7.19883761887988
-77.8269250052923,-39.3702717457912,-10.3283455706216,-12.3104520183169,-2.6127260370127,-5.59201363742717,-1.94756721223803,-1.22001492986307,-6.0075986318006
-75.1050044682752,-39.2705540661305,-7.13248436103663,-15.6691242180518,1.37176050044684,-5.71939231456657,-3.19816800714924,-0.260277033065229,-1.64879356568364
-88.7300359151433,-47.4795884193872,-15.2552746757821,-21.144896238726,-6.50052544662964,-5.66789463351542,-4.91379210790711,-3.38018084602683,0.90192047856063
-97.442634235888,-45.4141808168885,-14.8256080770996,-15.9350619550252,-6.95617255621845,-5.99242771913722,-2.97498852684717,0.650527765029838,-1.2907296925195
-103.773070171277,-45.344451297623,-21.1059448688143,-20.6042131233098,-12.4116335341842,-7.75727095886511,-6.18209422593348,-3.38283436921763,-1.25255017317456
-98.4210713481348,-41.1481608800275,-19.8776685909366,-15.5119071608919,-12.1845402496414,-6.39157904719005,-2.64577233555789,6.28252391507892E-02,3.20290181481964
-86.8792876289128,-31.8840579710145,-16.8438508018718,-7.31338876016537,-3.9264458679751,-1.67643451001772,1.00404343282904,4.18313570487484,-3.50733724047069
-90.1332204088173,-32.6767688328336,-13.8336347197107,-10.0727905326527,-5.73282669901802,0.89385858493374,3.50905303637237,-0.76681850436057,-4.63867969876622
-94.1012378683094,-49.0567792177602,-12.2159586214913,-9.53449177660254,-5.59423490439937,-1.30760736909397,1.94571976521183,-1.55634334863718,-5.22461788806881
-92.4169989910152,-48.994618747898,-12.8020948445683,-8.06226877432374,-7.80882140969586,-1.2684379954836,-5.75601787344449,-3.34286263393072,-3.34886849565176
-84.4262200934955,-36.5425037042142,-3.00816650012061,-5.78316851015931,-2.82209434547397,3.10349976453832,-0.357212593179653,4.37729000838473,-6.79507942524379
-93.0811243467207,-46.1391779273977,-12.0085691416733,-3.92673854701257,-1.92687979660059,-3.63482273176705,-1.27006921229814,-2.4801073496869,-4.96021469937379
-98.9510447546237,-56.68919000012,-7.34988778339194,-10.6827810515956,-4.60748190732228,-4.86431991934806,8.28122562139262E-02,-1.962290418982,1.9634905966083
-99.7412312975227,-60.7861172430709,-11.7132695609517,-14.3279372087319,-3.39465293107678,-5.51263183713515,-6.77336276674025,-2.1842040716213,9.22369389256807
-93.5474249353748,-63.5327599920461,-20.566961622589,-17.7818651819447,-4.84315967389143,-3.46490355935574,-5.58262079936369,-1.33724398488765,11.9444720620402
-94.4951754223816,-63.3825033581032,-20.8128458230126,-16.6278482260589,-8.49938999593331,-7.29047284557654,-2.67908856766116,0.841682378892632,17.1232454681011
-95.3518614847291,-60.0418617324317,-19.158554407867,-13.325159148894,-8.21381684872805,-5.21909291322979,-0.988333209482056,-0.501597681504058,12.7207649055015
-87.2523747307461,-47.8289016796732,-7.53557682121544,-8.74089245147545,-1.2688771966995,1.9256800499076,5.28855774097485,4.96133338041599,11.2398036653837
-80.3797397289498,-41.982461459,-0.213336926376301,-2.00648993386555,6.52249581747342,8.44477380671675,8.8860443965372,4.60807760972816,7.35675548219759
-79.9755759089648,-42.8553982792118,4.8481820704968,0.357479877879548,3.34388009991674,10.6699972245351,10.3613655287261,1.12572855953372,8.72606161532057
-65.9319037899034,-31.8396077523621,5.10405925801225,5.81006291955135,10.6121504177101,14.6198522758359,10.6110982512994,5.22611056164643,1.41516382231014
-76.9406568292442,-36.7738674694824,-0.983376001230598,4.85644907870305,8.45153988990583,11.2852010152396,2.1447485524046,-4.42684012174085,8.70095480865371
-76.3549404270629,-28.9526590904281,-0.230673184771344,7.773051446469,13.7197638245191,10.1041203733096,4.68859120055869,3.69606162571688,2.10039574206929
-75.1885203894868,-28.4239590850617,1.96625981822555,11.8237059814042,15.8440797799462,6.85262464309246,0.597199125641914,1.15779235041261,4.12287032098145
-68.461734824118,-23.3818348904886,4.12212181548987,13.8602134068515,17.1419819267882,8.02573135242763,7.06795323428805,2.37096033083168,1.12319395517449E-02
-72.9050598109704,-20.2599935675973,5.83584923278035,8.65573158205981,16.2314419994398,1.39541639432704,1.95150798344176,-1.60602570886116,-0.316432713955197
-67.1612824970687,-19.1525492257308,2.07010876157361,11.6827720050135,14.1258642299761,8.0044879311042,3.35482957991348,2.57247402256096,-0.326486879877089
-71.6926967281923,-23.9079292369236,-1.66544030013162,10.8362437947581,7.70020001865459,2.05718668062307,-1.49651262812076,-2.5297696158191,2.55256966971013
-64.147456180001,-16.2794435236804,-5.12279644417649E-02,16.3758726332178,9.52237456682236,3.95962031038119,3.18216061473557,3.07769574607001,2.3615087137763
-63.7392032344353,-16.4151675412983,-4.74649296551161,11.1112245523043,2.96489902599392,1.12306781287662E-02,-1.00667714863292,-1.64274191901659,6.89461540032262
-67.8212360275598,-18.1927936554193,-4.91247059803084,11.579692346121,5.2757020045378,-0.317437189067667,-0.425678066651393,-1.94000957515455,9.3222455818988
-58.0971310935107,-11.6500522264702,-5.00765650194201,15.503655852914,4.16087781034186,-0.327556308247728,-0.95934448174101,2.56264641158515,8.08952529687958
-61.9257432746529,-13.5214342017503,-6.01188430988136,17.5980758736383,3.376316268165,2.48903530933565,1.01865513268791,0.34864684600925,3.66331830951755
-51.9262850077522,-8.58438168508233,0.84097109100543,21.0409593154476,3.89672835750593,2.30702804545365,5.71507075147684,2.89678723529527,-1.04213687123426
-43.4378551848633,-5.9799998089762,2.88445925940076,22.4949617474856,7.93894879607255,6.44991833732891,5.81667446680484,2.66764725546567,-7.11659137145531
-47.4890278848808,-9.47457610982587,7.22779158217425,23.1314083340474,5.81403097896972,8.52730890431173,5.79308637744077,0.3236892963566,-4.61257247308143
-46.8419867524816,-6.81233933161955,11.3551498320605,20.2925337286323,9.47122511399245,7.48409734861988,4.39082055804702,1.45141012890997,-5.05882573696356
-51.908285321557,-6.99460903303795,6.24299320523694,13.178135875764,2.94797180709502,3.53386170658712,-2.06669981185233,-3.90625761608126,3.1234463194221
-55.1763119273333,-5.35579707270636,6.55071199079767,10.6788703343779,2.87374558724367,-1.05311173694021,-4.15989052397763,-1.72047915592399,5.23977628812819
-56.2325189206976,-6.49370681145114,7.49012833168806,2.2684271141823,1.19899638038828,-7.66185422836459,-9.60225403093122,-3.6977624218493,7.47676044751563
-53.5960237139948,-5.56320737768729,8.08032417110805,9.16322334670739,1.58193105375572,-4.83561889933529,-2.38038205880591,2.94029582609737,2.39734914266323
-53.1879360436389,-1.0672569519932,12.7497677727929,6.60908749530606,2.21356997450443,-5.32837915291419,0.345870308516315,0.988200881475186,5.78986896456311
-44.4608301901062,2.89365966176039,12.8196402068385,9.61402115651853,3.66505014983504,3.02884206346955,8.06840418592779,4.33812616393937,5.7012941587968
-39.3760364842455,1.00256294286144,12.1598447158149,7.71992311171415,1.34648726066636,4.97889341172923,5.59136137494346,0.32507914970602,5.15698025026383
-39.9611553880156,-0.595107109712112,9.32557716778768,7.78040356298855,-0.497517197830064,6.95662989504301,3.18123977458644,-1.53943302174723,7.83302557429749
-40.9372685094935,2.7086825997115,7.75468829194121,3.57128932901867,-3.88904050840187,2.34122187999532,-3.10635892237513,-1.87434207961324,5.9973098366408
-32.0710302373591,9.98290566354983,14.5273836324064,9.86614107031097,4.17923832120538,5.47299001429198,0.864057989967586,4.16335833652489,5.15071973695273
-29.8737188545263,10.9521169084372,17.377966980879,10.9637433595078,9.81093601874542,5.39377895433489,6.5242277353462,4.25796411898332,-0.1824458475683
-32.4038315068861,4.93902384387236,18.5957115079614,12.2355534448616,12.8609958692126,4.90407792044874,8.06892411358321,-0.190858504852117,0.401430094712415
-29.9629123560414,10.0021294341029,20.3653754014871,14.7498802193317,11.1014497897184,7.26403208347381,5.01570457650879,0.980426951537625,-3.39467286568594
-36.7139008174788,8.94353051522313,17.6820016735786,9.32422367102226,6.94719031899144,5.65798306191321,-2.81841672107331,-3.63865414854389,-1.65518763390928
-31.007311201329,14.8018513418675,23.0742579974593,12.0932422468397,6.02663302744145,4.8984160544387,0.858155587339103,3.39175779757834,-6.45038066218342
-28.7250246393692,10.5788011826897,21.9066391900367,8.69456141922767,4.91174625929576,-0.182779320849403,-0.981990861033961,-0.857450049278753,-4.49153301675476
-23.8092263206276,10.6801488634437,24.7579184106953,6.55963016180421,6.72027416576676,0.39982507652902,2.94514007264679,0.3917928763309,-9.42891056591312
-29.3405584129317,6.2252020573108,22.5192872887583,3.52773695811902,5.77149155033063,-3.5139603232917,-3.38629684055842,-2.91054371785452,-5.11847905951506
-26.0647598388017,5.44091108846273,17.6766496180422,0.339414113268951,-0.097242610964101,-1.68304518976334,-4.35815201638163,-1.80553347857389,-3.09960822448084
-28.7827854063396,2.30946004975974,17.0284694129489,2.58959603441399,-6.18008470552487,-6.89514367652367,-6.40324387974095,-1.56021499249806,-1.2449433080736
-32.0853307316341,6.69437226188354,19.2894734373388,5.39696239106166,-4.69431597512125,-4.70275898946498,-2.1417113051962,1.21110350197473,-5.6399335816205
-38.0700405975326,4.86677702889125,17.9653935595759,4.17405699420598,-11.057900752828,-10.4105080603839,-5.38508533364865,-5.0382326278034,2.71964053446849
-33.4352948009331,9.09618902881701,15.7240070856767,3.01334856302089,-5.26779405074197,-5.39460055949742,-1.93500924429129,1.7646432477954,0.672752088435444
-31.1557982901365,13.462763185827,18.0230426307968,2.35443966265896,-8.61975799448059,-3.1987571646371,-2.8591002952699,0.31553351216782,-2.18268135939941
-38.0268282128949,8.4975239194192,19.8798019135535,-1.71931342853021,-7.32246742631856,-1.2606375306505,2.41453916053657,0.3471320736574,-3.25977210442811
-48.6006859869762,11.075210021375,18.9342347268479,-5.51076204205398,-11.3973256449769,-5.97703434905801,-2.70616891186558,-3.39016752000796,0.75259730576129
-43.7924484862438,12.6175127585281,22.8118644718161,-0.263804151797705,-4.44725835539694,2.64763439622425,0.58516557307856,3.51003415064656,-0.972717854265003
-46.1462279571547,6.72006307571008,21.9755389319436,1.35189707890232,-2.83359935385858,0.66825637968501,6.73063979538243E-03,-0.232687832926297,-1.60862291109787
-48.641636743874,3.29084954425285,20.3507871996212,-5.60411158899893,-3.88075602730536,-2.23138539241604,0.776348498599219,-2.59440476660221,0.270291599258179
-54.5758163113165,4.36757616420654,15.5538989115849,-11.141593360171,-5.95596640326028,-3.36961383629045,-3.61711644550471,-0.7623875552905,-0.815068833556973
-53.3224132146593,9.85080223401945,12.1183714550729,-10.1231473623966,-0.140119595034642,0.746975587614211,-2.62477551262063,0.727240433383987,-2.32184089518659
-47.2963285866512,13.5416061222513,12.7433885498402,-9.17950208272789,-7.45907197520083E-02,-0.982272595175831,1.79986438050953,1.82892569989344,-4.64399883754722
-45.2442611576386,16.2427073459137,7.12114845254034,-6.27388130442006,-1.27529830253398,-1.63492265144778,1.68476189545486,-0.880493310791661,0.446598715906531
-45.3269189146646,11.2695039647404,10.4608149853413,-10.7441512700943,-2.31096157251638,0.269562993133031,0.299077189461472,-0.671939869744006,1.49243452767449
-49.8632058926692,7.89397203988575,5.29037430475523,-11.850478528837,-0.801723705967831,-0.82176679861702,-3.45242270882396,-1.86500977100767,6.37670992634163
-52.1270040105466,4.30855953691824,3.41047995231793,-13.1933851235996,-5.30867066037641,-2.37703179141116,-3.37411227510127,-0.804129751790607,8.27970784632635
-52.8576943394693,4.77772359705798,0.508960136535413,-10.6099394530456,-5.65443536917388,-4.87016945020114,-3.26100207241253,-0.561786338331502,5.90840749319354
-41.1690308018602,8.64709201642246,6.22555600957328,-4.05016247348862,1.37567372988538,0.444613079602274,2.91965831922634,4.23209386492323,4.68838168622186
-44.3317856208137,12.0207826449405,4.10127662049379,-2.07729515427041,2.47957116408016,1.4704884503165,4.04602425288137,0.365441098068126,5.4021306088423
-38.4953084372762,8.72743716320609,9.09767494441723,-0.422994309831557,4.52764065267363,5.99446056449486,7.26532765572597,2.81211139164185,2.02735802841316
-33.1902784904604,8.4778653729533,7.11853337687176,5.31884125577272,3.68988197975463,7.64659234034612,4.10411904650837,0.967486122125287,2.14768857582684
-38.0836818478303,4.45650922764072,6.04880481909219,0.906457430073288,1.84456892913326,5.57878985535049,1.04458427656063,-2.81337528296819,2.98123777001879
-33.4984433808838,4.65591747595371,10.7086101946935,3.69034896147949,5.53784675433297,4.47841643046327,1.35402629989312,3.11602620696064,-1.35588494958412
-33.6089243672749,7.2965715126545,9.3133828722778,4.36010153031194,8.23186433195997,5.12525750441434,1.42639052383755,1.04013390229546,-6.41737786933489
-36.5207756232687,4.38873499538319,8.6297322253001,7.12373037857802,8.59741458910434,1.9870729455217,3.73776546629732,-0.402585410895651,-6.83933518005541
-28.819859892042,4.18679843269063,6.92410971165526,4.78869637491208,10.093435750363,2.10253272077963,1.71892553453834,1.08414697635335,-8.07036451816197
-29.8630774962742,5.87835320417287,2.47857675111773,3.12779433681072,4.26043219076006,2.89493293591654,-1.28166915052161,-1.98118479880775,-3.81240685543963
-31.6083507621578,4.20835453055227,1.04290317110395,4.49757880654947,2.81028018012925,-1.37452188495091,-2.02928042507489,-1.14370772332447,-6.150019784071
-35.2935395742841,4.2365219442206,-4.7445901059376,1.13308044576349,-4.31415711786788,-6.85744609760411,-7.5954716091118,-4.31219167043377,-3.06314982605791
-38.0630965478279,6.35326534050924,-1.67107727989058,-0.445025918547373,-6.23630975389769,-7.34144093247302,-6.40976083573687,-0.85734391880508,-0.745344077388915
-33.6618612830474,4.44704970641126,-0.191751696456077,-2.56231930134822,-3.57770911367001,-8.77884968852767,-5.45945892241508,-0.240434769649577,0.998499766519951
-32.0160361005936,8.74335460505293,5.82858028218115,0.9083250215461,-4.20076113376005,-3.96351206096815,1.46126061568556,2.53323907927993,-4.56680256035327
-32.9729566945733,9.6910196952358,-0.578208757453483,-2.03577666686744,-9.15296432371659,-6.55303258447269,-1.27988917665482,-3.66299263185369,-1.31803489329238
-37.0474751878022,6.63314443284232,-2.5881732748046,-1.15976115408401,-9.79207428959561,-3.15994363398588,-2.03769223750773,-0.990460356241318,6.69092973510084E-02
-35.3182013361161,11.8323164338283,-5.63405598106669,1.15037796706643,-9.33284069462058,-0.750941172946144,-3.12159854605008,1.49788797795109,-2.96382101237255
-39.0896749822932,9.28031793499645,-4.39915007476194,3.16754544739119,-5.61108050680727,0.988628315101908,2.0048005036594,1.4903202958999,-4.68147477768159
-42.4348814319489,5.40633783523252,-6.05574778541061,-4.29726740469401,-7.70666964312894,-4.78533957037474,-9.13232742437902E-02,-3.15065296141084,-1.51799575854127
-41.9968465490057,3.59391689130766,-4.36498652154011,-4.94176288083009,-3.51253751080821,-1.33563908244748,-1.86765678246275,-0.250241595035862,-2.64482986623264
-40.3152765254744,4.12027515779023,-8.455327383063,-7.5384724487625,-2.21463523357005,6.68645587445755E-02,-2.98763005663224,0.407265948716919,-1.73341303048416
-38.9099852839781,5.8370123388184,-15.0669424634415,-10.3032735430624,-3.57918351805542,-3.05434637193459,-1.41808938696963,-1.57862780813601,-1.23491093204907E-02
-36.5171264332229,4.65855496042189,-15.1748764151625,-7.59053427866703,-6.57399093883196,-4.91140076576157,-1.45308936293177,-0.284838539892875,-1.25906890822214
-34.1837102673742,6.39534284683941,-16.1259079903148,-10.8701251867498,-2.64077069702746,-1.54139405491732,-1.70212765957448,0.16279429189634,-1.92159085054866
-36.07648503213,6.21911080925761,-13.6293819549658,-13.6157985476203,-3.06776030510423,-2.71668146909775,-1.53388015255212,-1.4105846089546,2.61637323023876
-28.9630500226814,7.70753433131263,-16.0532393088375,-11.6540888284053,-3.24240174852571,-1.7639902676399,0.102066064579984,1.33098272093695,4.63421172007092
-28.3179465011682,10.8767921285289,-14.871193174216,-12.6861600848077,-4.62634184497895,-1.23506345138486E-02,0.109097271538998,0.16982122456541,3.52713537324647
-33.4772202305674,8.90182593517773,-17.1117405437043,-12.2108761771377,-3.00385672627695,-1.27512359292202,-2.92651316408304E-02,-1.55105197696416,4.67196922980445
-33.147389431663,11.4318730959134,-14.3817627902091,-11.5096123542389,-3.27240256329446,-1.95923941590503,-1.89725811534826,-0.511608362222923,6.72549637566971
-24.7716604384527,14.1005406836441,-8.89938803979268,-3.61372175666181,-0.507081835676976,2.54966449103443,1.06711197548086,3.07405634921444,1.28297813845982
-17.3246888886699,13.249450690209,-3.75895399592082,0.589214807224288,4.2545644441379,4.42896414460395,5.7285867712408,3.2337842764383,-1.54003803292903
-15.4372290929336,13.1367558754523,-5.9738736230962,-6.26317254543281E-02,3.66942378812582,3.40696703384101,5.36644530162644,-0.897721398178706,-3.11866226587665
-15.7548403846346,14.0912858098595,-1.33503749488252,-3.1154203321118,3.08746143169541,4.46343874504479,1.93515532167713,-0.440352681558106,-0.666020949204676
-26.231396172927,18.0526025671313,-1.68812504921647,1.94306638317978,5.79474761792267,6.30167729742499,9.94172769509401E-02,1.42235609103078,-0.608315615402783
-24.7031738531603,12.4722275281746,-4.1872342136746,0.832420151001828,2.48620173119263,1.2667263167419,-1.1249736098684,-2.13433330987543,-0.363932481476641
-18.9636538307581,14.9827876070771,-4.0699303498519,-0.213153470498759,2.76899367544632,-1.56412617084301,-0.219157793611406,0.459330718117036,-1.63117444560083
-27.4014632995044,14.4995946680896,-3.21597520805328,-4.31498907143077,1.82040204820884,-3.21905367825882,-4.24931504037926,-2.54179023304019,1.61311838770254
-31.2374346602332,18.0337756332931,-4.78890229191798,0.933856051467628,4.3124246079614,-0.670486529955777,1.10574989947628E-02,2.03960595094491,-1.08966626457579
-29.8403549428566,20.3121595658288,-2.99879176817794,2.64325469922951,2.73832867866975,-0.612038742646617,1.03591023431775,1.47958880503893,-2.26989125913601
-32.7706418315558,18.1218279233556,-2.28540869968821,0.403604185375402,-2.40548094483739,-0.36526178776474,1.67092132745417,-1.88382253523969,-2.70213002108833
-34.8755824126635,17.8599768052249,-2.34694500396752,1.14447903314411,-2.32965065413335,-1.6582229546888,-1.20246597082341,-0.823007589167636,-2.45783230584549
-30.4959453864254,14.2047807075124,-2.3418801692536,2.14697595508114,-1.13508982761581,1.58750997243065,-1.97024933601284,0.732153136140089,-1.98842693111702
-27.6383186308387,9.48717427537705,-4.91280133338753,1.36286027887313,-3.24809951624049,-1.10167079962599,-0.722590349201188,-0.637221025244927,4.65770966299442
-28.1398836667275,8.72195537180033,-3.69570945055835,3.0167609087777,-0.79751119758416,-2.32261202650939,0.389128716483252,0.289819825297421,4.42127236983442
-33.4422217382738,1.43836397764158,-5.410198176897,-0.587997386678289,-3.62857646558608,-2.77717284219478,-2.69006211824244,-2.33643406029307,11.6894295284614
-30.6845914770238,5.07811685196388,-4.07062848084103,-1.33393129054462,-1.63638639160634,-2.51976387643144,-2.62197284161782,-0.570492897519859,12.8668571786154
-28.2605559791456,2.6253425927834,-1.99373544624642,1.41879778267768,-2.49963937601747,-2.02876749026316,-1.67741669586005,1.20757516434149,10.759989284316
-18.3425746996961,7.1529146719234,4.41157905980831,7.5636780314433,1.94699890268889,4.45042193068489,6.36052010604104,5.75360024859437,4.89905708930948
-19.1615313697899,4.95899849580281,0.251346499102348,4.69309524964821,3.82163132611966,4.23407249260032,6.95133194235528,6.40496870299463E-02,6.08180891843368
-12.1939443459206,10.50500923854,4.21351705183795,5.76596317582938,8.73065245448046,10.4660123861431,9.88570208261762,4.32307963714357,-2.77713298855165
-7.11150537336328,8.58167234958741,1.91371200990584,7.05144198338555,8.49758360361859,11.4000314177732,4.84203328435858,0.478659015514842,-1.44336946377255
-9.65887420114049,10.2384252583793,0.290240657878836,6.83740011349154,8.46628277998456,9.71468971227105,4.1415109258863,-0.671646650604205,-0.806534135836356
-10.6791083462934,7.83992446123084,3.49181663334074,5.9542323928016,8.64807820484336,4.67025846108273,0.299007627934535,0.487854550840552,-1.69499370510256
-5.90054156908665,10.3977605386417,1.56158518735362,9.00450087822013,11.785531323185,5.73313085480092,0.999890222482421,1.17827868852458,-4.2447306791569
-8.89504345334735,8.23990067806321,-3.84490497564702,4.56689905453156,8.43090440263584,-2.85646070098368,-2.6616369019196,-4.3949957024162,-2.71607296342278
-6.47402420844389,7.54568382759687,-1.54045210347188,8.63140722127942,9.00362845382863,-1.46450772101223,-1.28167865212786,1.82547793393777,-4.11974835219441
-3.25143017912408,7.19872456156804,-2.67935852949451,6.7054299915596,3.42398949638938,-0.813092000375136,-2.51523961361718,-2.53212041639296E-02,-0.266341554909492
-5.7828670439671,4.03698925541233,-1.09894249150131,4.91463655796522,2.96441385025378,-1.7242191104875,1.39651389451284,-0.411514883278549,0.20057819253622
-5.7149954142464,-0.025794863955975,-1.40820849892999,5.31660807092632,-2.89380158972791,-4.43289513910118,-1.89640018343013,-1.45311066952003,0.381190767349435
-8.92741444642962,-3.11487640625922,0.106021636267246,3.5026407240885,-6.23662458523944,-2.79190308837099,-4.67673217756661,-2.75459917931401,3.39858245145583
-12.4463393407195,-4.22733539990025,1.33968297429178,3.16830134066084,-5.11817568426508,-4.29676422557523,-3.84303218172751,0.388214701309372,2.31462014609389
-7.05339175897542,3.54221127263838,5.35516145412146,7.47559851804487,-1.57786846707915,-0.267052827562853,1.57410715964869,3.83935455964494,-3.75566546931714
-3.14643911057647,5.22714884498993,2.95002161532243,7.2589891547469,-2.73104900099618,0.200176681766055,4.26667669116403,5.63877976805734E-02,-2.90585117380597
-1.11733970362898,7.4454416537389,5.18982402375537,8.22491458156866,0.343577200178939,0.379743221250393,2.67247860970202,-1.27056942448439,-2.33746704609264
1.67571775786114,4.8742974327814,6.34873917666717,8.96817560382804,-1.26177274798724,3.28687528482455,-0.966504633145988,0.243999696187143,-0.471859334649858
-1.08764216763835,3.28395297715759,4.29035649431329,7.24075313007742,-1.91149765841537,2.26225747873458,-1.69740992067285,-0.667112682786965,0.647997706202807
0.076207597311237,-3.35215726121619,0.680006252931065,-0.612591839924963,-3.75273565733939,-3.90221979052681,-2.65651868063155,-2.22565264967953,3.06491324058153
0.573010434210279,-2.7237354085603,4.61021739551272,0.260371295274605,-1.31443947577288,-2.99281801111174,-1.94939698395182,0.931141955591703,4.8802679210949
-2.38659065438776,-1.85547921843785,4.20016566778737,-4.95639039126832,0.729912780782549,-2.39341226916142,-1.9636505384203,-0.681186960970619,5.34912049895238
-0.295714054048911,2.13200293806221,5.8417834419208,-3.23186843586345,2.44965706708893,-0.474096402781623,2.3647585160878,2.11387852829791,5.16354895021512
5.21422873855737,-1.65704409921374,7.72495916739468,-2.07866448892773,-0.985680100277292,0.643825730238916,1.89349337182359,0.45295704030083,5.68332890188781
8.64829508289965,-5.99588582695826,8.14492506327675,-2.40309416147654,-0.869284949141602,2.97376977694358,2.72445468247874,0.171581871095581,5.04602375603141
8.11030307504891,-2.99475801986046,10.4295101332644,-0.882276938978916,3.0316733729558,4.65318025766915,3.25316549152793,2.64590793310937,-3.41467016131909E-02
1.86394582994153,-4.25701176644712,11.469510841412,3.13956930363354,2.56789758010804,5.07751794568192,2.58639828313476,-0.233108858136608,2.41341670983499
7.99227168825514,1.35608287072313,12.0169805159464,3.25369181089221,5.09234062624724,4.91001777874534,4.31315989985849,1.94114872464715,1.30165814012553
11.024952153325,-1.14472608340147,12.6980133521425,4.18984122990665,8.03374875329087,5.37769671048495,2.63897998975678,0.942557034135122,-0.617289497093269
13.4525141681406,-0.720138613146592,13.6582680576111,4.16832112045625,6.76641518969063,4.80363137566327,2.44377865213153,-0.434068512435492,0.459336533949405
7.86196327514103,-3.44353252891921,12.120680582354,3.36690700615774,5.26592749194509,-3.41583655683574E-02,-1.77715820862453,-2.30153528005242,4.92249743812258
9.6023050590265,1.65563212992152,11.2940666407739,7.99093150759171,5.31283589099746,2.35654349534383,-0.523877051475432,2.16234769177965,2.63112732922059
8.57547076890015,4.23535311025349,9.12257452162,8.43130758692323,5.70474305822939,1.28493270892468,0.776332166298057,0.864979091861483,3.22262914245292
8.56734716019022,4.79178344755257,9.0573748259588,3.85150895973093,4.62633130209933,-0.621123628012958,2.06769976312315,-0.970110120608287,2.69334394155832
7.58796633159961,4.24358387006944,10.0376389001177,4.41515976320731,2.66346870761133,0.457236280665835,0.546168288103765,0.642286720385201,0.498558223515775
12.485591855769,10.7055811211516,10.6105533607271,7.54942763372077,4.8807313618006,4.69155572762228,1.73513651441695,2.0501359424906,0.619440216100163
15.0326509777692,9.08154823719924,12.4592962878214,7.30290602502948,2.97643145054828,2.56367380705119,2.65784239522645,-2.20020065830004E-02,2.12627391618116
18.536060653377,10.1007998056871,13.3156369819046,9.23680147122608,3.45686080605145,3.12201807803744,3.43257169624733,1.43305747844341,0.276722358125579
21.0441519566844,8.44301624334198,14.2043403618435,9.88951005854646,2.44134348725624,2.62270546286921,-5.81062640313494E-02,-1.49051371219792,1.0820090680988
14.943330115485,10.0924237548715,11.0801244234688,7.65311594980156,3.17941292144874,0.496084951195963,-1.56423182809539,-1.52758411098001,3.94812113411277
21.7830440295571,8.84176468016264,11.7012810983341,10.2662760701325,3.18481920335795,0.615626776266885,-0.807135673997641,2.16781076472388,0.955795548948456
21.5016976611916,10.3755536788404,14.5938539494321,9.66115716723256,3.75984557315456,2.08200479136865,2.11733682632152,1.45378397476777,-4.13040106168457
16.0765417787659,12.3056826734258,14.9649212349801,8.90075001946418,4.317586096525,0.275958718651873,3.21894166803637,-0.384958087147594,-3.7302006107425
14.6132004807776,12.3756684724859,13.7535492187364,8.12183183235494,3.04231191318132,1.07042695141709,0.399777030675714,-0.681972581740896,-3.00137613879841
17.2684512395415,12.8563198128864,15.3895763287558,6.82500236471672,2.27184783262966,3.79816497983542,0.215834143069659,1.27178763984074,-2.70695570670634
20.8656711246622,10.5831196729263,14.5225556094519,6.3613055228328,1.57819970895988,0.946746587208099,-0.129062435035688,-0.731931259095008,-2.11610422008177
19.7736608868394,8.01804960044585,13.3214680581399,0.903378906776686,-3.62160558746595,-4.30835333351312,-3.20452318672528,-3.77441594980629,5.40139686648868
22.9833310868491,8.66154468257177,13.8410387743182,-7.18874960687915E-03,-2.06676551197376,-3.87473603810038,-4.50015725389766,3.23493732308847E-02,5.43289751538842
19.0153365419151,10.4006536886718,12.8528841318871,0.499245743840257,-0.456145391854027,-3.09424610300984,-3.66352991882767,0.074527691976165,6.11845413404208
18.7697202704494,12.5113792036767,8.9849308409563,4.26532325776658,-1.06942419019841,-2.78227053780547,1.67572583852579,1.57055106279553,5.87211100799859
16.1771603026415,12.8923498960223,8.81376930224326,2.02822883943187,-2.68749170390692,-2.16185124552012,1.52205654617053,-0.123888323525516,4.87412061413213
20.0625970083065,12.3420150437497,8.15040338399085,4.75788432345767,1.41653447952378,5.12459704241927,5.02311142949734,3.62704463661328,2.21647989902608
19.9717039827497,12.0752401326163,7.76606352967246,5.7316480725469,2.14521311503352,5.15294338239681,3.56768458463662,6.22171463637076E-02,4.38503038412696
23.2015027669188,10.1825997190774,9.04113993670778,5.80545260699598,1.59838215633513,5.76568343741009,4.38053172225889,0.720075815267976,4.22230119645971
19.1211213049612,10.5218342251793,9.82143602501065,5.12400971708588,3.62387197488919,5.54641912028651,2.11288181719525,1.34152551569845,1.27056741437025
17.2259583336849,12.0332790495558,7.76370524752561,4.12359825504376,6.12928539485121,4.64759140347474,0.997358939525635,-1.07667513268586,0.879228439074181
16.8959676948363,10.2221814328742,12.6375597587125,3.82038595993559,7.15185596168768,2.16841736402546,1.39749868593407,1.12133625904201,1.20310036126385
16.2325680133251,11.2185244456057,12.9159998693622,7.25938142983116,9.06953198994088,4.20082301838728,2.19389921290701,2.13837813122571,0.284137300369053
18.1615951677329,12.074172701588,13.4300003247491,9.17091546780113,8.14064884876433,4.05124541291853,3.78251550677101,0.565063488455171,-0.194849478777652
14.643354683417,9.74684900792179,12.4621839734237,5.73402247116914,6.84686467014533,1.25462653840128,1.19857226467509,-1.53407357947755,-0.758381350413385
12.255447283677,10.2003262096943,12.4486637949061,2.93839655388732,1.92129145581532,0.871565388314989,-2.44322696666806,-1.46878005938689,3.85011082765254
16.6942843716766,12.4922711646427,16.0207421330761,4.70078071542222,3.27125532774384,1.18879792908433,-1.54411825324199,1.43776947872613,2.19622585511835
17.2156907444799,17.1513710675438,16.7402136390282,6.52152673744544,3.77939164984043,0.283332247769167,1.23184393929526,1.24161401680453,1.60066436527064
20.7309732209677,17.9277974815345,13.4920118439462,5.40054664367291,2.55669801190901,-0.195229883187461,2.74704714801679,0.087853447434348,-0.279016041388722
21.5198810542316,16.3965744947712,11.6163168343149,4.10578863868562,1.55991726956334,-0.764176724173719,-0.754209201684505,-2.11062288709288,1.59646485202382
22.5382174326262,16.8261408850014,15.3731535623963,10.3972357802155,3.46413440938159,3.70737286360927,1.07443741039642,3.03403727508496,-3.33526635416162
23.9789291966151,19.6389245177997,15.032711373555,10.2272452263982,1.19955147907038,2.14902833910119,0.831699781386395,-0.157305002299058,-3.86647628727927
27.9076849106499,20.9544033977082,16.1551406362689,10.7556695248017,1.29657825146246,1.57544675054092,3.52512220530491,0.662713358442181,-4.76720891097043
24.8725415820343,18.3115940255651,16.5080064279829,7.70379071531704,1.04250789222526,-0.279796719118341,-1.27988644984459,-1.79543025883236,-0.914437673853285
27.8147048964542,16.8886381660167,15.5330995070025,7.60998422081055,2.25487070057967,1.57137834898989,-1.34899806234824,-0.225650584974614,-1.46182335483555
23.159219110626,17.8857995117358,14.4996125548881,2.29884099752536,-1.06818200754893,-3.45034453452426,-3.97693660064824,-1.91306231617188,0.12664872476399
21.7730972560208,17.5086011580096,12.032390702358,1.5431736175212,-3.06620793823949,-4.02198539900982,-2.86901065704456,-0.710749349668543,2.15406562054207
20.2531112999722,16.9419644735403,11.3874841174342,0.554522429128007,-3.44241465487499,-5.00584815004923,-2.92155064329651,-0.276840484344625,4.82493415572066
22.0864754503244,20.0011525669312,13.1549049955544,1.38225705535614,0.886653274936607,-0.922876807060299,1.19455329798795,2.16270952020285,1.37155464813777
24.081310931342,19.6042314872433,10.0966604438913,1.66936320265504,-3.01431238332296,-1.48350964530181,1.12424808131093,-0.78241028832193,6.35884671230036
23.1224359027703,19.2345779693598,10.0400269620285,0.259634348292831,-3.15722024815053,0.126488528655475,1.10511030298995,-0.296249448693086,8.0453361515865
25.3735511800028,21.3838027879774,9.44084378619482,-0.607046337596631,-2.50786531621448,2.1086440441279,0.220968152656943,1.28802254039444,6.39000468222481
27.9526389725065,22.1384708007225,10.6618502909894,1.12622917920931,1.59422034918723,4.6028496889424,3.25105358217941,2.27814569536425,1.83825005017059
27.2987152208163,21.0932804911722,10.0069842610489,1.48050091769942,0.666753293160281,1.35299754738739,2.40794581512822,-1.17026978738611,3.99808338882843
32.4489620794296,25.3625506088666,15.5005499691861,6.73536730920751,6.37496197021586,5.97867211695232,5.03319317570152,3.94339607922678,1.08043591883858
32.8696750541063,26.6849973428221,14.729237428468,6.57593752166177,8.21568582145304,7.44625954080885,4.05277386261234,1.26928379429591,-0.300376626077302
34.9053398807869,24.1723030359183,13.7720436085117,5.16692918249483,8.24222489885419,6.00620772723063,4.92757651564287,-0.247845825998318,-0.24475740449057
33.5033303117487,20.0007882394672,12.8159854963938,3.10014582430143,4.2541284042092,1.80506837977378,-1.04362905450676,-2.08962282741497,-1.00185236274781
31.2462419079004,21.4506040278938,13.069180130723,5.98639668272721,5.88175578062893,3.84438179873025,-1.39000601294736,0.93083548732204,-1.61334405772428
32.5682621513575,22.7105746523222,12.2887307638878,4.17985089601309,7.25840060505965,1.06888727676848,4.47620664639455E-02,1.17075956596231,-4.24159167734268
33.5365052878784,21.51845929222,12.221990467141,4.23648288488724,5.95610558761502,-0.301281605599192,1.9946387324542,-0.098109651054098,-2.84595239750631
35.5629687536281,23.0110140171364,10.7748511985387,3.41256511273306,3.57897506946648,-0.245357936206942,0.883907770183985,-0.191951950092494,-1.81657752768985
30.6790133286622,20.4356896030065,9.56176250457826,2.39263022118891,1.95869229421789,-1.01199101867924,-3.16894119145819,-2.87036004904692,-0.173575170788419
32.5697867307982,22.6524116801994,11.2031811796081,2.91925613734314,-1.74456905651991,-1.63979966823026,-2.74305307521965,0.315101872355964,1.4604217761586
32.847886007189,19.8246264446558,7.83619980979706,3.27294121439739,-4.64143522622866,-4.42947178387789,-4.12724254098229,-1.54177211109142,3.20362997469334
35.1637604064789,19.7108847594285,7.72961840923006,5.24240038803146,-2.98418453758259,-2.9293194341738,0.134379746030236,1.33982172817125,1.39468683158003
36.5685996279128,21.871945259042,8.87254438242991,6.31523350045722,-1.02481632138326E-02,-1.85018762021884,0.678743732854027,0.858480749219553,-0.373663797180968
35.2770865237366,21.5974349157734,8.42425982644205,3.11702399183256,-2.13836778968861,-0.173876978050031,1.03528586013272,-1.17725880551302,1.84883869321083
36.836917492627,22.5360045685319,9.02597961370872,5.71535855934788,-1.36351902120769,1.43940045841774,1.61776095000429,1.92050441598673,-1.09284915239653
33.6548148032455,23.1599415866868,9.84358039249373,6.15682568936299,-1.08861174669864,3.10418342405098,0.937892903719553,0.173365715758321,-1.02691854154138
30.1575476211015,22.6126712516762,12.7575146843166,4.53272896947075,-1.31903981429926,1.37550287412658,1.67899182069842,-0.420336112047797,-3.5642306515994
28.7257275791673,23.6979537577743,11.9427431989745,1.4266723638608,0.620361138805798,-0.375065280349429,-1.14972542689392,-0.901264460586503,-3.84956242383958
25.5705044872899,24.9126818801197,12.785252243645,3.57103701035289,1.33365702382257,1.81527714692938,-0.281140852350143,1.03058875123342,-4.680721098877
28.0154072480504,23.237420314156,10.510622142778,-1.3880759922173,1.86342281348371,-1.10492430833479,-0.856573390069139,-0.996567379027804,-4.51302655931157
25.4319935615206,18.7465479966545,10.8357398728085,-2.44520191260709,0.769303602707949,-1.03757357698558,0.284050560999869,0.239864918177673,-3.49066578295381
22.2481540513288,16.2045018378167,4.64658621474808,-5.32153660996,-3.1551897993039,-3.69596330872069,-3.83989851348275,-3.06248576911818,0.892886185473117
19.4036852024063,11.3666850460445,3.4416070708484,-4.40446701176006,-3.17908371943742,-4.00368684832074,-4.04977245233019,-1.20069457588899,2.07714400928294
20.8105687783958,11.0896587986888,2.90427795624277,-5.20880402901812,-5.02312741852,-4.91057124312955,-4.12514274916405,0.167601896201842,2.85334012504416
18.0538069047777,10.959346630442,0.777781459147826,-7.32721489629581,-6.06735802796369,-4.72632694983765,-1.85872374262806,-0.819196872308006,3.839208799947
21.1120558562389,11.6830452769103,3.10757558415226,-5.83171182366695,-4.25380577856991,-3.61692038523799,0.654871887110224,1.29666268783624,5.04194123321941
19.7590070121706,11.8948980414282,3.39566373821231,-4.13395663738212,-1.86024018699121,0.884984283066013,1.89651003465785,1.41533005561376,4.75457403078907
21.0348525036884,15.581640961971,1.25849544893862,-1.25527060473892,-2.94831380958909,2.0348766900199,2.6677523642139,-2.66049646476579E-02,4.78566879237648
23.2510583912453,14.8038980749261,1.61194983624891,-0.639827462257368,-0.993689591820419,2.77418324147296,2.29730809170061,0.921000079878601,5.01238118060548
21.3412250823608,14.9430055119932,3.2322136515559,1.02502333224318,-1.09681484967654,3.69726314781874,1.03140480045947,0.137999250177486,4.06100683614781
22.9816081755279,17.3473120539224,6.94733073372717,2.1154878931515,4.28779352589098,4.7999315073824,3.45887718806672,2.4268179730855,1.69908391123981
21.5920719556202,19.4638721541291,6.67082150358932,2.39826420146343,6.50616685517315,4.53877463087352,3.67703067654594,1.14488839646378,0.720171733259462
19.4455771583329,21.6252606310541,5.50037315442438,3.53688843067407,6.35208851069068,4.5671023981904,3.54689050802858,3.07756226292873E-03,1.47722988620714
20.1011676111513,22.2127562469098,6.49070094702013,2.76423382649375,8.16719278895524,4.77313353364013,2.26980565169438,1.13490282584719,1.34484463545429
18.2961043739556,18.4800772686158,7.71383016235607,1.84049550032962,6.23974734389132,3.9025250279792,0.37177855795912,-0.774985818756046,2.81018596593436
21.4940611032878,18.5651747994857,4.97918324863774,2.4084675197453,5.04653156186861,1.67069736117065,0.528837323210684,0.160717565664616,4.16717688116083
22.9639815133112,19.7349222718765,5.30308238799128,3.45823306978343,5.24655284366526,0.715022344448256,-0.427791146251109,0.184102975440194,3.90664986058593
26.2675047197349,20.1413266814767,5.38542606506789,3.18364128498101,5.08214992456006,1.45572547443762,1.09103591547695,0.749092067054363,4.11924817844768
24.7979104275968,21.4684049747435,7.98901173132781,5.10309007528165,5.9069449760945,1.32699856642122,1.92820097123084,1.00575683201608,2.21942011363552
24.549657023561,23.6862511184014,8.80331046823739,5.50402624515359,4.20444378168805,2.73337309871757,2.39710706829705,0.661348046525508,3.39472114524306
22.2806721083837,24.0946594273707,11.82287725279,9.65182317113489,4.51109037609562,4.00047021137469,3.09751743088259,1.4613287879567,0.69576589351182
21.975606349113,24.558333762195,12.3872400179387,10.6646865511436,4.44496724722282,3.75976885582162,2.04824326013278,-0.066167226637445,-2.0519192171682
23.8898679055678,23.6626713076912,13.4606702299637,11.3663836418449,4.26794634664957,3.95627921879323,2.33459068202671,0.95174985072018,-1.63552422702183
24.6670093252074,22.6756736911668,10.8098979367061,11.3532564799178,4.21176297819224,2.17123136794186,5.94757324326436E-02,-0.8341287906601,-0.313532564799176
22.8018431850468,23.9296762888233,13.0869022809054,11.7968169723017,5.77545737093738,3.28326350479185,1.91385489605042,1.79054322038176,-2.80948706669648
18.4172892832127,20.9403455521831,12.3212409526033,9.47495914078916,4.48794653280411,0.690958440345554,-0.196999766518799,-1.17980971281812,0.894524865748307
16.2330741285616,18.857897739214,8.62506380040232,6.89869997297866,1.00204161287416,-2.0949049749302,-2.22325637253431,-2.87326988320773,3.34163989551746
16.5635179153094,18.3861415457507,7.77687296416938,7.32158720758068,1.36733787385253,-1.66271838910276,-2.65990524133847,1.3710393840687,3.65190997927155
19.8979103290293,18.0240566280945,9.30223993282413,7.66040821136834,1.21019718185368,-0.31451868329368,-0.952394982432609,0.503082577727374,2.55076861884312
16.4790728388375,17.7812237993129,4.88807437470784,4.67142019780823,-0.988299190514697,-2.89070093561958,1.14930589047093,-0.731578830215847,1.37634759639998
19.2881213751609,21.6680406705139,6.10708552089209,6.01162841150691,1.63651089801998,0.88659406141074,2.31555806250994,2.53467551814408,0.385444237138612
18.6163567693202,19.5867228355607,5.9296920395119,5.59776292852992,0.25711795467751,3.23358512492737,1.39235909355025,-0.437245787332945,-2.69901220220801
22.2357923907066,20.2366923071429,9.39055659117368,6.10514737917194,2.73046074293101,3.52324427017492,3.73965274653069,1.66627384600003,-5.31236385192804
23.1831698102366,20.5565052504561,8.02220849553963,6.30054731156537,0.397195926048294,2.48732277017223,0.678034275207221,-0.565267981555178,-5.95793889072444
22.9272791147023,18.5249429123485,5.16570056794894,4.36793723285906,-0.310322618420283,1.35766145558873,-0.767023830435039,-1.89853035892032,-2.25496223432285
23.209307351511,18.127723949141,6.74855022872168,5.69823145913627,4.02478118358968,0.383964268991114,-0.863019126175126,1.5725966214026,-6.08363649461514
24.2453196381117,15.1816906034457,3.55692574124392,1.5459377146099,-0.833059627959739,-2.77387954972977,-3.92792093398226,-3.62112209250246,-0.320981756292749
22.0765604374882,13.046954554026,5.2656986611352,-0.496322836130487,-2.404676598152,-5.61040920233831,-3.06015462945502,-1.04770884405055,0.856119177823866
20.8483857909891,13.2481994332893,3.77297966104283,-2.43563403624811,-2.9374250559455,-6.33539803407902,-6.02149223636879,-1.25562319084098,5.04158678998862
22.130871352517,16.2297549250848,7.09317039932311,-1.91537315332719,-3.54246692274861,-2.30698384886672,-0.309245157280747,1.96179736580033,3.45860382924876
22.846513768505,12.2842678530337,3.53378844826263,-4.33305208253433,-5.60711820204034,-6.47771726624224,-1.691340032216,-2.43997852266625,6.81598527268543
21.934488594665,13.0992855752093,5.00396902661494,-2.83972621205087,-4.85194781853312,-0.32201536687287,1.9493162790001,2.36943400182724,3.52419608489225
22.2182334903896,13.5464811906364,6.23289207987435,-1.85476030214645,-4.12534589783861,0.848851993119431,0.118914067758576,0.131628150474908,4.4761050033655
26.2920629380799,16.5183375505337,7.05363115493122,-0.829625105430015,0.654393159410174,4.79961027251839,5.20751534188406,2.77898961696187,2.14859087339673
27.1875226170659,15.8333936455092,7.32213939350077,0.806253166389238,-0.466816240862709,3.34298328146487,3.35528696533257,0.461750018093661,2.3898096547731
27.2261159303728,17.0965703452634,8.42979835698281,4.32871833170563,3.80019532372033,6.38105359912678,3.98259320962831,0.77985867754351,2.01786637559603
25.3255208333333,19.5247395833333,8.58072916666667,2.28587962962964,4.09794560185186,3.40422453703705,0.512152777777789,-0.734953703703693,2.54557291666665
26.7482730233724,20.3371631053366,8.59085865635849,2.8147034611117,6.27366763305774,4.28433372704822,1.09166398224704,1.04155481584881,2.13035541715881
27.6473979798843,20.727184721718,10.0030607814246,4.06443300803632,4.93711161886864,2.10339746738132,0.876237659000473,0.563753229836202,-0.77231345249026
29.4666082334314,20.0230434290884,10.4147817235919,2.25486315313278,7.84748925582447,2.33403076227098,2.2845510065596,0.696250848224393,-0.382407826283652
30.3218222516295,20.455985246294,13.4402320048428,3.08729745329636,6.00565934143287,1.97795390874665,1.66894260414174,0.418115523770646,0.103473033660413
30.5610225805769,17.2835587158487,14.2819856234877,1.23166783061392,5.67794637377521,2.48238207097961,0.897297526083002,-0.216564733103377,-2.12967077928032
27.9559265723237,17.761142769028,14.686937079014,2.4146462841082,3.60199339739681,2.08591795109027,0.840395034730254,0.639232920495414,-3.4064385894821
25.9960402289781,15.2221632401257,13.3957905912397,1.98705900919643,0.883774981707575,-0.778324557753828,-1.91101992797808,-2.34501657078091,-1.67931593520897
24.6808721998709,15.0016674826688,13.2100105725497,1.50144396903448,1.18852488097012,-0.383875797376027,-0.587521553100452,1.08492808537511,-2.26351902704159
24.6306596443363,16.6651431303749,12.7576241271895,5.80045424820516,2.7936967787755,0.103366077644099,-0.322052133067998,0.901464704351934,-0.14836899580208
24.8580077843448,13.6103502955168,10.5975205420211,4.44356350007208,-0.688337898226896,-2.17601268559895,-0.477151506414869,-2.50324347700735,2.34395271731296
21.9184245089289,11.1275587580092,9.15819491912836,4.9923445878776,-1.94178984261053,-3.52656899666936,-2.26397022008403,-0.674111645659649,2.84955482508655
20.6659808406476,10.1334442328598,8.53488592670415,2.56090353930001,-3.21827507460183,-1.70799862834797,-3.75891026623184,-0.547201610961543,3.34011863330927
21.3741732672189,11.9281840555826,6.72276228573919,5.35134781945826,-3.13995106758336,-2.31594078741986,-0.725274246593244,0.49368016785127,4.77127362223303
22.8975648230307,15.8075238376924,8.47382431233362,5.96329629160153,0.171124350361267,-0.148589456486537,2.9513668821566,3.00066196250756,0.659145645835983
24.3901064848724,14.5733562454223,8.46456138373993,5.8327229703082,-0.478195954701671,2.29026987435912,3.47273085807652,-7.04265029015079E-03,0.678911487971144
25.1111205181391,13.3443395560824,7.24787989106662,2.9674469796385,1.64811130395519,2.77060491893495,2.81999181588565,-0.179203883221152,1.60154651540164
28.1567929736866,13.2075205275383,7.89683632332904,2.44918419361899,0.499862326054276,3.23216063372378,-0.256285345137983,-6.98960032194529E-02,1.4360451570542
30.087379515359,16.5764692023588,9.4579143944066,3.50418881181877,1.45517035887273,4.55399028500551,1.60830971568743,1.85291692363127,-1.97556699673628
29.5841553680617,13.1385635730177,8.41833522226421,3.28673970532679,2.93693769326561,0.654829366578525,0.839524828946816,-0.961955533168227,-1.38101834361751
27.7630879431433,13.2859061529422,7.73874478860628,2.28112146394694,3.59900948543608,0.674333361313962,0.921262486359429,1.25912868295025E-02,0.976524245222309
30.8246764068663,13.3450919393367,7.48222320982168,2.44500305538581,4.82403755346925,1.57630131659351,-0.211793789233944,0.730514971390477,-1.45825231931585E-02
31.343397854851,14.6749911256812,6.64912683663597,1.53195102768091,4.12882030722543,1.4157148524775,0.511578375895256,-0.233168375408038,-2.03378505355913
29.2099645134382,13.5364974339398,3.78405508193013,-0.426969786939262,-0.381727955210593,-2.01538222278776,-1.05611400941596,-1.56296390550113,-1.47530785652683
27.8851337930252,14.8598223659942,3.50798785505519,-0.563973780539699,-0.729264209301664,-1.40035753809483,-2.15941658863255,-0.353281688941843,-3.18804801225845
31.7286909776103,17.4448570161827,4.86726889824873,1.16451452006207,1.8108512524939,0.967080469962317,0.470377964974504,2.34704056750165,-4.47655730436709
31.7264753067985,17.464076618028,5.4150721940175,3.18431525068235,1.63070277177799,-1.45846500031278E-02,1.75363053609006,-0.253495107197184,-5.30464555827956
29.8711909684478,13.7000802836214,1.47636606489474,-0.127885414668454,-2.53071026138359,-2.07600656478462,-0.151331074024349,-2.29909556592848,-2.42911240417475
30.2794618834081,13.52466367713,1.66385650224216,-2.03623318385651,-2.55641255605382,-1.49739910313901,-3.57094170403587,-0.987264573991031,1.83390134529148
28.9975818861288,11.9447497618524,2.37561368799004,-1.66336923866051,-4.75269289953835,-3.29303143548033,-5.50817029383746,-2.12867296841796,3.41906646149336
29.614185220103,11.714410036986,2.03785626223803,5.72920443832178E-02,-4.43686996881571,-4.68634418739574,-2.074842265574,1.0298063673943,2.98861411269851
29.8087994778106,8.63519351077016,0.429779462995688,-0.52218938166029,-5.37150987539329,-5.6018012600019,-2.21930487205627,-1.13018797350916,4.45621163338198
29.3711589432907,10.338449887863,1.86045495587335,-0.297818425421617,-3.00731075058981,-2.48958727754639,0.62767599685433,0.71578364838493,5.37092593131972
31.5434964877299,9.68216950490026,2.57096758283955,-5.00243075860831E-02,0.681316977968157,1.8008750730989,2.8471581261317,3.24030690969556,0.886346182299861
32.2093583493935,8.00575331595057,2.44870196122888,-0.606507198730315,-2.27865321392133,3.30603106223783,3.39176397233873,-0.563286475456301,0.595879152023586
32.9699811986395,8.79861419185836,1.40693326573292,0.192238629401933,-1.39144150805219,2.90188788192463,3.29481519037257,0.616149453211371,0.864017576103274
31.0451114621731,10.9250482710198,2.2460944356679,0.551869404949967,1.17535545023697,4.26610496752677,0.346849218887137,0.290679304897321,-1.21748288572933
29.8649694557315,11.5066202283219,5.58089393813749,0.272963485087198,3.68535257207618,5.09716117975509,2.46841916134561,1.5776598391243,-2.00610885369157
29.7515870632521,9.5084119590192,3.05470392278737,0.175292794837592,4.69239955583181,0.878559107193999,0.822688893699949,-1.06083567871833,-3.36827549602274
29.4625185769526,8.82537312381583,5.64387189474351,-0.689548307120165,2.87863527191023,0.592349465054205,-0.315544066996768,-0.853659395535905,-2.17006980003803
29.0746868847652,9.80117008056522,7.44425361984949,-0.537566846786454,4.80947793183374,0.85661626104806,-1.0262639802287,0.880352978958106,-1.07652997109706
29.2996709100085,10.7306082123235,6.93718859059927,-2.11953856323432,2.38750168809662,-1.23248821886261,-1.77552224378247,-1.81035034223938,0.736365510231635
29.5313987518071,11.1519339938648,5.82066922887063,0.241881456930296,-8.88544127499024E-02,-2.04717746200769,-0.121293325341139,0.785585839709451,-1.49712633546067
29.5701256088924,10.3262362140988,5.77887631354524,-1.87762889727245,-2.00193689201103,-3.48568289897807,-3.52109622306058,-2.48543717387218,1.41797840509951
28.3780670429674,9.45527588987443,3.86044234535193,-3.92811888031332,-2.24268517451905,-2.21820642783089,-1.29233383250778,0.381580463080287,0.794839304227621
28.7389905149052,10.4759485094851,5.63600948509486,-1.61684168925022,-0.514481707317071,-1.08824525745258,-7.69252484191451E-02,1.97606142728094,1.01273148148147
30.0718987913383,11.5369689614541,2.95991589464252,0.688647893485362,-2.10333951893429,0.730982804970112,2.3714606250044,2.18730376004534E-02,0.627967853690552
29.6272962872811,8.4842714165032,1.08245872768144,0.219784940078173,-2.51070288226115,-1.51988087226701,0.562706719548682,-1.4640397474263,2.49781646883636
29.4346103414857,8.7473633202212,0.763924519696712,2.74927313152043,-1.17510404195884,1.39815289892252,-0.974858902001031,0.460350037056043,3.19893392622998
29.7171428571429,8.91642857142857,1.25714285714285,1.50714285714285,-2.31285714285715,0.788571428571426,-1.23357142857143,-0.234285714285712,3.085
31.0547680097254,11.7046621626342,2.40059805353137,4.73831664698772,1.70473202870097,1.00257805786307,2.40968064220889,2.18750654994375,0.876819137713001
32.3860409348114,10.4636894619856,1.49351059130399,3.70572933100543,0.569357089267066,0.624049026413407,1.60499800164077,-0.360405842220764,3.09920977162609
33.0297336751158,11.6902165941427,1.18669283583966,0.866097184485691,3.35612658988203,2.43694602957303,2.21483400968073,0.386949871133118,2.67512275530659
32.9816250854527,12.4840315708791,1.89963885455437,2.54182865271344,4.08860838161266,3.09977419778065,1.16422795666256,1.13660689007506,1.36379016275713
28.6448769739258,14.7915381897048,1.77384821125424,1.59923502795891,1.81750150707807,2.992675947034,1.17933189670106,-0.345068909845552,1.41214947442817
28.6322773676118,15.8415635864973,1.18778828972337,1.35816491903646,1.84159129001426,0.869197844666377,0.841494327704893,4.64033909104654E-02,3.65132353552284
26.7524500635894,17.2201554710719,5.19257057747369,1.58395505893074,5.00214231791998,3.00604609724082,1.50982405789018,1.80294755741752,2.1008317634337
26.3821334548745,17.8726675328739,4.12922361072374,2.59317963823375,4.53942490187142,2.60542445289488,1.82447738450758,-2.44896293222427E-02,3.01018360419317
26.7691699820154,16.675295656439,3.11937980271404,3.28015150689411,4.62695514741948,1.34544116845605,1.63905389939507,-0.142378331244204,4.27339364543027
26.1914360092103,15.2278333116967,5.20439746646897,2.13109041590083,2.20419932083877,1.39248549778964,-0.464617339792422,-0.297218445308399,3.88707065599869
26.9587993959561,17.119699581713,7.916048590787,5.99166098705046,4.70472677705167,3.52269841906213,1.77538120247497,2.20569565275495,2.8859132154646
30.2519217190893,16.6100475600496,8.70268974061789,5.54267748424657,4.6327751355528,2.05760494517939,2.22080119366398,0.311738139962436,1.56668398545222
29.5649360083473,17.2117073686157,9.03741761652556,8.62467475862797,4.36450807655224,2.92221943391492,3.34750967469259,0.858505144426981,1.30889015096482
30.3367850259694,16.0611504916212,7.22764838467319,9.25685166432562,5.71391239016104,4.09825890961356,2.22585176232321,1.0707869205893,8.88511416718322E-02
30.1573208108073,14.5199479105008,6.61247254120463,6.80715046762164,5.03794904173738,3.74163082225117,1.26277573892112,-0.670191915604492,2.18091893242833
32.021016125785,15.5893412652539,7.94858972443936,7.95573364853192,4.50716665476013,2.80496437779669,1.65674094182897,1.25408340206654,0.850776414659326
33.1929852175396,13.7810044727764,7.10856648172195,8.39203032568633,3.59199359907659,1.5425176090977,-0.384973569957641,-0.983092642873071,1.43102611524285
33.3392000417188,14.9627138089278,5.92863475177304,8.52628285356696,4.31268251981643,1.29197955778055,0.88782853566958,0.606226533166455,-0.238579474342919
30.5840040208615,14.7107394860347,6.69904243444885,8.61678448574095,4.46733376413992,8.87722664995594E-02,-0.506524108850464,-0.135116611510365,-5.22189802938594E-02
31.510922876894,15.7419446196625,7.98522161146226,7.87258145492463,3.67142544508953,2.13437005187883,1.85630977974021,1.39094501873044,2.57463214944394E-03
32.3375427434363,15.0650086613818,7.26332532665323,8.15908607932408,3.32352354028347,0.843599271027189,1.21001758035122,-4.82976681885799E-02,-2.16631141048509
31.8970645286435,13.8542609595241,7.10396999870683,7.42855295486874,2.09103840682788,1.41083667399456,0.943359627570149,-0.405405405405404,-3.55812750549592
31.6331464565283,12.3639262424694,7.56655035872507,5.37434168398218,-0.015028554253082,-0.239150037244668,-1.51592373335423,-1.05722612093411,-2.22291919865135
33.156131425474,11.1101677758113,7.9394727045931,5.74839506011585,0.70205915583101,-0.052246262759514,-1.41456756421391,5.15931844750206E-02,-2.49018749877549
33.5028255860355,12.4525314418856,7.08906710605925,7.06718329621669,0.894017996215395,2.5745658638435E-03,0.45441087496622,1.44497509107527,-4.23644812893427
32.455915167552,9.60815676362368,5.22369884744246,3.21610289422932,-0.36531664066665,-2.21427960216688,-0.736557334965743,-2.26627962849602,-1.80222876062216
29.7176800284264,8.69352427308137,5.63567247933385,1.44545680055243,-2.85001709607997,-3.68940110085346,-2.65760239211033,-1.85442185080151,-1.94157833692016
29.6257685110933,7.32892274792836,6.85979684576317,1.90323442929698,-2.37971130713712,-2.27345629510826,-3.8265169740711,0.322774659182047,-2.09636460839349
29.348059045731,8.20585635063091,8.59833364588635,1.97645136228467,-4.0547057090042,-2.55378144506658,-1.75141318616552,-0.222359150212994,0.393147051731998
27.1722765888805,10.4554253145499,7.32202387353478,-0.587428755780192,-4.37076567372836,-4.4238627809442,-0.250698999892463,-0.35218840735563,0.206339391332412
27.5369507658277,9.45470389114187,8.60408217984381,-0.630760465194227,-3.6699400073734,-1.83530515802528,-0.304990448101363,0.268793779535475,0.565740523511081
24.6251563984931,7.1775798059633,6.10483997784782,-3.5313583251858,-4.6362324884966,-1.98002201543816,-2.08326211361881,-1.99916587470344,3.52588865111001
24.0336375364327,8.00393166010252,3.12075520637803,-4.47908916540959,-4.51731363862856,-2.14125308014171,-1.55696470379446,0.165184330696305,2.4784475403234
26.0735848427232,7.74742319623737,5.8434237299443,-1.43500450315221,-3.64988825511191,0.391607458554329,0.473664898762476,2.26291737549619,-0.966009540011342
27.3470564956973,7.65371484529583,4.7487775922088,-3.27719312366272,-1.89951103688351,0.205914508588725,1.89816957428686,-0.539267963860995,1.05036521319193
26.2056002506182,6.67604263175785,5.06835345166601,-1.63235107879143,0.581220963946972,0.562557905471612,2.35021229229016,0.6252124589246,0.479907217937868
26.2445680170125,8.05188286729451,4.4314414402515,-1.31424269241437,1.17423291814711,3.40580380139747,1.00582493494829,0.917328190835971,-1.94032413583591
26.3284798912971,8.99329931927478,4.62586755831456,-2.04284172805627,0.550175176842021,2.41850613451983,0.694712723300507,-0.855235989183006,-1.28152184048916
25.0095993856393,6.4885110510822,4.35845790079961,-4.65822818918536,-0.22701704985617,-0.975432309174319,-1.06570021623879,-1.13643253147587,-1.39578435401187
24.5630803746258,11.0801356724215,4.92443099225392,-3.07320602428032,0.977053837524976,1.03944722117126,-0.505120903774808,1.46690827508844,-2.95505685099265
24.6257023263836,12.0558013651832,6.67201772482736,-2.59437873551399,2.9771341766778,0.477615108557937,0.407962905226575,6.10285972046297E-02,-2.47232154110475
22.3612607758621,11.8191002155172,4.49555495689655,-3.0724676724138,1.33149245689655,-1.9787176724138,2.22252155172365E-02,-1.52815193965518,-0.516567887931024
23.3621213143513,9.89069563457256,6.64192699547938,-3.31354159638352,-1.13690034410634,-1.29815801902706,-1.65103569259834,-0.18217394237906,-0.790769853586114
23.5689154568745,10.934244235696,5.10947907771136,-6.14244235695987,-1.85550811272417,-1.41554227156277,-2.98821520068318,-1.25362937660119,1.75849701110162
21.7844806949147,8.66659826955303,3.08402585410895,-3.91094695803838,-2.6155056256626,-3.04503949933313,-1.55603433535105,-0.11627509319107,0.763995759378959
21.0716763477575,9.05442722857804,3.60150181605474,-1.45216362177089,-2.99002870318728,-2.53499476268858,-0.808042333800375,0.55569914706643,-0.280910339949131
21.7421621658216,6.89241975993989,5.43689451842425,-1.30455680948867,-1.63898912079504,-0.519250167554639,0.905810592161835,0.467799042738288,0.286366128912133
21.9154232239285,6.03109400291082,4.56344618397966,-1.54381860471442,-0.958255689005557,-0.797072865517744,0.566520219263058,-0.45906500360451,0.177505134727071
21.9242828082095,6.50759655989634,6.00809673109588,0.110776171709786,-1.14670121988063,1.72810827867257,1.2937314114227,1.28298947962053,-3.24742025794065
21.6356009285782,6.16472760348081,2.84478896566705,-1.26457691315621,-2.32619703778119,0.758203119696995,-0.265405031156248,-1.10438359511818,-2.42665725417792
24.1185738938264,4.71594513297273,2.72288877217632,0.237366055289922,-1.27618359036621,-0.281701669065345,-0.29261505091776,-0.486327578798035,-3.3142576513038
24.8764648701193,5.16349840686936,3.35164983528648,1.1023653939623,-0.049954096235892,0.285548414970013,-0.548820003240273,1.03080952638116,-5.34373818653129
24.393240958866,3.9558992253851,1.68500804486113,-1.76240164563236,0.627295500987787,0.177190612291998,-1.56144984012124E-02,-0.568231963557111,-2.82350864567987
21.4881481070279,1.4197290995892,-0.143638281336749,-3.45495170423006,-1.4523426224048,-3.35641723104253,-1.7326801376707,-2.21147440879317,-2.8623570556234
21.3861854508268,1.38298538404281,-0.444531016299462,-4.37017816023986,-2.27830841687131,-2.48700842452364,-3.05328111195363,-0.253918342643663,-2.11482674421032
17.2783068783069,-0.649735449735452,-3.72980599647266,-6.82045855379189,-4.20670194003528,-3.42786596119929,-3.91463844797178,-1.40881834215168,0.803527336860677
16.3236342889745,0.583368991584657,-4.83597204393096,-7.07031807160176,-4.86235914990729,-5.64541434888032,-2.77563828269861,-1.09114249037227,1.11039794608472
17.4360765683946,1.54324437613526,-2.55134833030599,-3.70755903311443,-4.05826463602067,-2.90554701690652,-0.424060360486233,2.03996087746263,-2.29286013692889
14.428482644817,-1.59014765656813,-4.55042253923579,-7.62213634123169,-5.23977226456743,-2.94670219377514,-1.25940265881833,-2.25235200411468,-1.32012258281125
15.7732024703817,1.39794040097506,-6.36144612563696,-7.13681622094139,-4.1945318996212,-2.16051795575203,0.346109290937899,0.511701621099167,-2.63170986518084
16.1188055063721,3.55380750092731,-5.06477055616597,-3.91282743948099,-3.67208112590891,0.797122241740099,-0.175660827635437,1.52705946573915,-3.29136602537635
13.6136326766683,3.32635053640577,-6.80575833879967,-4.5374073368741,-3.89484895293313,1.09820351679045,1.26254611114638,-0.784330321561334,0.570614415596318
11.9306725392898,1.51367815927583,-9.44314948018706,-4.6597262938123,-3.04165653734502,-2.34666590398834,-0.607044287777604,-1.3721059932217,1.20193338958087
12.1819326909852,-2.79645863948631,-10.0673958838561,-5.83904617812492,-4.05967901895916,-1.33778295774544,-3.43856550286306,-1.24439875777296,4.41005074598772
12.7361244927155,-3.64076961256606,-12.3886893813319,-7.31219526437185,-3.46413243408952,-2.70284079296955,-3.48383988788649,-0.82844296516891,5.48962074100027
12.2204854326777,-2.57044852589989,-10.3425817376579,-6.89433082946176,-1.47192913898659,-3.4033838449626,-1.20996338268711,0.855368850679514,4.09231036429162
13.8597057214593,0.664160576774704,-7.58980545074552,-3.12232617508032,-0.388537444068856,0.567376881320741,3.1188195194479,3.08585695650344,1.91884196204397
13.1461999872827,-1.95988384826797,-8.23942517609987,-5.23530617003087,1.09651756759622,1.18765852521214,3.20406389758301,-0.739725446696656,5.29253421318505
16.5290402202023,0.896478565634284,-7.71748098536375,-2.14308990438949,2.44330275738226,4.2237799086188,4.19119329409073,1.86645034701277,4.58015267175572
14.0923715620135,1.08562532433835,-7.44646254973187,-1.44196505794845,1.1319840857983,5.20394395433316,1.34163639508736,0.203425012973538,3.34405812143227
13.8194256157841,-0.116100416432022,-7.52149943340215,-2.985935859734,1.434917721651,3.93142428097692,1.6003781953685,-0.475525058919218,3.02764858420061
14.1286247092663,1.13472151498053,-5.31234087061835,-1.36042718927623,3.75992623277963,1.88271562461294,0.750746617855526,1.01911616960955,2.22196226311226
17.7420653559686,5.07817218009797,-2.74508488223848,3.30000671005838,7.30792457894383,5.02650473059115,3.0228812990673,2.48808964637992,0.377776286653701
18.9104795242546,6.54547624256647,-3.00257894283234,4.70043822139129,9.17082678653115,4.37956204379562,4.63811929433758,1.19798192751115,-2.35287097993197
19.6447461803184,3.35167851738775,-1.71735025910899,5.09380147029285,7.48001446189692,3.2358494355843,2.7022322205707,-0.990238219579799,-1.19980181844962
19.5862236497611,2.84015762908582,-0.648465545628755,5.3820615941051,3.78552727469028,2.93867580771411,-0.562768225863041,-0.784096736754021,-1.5189343841939
19.9998653661032,5.25072197427146,-0.733081567946369,3.64252007727985,4.72026442097326,2.17366426345161,-1.53886544015186,0.238975166777737,-2.45370276874609
18.8010134164032,6.83053351426872,0.190516935952895,6.42142346232779,3.58439231782237,0.376354508566585,0.157092912101511,0.696556657062835,-1.50073867092712
18.1705230568682,7.34479387322797,-1.01569713758078,4.46811688664387,1.8759165716148,-2.40956493400683,-0.616479278692081,-1.56496116452121,-2.44283308891424
18.5659298212325,6.55706599081089,-1.09713619668486,3.1694292723256,2.52429421411436,-1.21437187427997,-0.667497933128221,0.188390279603701,-1.67043899001126
16.5870704717531,6.57507965329405,-0.216519921888373,2.85587036212272,0.426873137140705,-1.54236184864161,-2.49957175648361,-1.11069238411731,1.7849189763267
14.0304749285744,5.2268367079348,-1.10209377113439,3.48363766855755,-2.84598291306088,-2.51542379197549,-1.64382427228687,-0.717016548659138,3.30904172360013
16.4332057442246,3.67633086299102,-1.72856095773272,6.24983033363194,-2.36786383255965,-1.52360398512366,-0.147949072942969,1.6573010831501,0.478459157911879
10.7878070846962,1.77743753914679,-3.75878627601086,4.65307258681885,-3.9446029647157,-2.50400167026237,-1.56935068550351,-2.54575822952188,2.96262787946273
10.519569127711,2.12955114024025,-3.39625502236373,4.76564599830464,-2.13299701587171,-1.69881668630816,0.134389149626815,0.972426103197077,0.13921337551085
12.8131942107035,4.12319084483339,-1.93066307640526,4.01480982834063,-6.7317401548239E-04,1.75361831033322,0.809155166610568,2.32177717940088,-3.64456411982498
15.2544071181889,3.33531506135564,-0.289243224828153,5.45220138810027,7.21438066545933E-02,3.20305141582221,4.01533723889619,0.768865939439282,-6.3894028764003
13.5059742119376,3.28530999034129,-0.266120916158406,2.58150797349598,0.5167068549776,0.476180827136225,1.99388056979595,-1.11311489804327,-4.40653009395284
12.418636403577,4.03522883194658,-1.83173704096737,2.31299046280087,0.257524654099099,2.87738176509155,-0.407578389558421,-7.16472790931851E-02,-3.87706408375973
10.9123693247903,1.42116817959711,-3.7480299787341,1.00617330681403,-0.441835337191942,0.13901984129715,-3.02677852487561,-1.81964584351321,-1.69370212590242
9.73689358372456,1.70816566063044,-3.73351218421641,-1.52721886876817,-1.23658618376929,-3.78241672255758,-3.43519450033535,-1.51394477978986,-1.10105074893807
10.3770622823543,-1.190985899412,-5.76154592681395,-6.34669178512303,-5.1464291830793,-6.82551235942228,-5.57387109664898,-2.14077753039904,0.344665182394257
10.9786686827435,2.23487765758254,-3.42403323700443,-6.57674398886447,-1.52689554790892,-4.60965597156767,-2.66659129930968,0.984250577620139,-1.28524895957719
12.7507717405826,2.33104330888608,-2.80850285842868,-5.02563092869047,-2.03219160261865,-4.03344326388255,-0.650441948935033,0.479569090998582,-1.54699706773597E-02
11.956567396144,0.802285042214477,-2.92631018888002,-3.74819730891474,-3.99602357849932,-1.7228826255583,1.8944008064855,0.441746825163479,-0.95140084848995
10.3899406612037,-0.11797117829896,-4.34656682678724,-4.93854196100594,-5.75091833851371,-1.1133088443063,2.18988414806404E-02,-0.905623057360848,0.105255721955355
10.8399291703113,0.666339541598228,-4.56481698774704,-6.3817834005362,-5.28662556269067,0.343481321869744,-1.13213719340913,-0.669184107410795,-0.450863681294857
8.50261255457734,-0.442344857204213,-6.61298403836519,-5.42409276358172,-5.8957841242574,-1.30198267840527,-2.24178655786989,-0.650633455013968,-1.2311216090473
9.94169731835797,1.53950024263481,-3.60998389467539,-3.7815864799668,-2.19004283031739,-1.54723642475719E-02,0.442368959624176,1.74345413498936,-1.71743243148205
9.87115059759829,-1.16480425210096,-3.62305011909558,-3.15373578451122,-1.16833824558427,-0.960539428765304,0.610674073916999,-0.498999879844234,-1.30687079013026
10.8186494859183,-0.640749705382167,-4.53535061287568,-2.25603172698982,1.1100212407116,0.105145050773064,1.41063729191512,0.15948175486384,-1.42686773599419
8.78022645283422,-2.27595813837198,-5.22484551916278,-5.2598492695646,-1.10297531878416,-0.452905668464489,-1.57445440582921,-1.23156052434189,0.594349394578002
8.37451989274586,-4.94745996086673,-4.43655337343284,-4.13073411116748,-3.05891731284874,-1.24646713529965,-2.53134285093122,-1.4457569389086,2.46901949416624
9.30896548763121,-3.27162658232377,-2.86231547009954,-3.83120925672823,-2.21471659498952,-1.74744359449577,-1.40396573808382,1.25727207024122,3.59578380931254
11.9326238595184,-3.40318260595557,-1.51539023447012,-6.38526433390149,-1.37932022286836,-1.32417606027185,-0.251371442485354,-8.09258490052644E-02,4.1200567197101
13.0105163687387,-5.26176380049683,-0.381567361314951,-7.16888472084017,-0.667205967627636,-1.44752195981015,1.2148589346181,0.037941970262084,4.74203039652939
13.5637032460569,-4.39151522898513,-1.64965877699426,-5.13858411981507,0.786126675046348,0.590837753964377,0.759851438391675,0.802459930264115,4.12237158865762
14.6177075892699,-3.81549820717554,0.997192302524108,-4.63234722094528,-0.560125038013542,2.40952778347489,1.24684399244681,0.410192578343243,3.85934637934326
15.5126681955074,-1.09482496615367,2.80786339899981,-0.366783632194067,2.27184814743183,3.47097505042412,3.51241952863814,2.33125189953858,1.13972315088553
14.6622462806166,-2.93767668360995,1.71817287652952,1.54828148321377,2.52979977577087,3.95702504350458,3.14333468604482,0.423008934774076,-0.595651605714394
15.2237357409901,-2.60745945280943,3.0988784165237,4.22046189281736,4.32366670995345,4.52734244178497,3.35859914838938,0.631531463799715,-0.551564817409486
14.6171788681098,-3.27645237413212,4.61322311794956,3.47355785625623,5.88724747991433,3.95916028972459,1.26174789595013,0.212110051697571,1.7207513197201
14.6342626009506,-4.22937066746565,5.93446552358123,3.1616435371185,4.83950045623544,3.71593555504106,0.998951339425557,0.157980034592176,1.86784152968255
12.2529401319474,-3.8409528622748,6.43209353785634,2.44498777506112,4.6359153679092,1.12687984046113,7.58082801764849E-02,-0.295037630957092,0.360601548947561
10.0691249022633,-6.54299375177309,4.38344600438692,2.04883719321068,3.34484261802784,-0.59922087447498,-1.45376796451727,-1.31537977179787,2.49513911473073
10.6739333626567,-4.79299538157027,2.00544314932923,3.35729601935341,3.22121728612271,-0.554623927864522,-0.927809544754783,0.675582801847367,0.247415878601285
11.8542358107882,-2.85829226591571,5.09973515706192,6.32605853364177,5.19494451708069,1.69164236146033,1.82574005162761,2.44124844949546,-0.821348352274632
12.7963796065429,-2.4091392207063,3.58697032694506,4.95197096198453,3.22533205879797,1.83359291964411,3.39311617211575,0.302145096492575,-1.06820323936977
11.0826811840762,-5.72439605307927,1.65022116366111,3.72031303164342,1.0636270840422,0.359305886355901,0.984008166042874,-1.80129295678802,-0.372235454236137
11.6265096842574,-4.83369000924881,2.89346304184922,4.33276850270377,1.22597500793239,2.43439751024458,-0.687248104666946,0.794588427498024,-1.12201016695132
9.57810014808315,-6.03027477650413,0.371579005100647,4.03046673613779,-0.519662151044804,0.246805243240288,-2.55923325837766,-1.55144518181319,-0.370893434980535
9.9290156841536,-3.46268253109789,-0.750405624661973,6.71308815575987,0.720659816116825,-0.828150351541374,0.655759870200111,1.38994050838291,-0.292725797728512
9.37776606598693,-3.46083419482564,-1.91758052419272,5.57571334941452,1.06554774018743,-1.07973702525017,-0.086487070858585,5.33787390455316E-02,0.914195366184905
7.03127668148877,-6.12214230582707,-2.01840126226921,4.62353913512702,1.28549278361782,-0.373626223506351,0.368161854606796,-1.09014159545911,1.65843596101173
7.13207933636023,-3.72648755675417,-1.18185231966681,4.62772676065956,0.656129450722024,-1.13474208855357,-0.99341139521387,4.23309323046542E-02,2.30293926876728
5.50291419802784,-2.63826097727131,-2.22125885097335,3.10067917673045,-2.63000350942384,-0.372274175457435,-1.84141532998906,-0.785835690152286,2.74147932536487
7.65965813936142,-1.45978967637827,-1.42792246096267,4.12917748682934,-1.4306345644023,-0.293585197339437,0.73498003213842,1.46724796083722,2.0869635967916
7.15022229364186,0.029460603138897,1.38197011087899,3.0665809630939,1.60828110771868,0.905913546520969,1.93301730140875,1.24872783759174,1.5480207831164
7.91165818949009,3.15794424548667E-02,0.849957334157525,2.31403403860755,0.473019733792017,1.6313805591577,2.35703583258864,-0.350061479127335,8.46597819002755E-02
11.0853054632336,0.435804001655134,2.59813932380304,2.35387551889375,2.65219770685674,2.2510978523472,1.56902788344747,0.672059157223145,-1.14723901813959
9.52868921082066,2.04009189120403,2.94761799513753,1.79830818380919,0.9289584547275,2.6683276738532,-3.01392433040678E-02,-0.355643070987976,-3.17198791751223
9.83097001295122,2.69783814299473,2.13661873609405,2.46471623551291,1.70424733503803,2.04429980407134,1.15166207285891,0.835519543054505,-3.5307010261349
11.1344814853888,1.16639413440237,5.25767486021732,3.45632450680452,3.46885219959912,1.52442240742695,1.20397721278616,0.724628125329677,-5.63812110982171
7.16649771410541,-8.99588471840965E-02,2.58866652792416,2.97804064260155,1.67296602375181,0.08458816974026,-0.234967138167391,-1.81730298005466,-3.32780601113072
7.04771163726464,-1.28950370985491,-0.290982250757833,1.76547235668618,1.88767139934782,-1.16055333886943,-1.65137490801315,-0.565761313538431,-3.31355194134447
3.15277614459331,-4.73608123344239,-3.54842949139177,-3.16384337107719,-2.01700202668584,-3.27589903922639,-4.90623984063194,-2.45415747279883,-1.17796791887723
4.14667226624624,-3.36319010802139,-1.93047800673326,-2.99348016165344,-2.82480430157867,-3.65992192717334,-2.55285750676424,0.466784625023234,-2.50879524127533
4.52858929656986,-3.72712471962714,-3.37775044894593,-2.6810981532076,-3.9954441595103,-5.97499877719005,-3.49793519806027,-1.49252688435012,-1.06279653141224
3.60069444444444,-4.62291666666666,-0.904861111111109,-2.86597222222222,-4.05416666666667,-3.44236111111111,-0.39652777777778,0.615972222222215,-3.32152777777777
6.45690624323549,-5.26356215653826,5.23702788193644E-02,-1.852511329437,-4.25665626243794,-3.42711104593922,-1.4230750431182,-0.550935333179721,-2.46768753796845
7.2045524540135,-3.92810146428871,1.91225466864519,-3.53613125402469,-5.38749055071815,-1.19200940728504,-0.171486966990512,-0.240081753786701,-0.53265951787665
7.53786942551464,-4.66438331979803,5.36704212421871E-02,-4.51537728187564,-7.10356272730484,-2.57335546061227,-1.6913244588821,-0.891917658274786,-2.08184739239434
5.67899316345557,-3.37801570710209,-0.437171591615333,-3.39779083564042,-5.20156506017288,-1.07421323238601,-1.14342618227017,-9.18130967850456E-03,-0.523334651675242
6.35482735585453,-5.01950192864376,-2.60384866790694,-5.20626072965227,-6.39433402529863,-3.43564363547555,-2.62252454800779,-1.70596981690454,-1.1988478418584
4.39800396629367,-5.25856082246899,-1.34811028301008,-4.04218303657725,-3.50379804835442,-2.53012306965355,-1.38032746980533,0.329331242795873,-2.03111464306936
5.90892777977158,-3.94491474733829,1.04709831324283,-3.78587965406348,-2.21101001358132,-0.535511973372186,0.362402978037666,1.70997910025544,-2.08082641952894
0.811354637703109,-6.04441174985757,-0.759427940890108,-7.71327808909756,-3.21368556942673,-2.12610975284335,-0.403874308545558,-2.48815422228953,-0.203379562517575
1.90342986560265,-5.74933795287219,-0.949940007525691,-5.66556147986169,-2.23569587720357,-0.526087851701449,0.833504909443313,1.55767442190684,-0.707130229817327
-1.24174833512664,-7.10588303719429,-2.86081949573966,-8.93506266903191,-4.11710820949777,-1.2133945967953,-3.3144793090412,-2.40134353098555,1.81100415854829
-1.02309266296405,-7.13899444606839,-3.55817012569423,-9.11064016369481,-4.40514469453376,-2.07322420344928,-1.32782812043261,-0.517392575270383,2.77185033615901
-0.391663672296087,-6.45777937477541,-0.600071864893993,-8.20337765001797,-1.76428314768235,-2.12504491555875,-1.22242184692778,1.66007905138339,-0.88825008983111
-1.52628726287262,-6.44914182475158,0.27822944896115,-9.60361336946704,-2.32484191508582,-0.203794037940375,0.59765130984643,-0.560072267389341,-0.32809394760614
-1.15619749025777,-3.04386686210718,7.72228379392891E-02,-6.50816917521719,0.4561867648636,-0.712166172106828,2.15580422580529,1.05823889027921,-3.22548353651996
-1.44745392354987,-2.6478338177222,0.289205149993943,-5.76982126407643,0.258499418019275,1.7787901941602,0.634823156406437,0.131391969379969,-6.07616449703298
-0.800665562136909,-0.794265926205092,0.672672843500461,-2.80019625550192,-1.04811815150072,2.69709100993365,1.60559754822836,0.422375971500276,-6.2218682670497
-3.44925098249633,-1.67205649897762,-2.10493495946749,-5.31853183868207,-0.538741534579509,-0.896210682019222,-1.40739881375349,-1.97151848253258,-2.35146540597764
-1.07380311917692,-3.78405028965858,-2.52028335061376,-3.76447386547372,-2.12440455043104,-0.329173947404671,-1.53566171939009,5.07536923310709E-03,-3.95588779083678
-4.12799976356543,-3.43051779170113,-6.96595342239035,-6.3955550301454,-1.62844307837806,-3.33298853292351,-3.90782007329471,-1.90403712022698,-3.62114316113016
-8.12210142172889,-6.97711548696115,-10.5352391089485,-8.88086368128944,-4.03710180187031,-6.46924655972023,-4.8536455561469,-2.89971869535468,-0.568691553257813
-5.19930544497776,-8.34527573682735,-10.9399998483504,-8.32935253216868,-5.51018705974235,-6.63466860778114,-4.57830046328944,0.267661487833911,0.607356520552307
-2.33160814132217,-5.27656288287753,-8.87421939393039,-5.14884422035924,-2.750406546324,-2.40809082876047,-0.499736394620966,2.0702304133778,-0.816062849462765
-3.46959574227153,-5.58109689351903,-10.8624919790133,-6.89012191899747,-5.57883214434,-4.11882384025969,0.705846827463869,-1.6653455629789,2.95021326388102
-5.59478086213902,-5.89989497328335,-12.2497949295861,-6.72630957583006,-7.35646987573116,-3.75719662994565,-1.10393045238149,-1.55010234355236,3.74186426255146
-8.57916227003716,-4.75753544065697,-10.5052683090945,-6.8013946873423,-7.53238213209769,-0.571944151335812,-2.97365080821521,0.259209983025177,4.5044425073787
-7.01516384793948,-4.14669440173645,-9.66205420397335,-7.10183594103283,-3.94169605981129,0.603689970154653,0.165053812064742,1.43348105272678,3.32067167103797
-6.11355673344714,-6.74842032761356,-11.6588806037193,-3.8069355853023,-3.25592189979936,-0.822777228760519,2.34255682328631,0.664809990117697,2.5499356152487
-3.86146817918504,-3.78813988106151,-9.69693414385546,-3.28364118997162,0.754548187691109,2.8656698906675,4.0997851480865,2.05392563044004,1.86547190426258
-6.64257633531377,-6.5819810233218,-8.59123289290887,-1.64346309597706,2.80364163045728,3.60689899796045,1.95087345925335,-0.775176613165441,2.27158523247909
-4.58393391525759,-5.74509961733481,-8.38058724107907,-0.122189459512857,3.50471563512911,4.31028805982162,2.26891924520571,0.987027430436151,1.59724305459015
-4.27894084178276,-4.92450215187103,-6.40017506747392,-1.50266248449923,1.76453424757459,3.21394704208915,0.5230140783427,0.304179735939899,-0.215916551170766
-5.13221101198732,-6.09148914424215,-7.98814408153135,-1.01987180423134,3.29468965819328,2.48653068375943,1.20749317408635,-0.081764954956279,-8.03048664749017E-02
-3.42362705788348,-7.27988655096208,-6.53771676612653,-0.675223334797029,6.10004535082099,1.83130934298898,1.61535305254217,1.39579749058791,-0.806956671969596
-2.21390482521423,-8.98784664518272,-5.78404312201043,-1.18571077616729,5.50296969609388,2.22113036315554,0.945100362721999,-0.37500541915346,1.03758724837063
-1.51811949069541,-7.56323097309443,-5.47977761133837,-1.27974304315262,4.44489255055597,1.57213228092412,1.3524802673273,0.329838105663416,-1.20556547790517
-5.52509612994721,-8.33516089886983,-6.23492258432387,-0.818749360352066,2.35536646344138,-0.216383759521619,-1.55196865359592,-1.50737605450531,1.01612643829407
-5.20136189613349,-8.53596165648654,-7.7585703013122,-0.769354414472336,0.361662331589564,-8.03694070198957E-02,-1.11786538854955,5.40666919952077E-02,0.591080457082731
-2.14447444047722,-8.56120642108625,-8.38631019768353,1.77944207379024,1.79395628320126,-0.813521437487303,-0.769253098783703,0.673459316671019,0.984789108537253
0.328246349242668,-5.33060629031567,-6.43405752535149,5.93846990002431,2.26053749445771,1.02693193357838,2.17400632178153,1.4574423959838,1.04838594333281
0.519018530127851,-7.56950620343778,-9.22570016474466,3.86275167296001,6.70641920951616E-02,-1.22027671268825,0.228893003455255,-1.93319823300433,4.04717820122173
0.212759798529484,-5.61642447750826,-8.0494123776993,2.54226249059225,0.872749377641402,1.00590516991836,0.280785040236198,0.725120129682162,3.8014531349505
0.964576508785053,-5.25069546837888,-9.36104069670316,3.78567226188833,-0.900658788323401,0.587607225607757,-1.56671048904319,-0.368253230387061,2.79857928339519
1.30863150632757,-5.88920109519738,-8.99082305088644,6.25929732021587,0.542568252211591,0.97518558708759,1.41642652332325,1.0607029672375,1.90006683291054
-0.446567586694971,-1.69143665958953,-5.41896673743807,7.44373673036094,1.72965322009908,1.03750884642605,2.20523708421798,1.51946213729653,0.941259731068645
1.11956506508611,-1.65832948001178,-3.77275211232083,7.04106940182437,4.16158728824246,3.8897529670576,3.54295402637073,1.00466602211105,-0.183558227191832
0.994164685541387,-3.56463116211299,-0.790590991166864,6.87758388700265,4.57971095324078,3.66223498818296,2.98667707774144,0.49011064090855,0.107364208676993
-0.63237476153466,-5.77333427541864,-2.62771143927083,3.64375044160248,2.63830989896134,2.72239101250618,0.162509715254713,-1.3474175086554,-0.782872889140107
-2.05293482936874,-4.41194101426687,-0.928087336121362,4.56497669203157,1.38437343526309,1.86463747469975,-0.660803825186703,0.188297354669004,-0.860384916465091
-0.391923157820945,-3.72782724532006,-0.960527238308914,4.17654069971254,3.81967328051602,0.932482647409378,-0.565799621398018,0.584028605482713,-1.9105377550305
0.347436689314395,-1.98705710595766,-0.51869841091582,3.77758436745465,3.00971418945478,-0.183895783031044,0.661182548149817,-0.110898983659942,-2.74931214554439
0.245837134639356,0.316872227368023,0.503513451400159,4.60544184524101,4.11864253330641,0.107249061570725,1.24938192505102,0.77929675258199,-3.21816826959907
-0.19156542422128,0.203671789320771,-0.842460583099509,1.07176938086624,0.903704547720447,-0.789050148837072,-1.57240318468615,-2.25676888236886,0.472860378003438
-0.873542613656571,-0.677208931759817,-0.722024228714519,1.55004019149647,-0.514308884099107,-0.86785178229725,-1.3480156782404,0.110259857586942,0.495813682181298
1.10003216468317,-1.64826132018155,0.49176226725277,0.749794503413031,-2.02208641578214,-1.94775025910439,-2.63464493763626,-0.480325935456204,3.85189950323434
-0.246111652412405,-3.09407816390604,-0.809786727292413,1.2709754249215,-3.52351051928837,-2.82703619501282,-1.34747934033417,-0.974342318934719,5.301865685107
-1.96157444052673,-1.86371159243001,-2.25732172411311,1.51255666690653,-1.8421241994675,-3.32517809599194,-1.15636468302511,0.29862560264806,5.18529178959487
-0.454332818281054,0.331003784925495,1.72164495414144,2.33191103298696,-0.503947946642482,0.470634931885508,0.837078094212037,1.49979445161106,4.50080092992926
1.12688817475261,1.10706853348812,0.299418151960022,1.01929583645965,-0.959836912666163,0.493367498619705,1.92462873564846,0.133074734204461,3.04585415575406
3.41789750437045,2.13704626481479,5.33125937753796,5.58316241551613,1.94226877916501,3.70903134334522,4.35255413162278,2.76680385976021,-1.51279474720223
4.0445233411697,3.02808068484795,6.21037552861186,5.2892029526871,1.58326536487069,5.0349209395412,3.30018300080192,0.41603553094221,-1.45852324521422
2.0831052977233,3.05590521015762,4.80653458844133,5.81422394921191,3.93635070052539,4.92967381786339,3.35349168126094,0.188129378283713,-1.83066987740806
3.26853685667,5.05371822350037,6.14571746384871,5.6180308744133,4.65218806804308,4.30695352559755,1.45283377194171,0.854608101142184,-2.70625898695026
1.65273360489637,5.21167492117573,3.93056595478682,2.93796410147207,3.89621986989703,2.95582406561476,-0.222562630085797,-1.27698743620214,-2.09923270846356
-1.20268910381842,2.3403868731481,2.13632805948454,0.252977022418524,3.17339408508974,-1.5360317549058,-2.15240118521831,-1.73380108458657,1.39766310728335E-03
-0.379765324504604,2.87884373282884,2.18399838634515,0.233701738156686,3.34068288204322,-1.48011100832562,-2.5477662704402,0.470881180750209,1.36186905747254
-0.61742160278745,2.65714285714287,3.89268292682926,1.37282229965157,1.6822299651568,-1.86480836236934,-1.44738675958188,-0.190243902439026,0.613240418118464
-2.50338106325724,1.83274542336489,3.85162360748993,1.14956150746622,1.51415863809378,-2.78153451473027,0.243994255678095,-3.76448280189035E-02,1.24088507173431
-3.14339641175686,0.788655706878285,5.03574911767388,-7.64799573396144E-02,-1.94567818075933,-2.14424540944843,-0.878467032928479,-0.64902716090962,3.47878558247556
-2.58144767921285,-1.16982767054746,8.083970425862,0.437462438328977,-1.95879746746984,1.39764357293476E-03,-0.280926358160141,0.403220170792043,0.508043438762246
-0.429558570242432,0.236051354893609,9.50243942606584,1.46845901009393,-0.30535713060365,1.34357137465604,1.56795740096478,1.80675353905483,-1.69764840699645
-3.65563097381909,-1.33744285912176,6.72461559772821,2.74137692201135,-2.11663665327607,0.60950270120515,1.28757445629588,-0.935725169691092,-0.114974373181871
-3.37405147838541,-0.961260380372663,8.78699406442372,3.20121741285996,-0.241692258961893,1.22567584316858,1.46530235632738,0.58254031647226,1.91219203172985
-2.67631323781691,0.423789149641644,11.5514751252721,5.1356464310173,2.97194854860692,3.36183456627723,1.18525349371775,1.5276751266282,0.83605123441303
-6.4244741873805,-1.80566660872588,9.0686598296541,3.66417521293239,3.61550495393695E-02,0.505475404136971,-0.385885624891358,-2.54058751955501,3.37006779071789
-6.1351277773512,-0.882330357329841,7.3804421424433,2.99252392553243,-0.16962521901199,-1.72696622154589,-1.37445290631523,-0.396490223863411,3.9244155608452
-6.76980043546395,-0.894504000998507,7.37931130126063,2.16899884893285,0.532541916873539,-0.115106716407551,-2.26399656066678,0.663597154229143,3.65359812500866
-3.02358735971568,-0.77160598095985,7.85794882536165,4.54652946224063,3.70397897339918,1.87631331797328,2.82291575170773,2.56008324155591,1.61212948386182
-3.15778148367314,-0.595110011297013,9.00263596750766,2.29840228091881,3.77508203776426,0.829119371671414,3.66816396793802,0.476760449728328,1.95545752864598
-3.04630327163151,1.15825441239776,8.07078669823504,1.86383448127422,1.97818015497202,3.26019694360741,2.99854713732242,-2.69048643994742E-02,2.59093844167025
-4.35454295098704,0.50510817509521,7.91851100558171,1.81556834744994,3.02191712733159,3.77622095795915,0.588397289073677,0.139039085431789,2.57524566930193
-3.88271576032057,2.42101108487252,8.36549975582508,1.36938648541975,2.84781547065552,3.52481553086303,0.515777713853752,0.404059324471677,2.15208418348575
-2.8399683487489,1.64174241467129,7.62821748931106,3.19970210587211,1.93498194681793,1.58655220794075,1.14170584284755,0.602437678287652,0.875728942941295
-0.937870993272657,2.38820736050653,8.72048542408653,5.62194961086928,5.14114232950798,1.91795277667855,1.80780899617465,0.8118981664688,1.6818361693708
-0.391413810285596,4.01313891584276,8.96121266161391,5.73745771157326,6.07576512548845,2.52550418294826,1.9937845847211,0.592693608874666,2.17473971309434
-1.73724568307871,4.09133472592379,10.4241289215718,6.03288521605889,5.56534152298757,2.51059176363506,1.52180888333017,0.123761565813002,2.21526654574266
0.508840864440077,4.83104125736739,10.3680419122462,6.06024885396201,3.07596594629994,2.10674525212836,0.707269155206284,-8.51342501637912E-03,1.40995415848068
1.68022359036558,2.78103700578751,9.16905066378389,6.05447378482063,1.97355411124148,0.868126507850701,-0.539200822643802,-0.655214691574496,3.56347145135986
2.93831484724654,3.12512161899203,9.29882597133036,7.18168255821496,3.56619316339106,1.6540182914964,0.945060647337351,1.59823571382241,2.53681001491859
4.19209322322111,4.49817442136537,11.9731007886243,6.48738136947274,4.46737379765274,2.12845143447489,2.01551581419524,1.07224671299594,-0.404258186228283
4.68429684296844,4.0090713407134,11.4749897498975,7.50563755637557,4.23649548995491,2.16725604756047,2.81237187371874,0.163361008610083,0.46894218942189
3.66024552317359,3.5814611276501,11.0918096517342,6.21686373528443,2.8827339476794,1.39035084886957,0.441063460184816,-0.802696751112349,0.908603643455402
6.90653801110036,4.16709099241304,11.4306991190997,6.13129487244768,3.49559549875247,3.4408574774683,0.808977035490593,1.43782779163908,0.727506492183924
7.32409334455121,4.05931136569226,10.6154439812501,9.01816157539489,3.51528646706435,2.47404811457417,1.2556853764842,0.612976891593554,-0.161309708314089
3.42501497960839,4.0293535896296,8.03873436805381,7.70177371449188,1.60942201261507,-0.405899066432159,0.230653755210644,-1.84909574707978,1.82525723047981
4.93343025480143,5.55321753768459,8.53865381181932,8.0432065702553,2.63218302854082,0.466753385874967,-0.181090111459683,1.03106588109267,0.205320478485986
3.98758479457314,7.48048124920004,9.42659669781134,5.28414181492384,2.91437348009727,0.900422372968126,-1.16536541661334,-0.363496736208887,2.85101753487778
4.32024264636188,8.21838172569587,10.3996714163849,6.03014122776532,2.58127705285772,0.722252061546243,1.92347793118701,1.26062367697703,1.93358819626553
4.87372169351058,9.32229163762624,9.62832486409084,5.80005829204313,1.25771419157806,-0.161570336953351,0.632341946193911,-0.271818331580346,2.28986352058597
6.07235959606186,8.88613297562704,9.85295234238567,5.79901799498874,1.23256814557971,1.79253878666701,1.12879957480196,0.137936270911902,2.47715825972513
4.13172128539612,8.86986955138403,8.62806236080178,4.87877823735285,1.46166083359847,0.204899777282852,-0.703149856824687,-0.568883232580341,1.13458479160038
6.20103910649286,11.1047506455527,12.6266994368914,6.42503811094173,2.24185670285911,2.77198768005477,1.79759201070218,2.21821236350061,-0.326042995364466
7.95648265815331,12.2183305954189,12.8555930942566,6.00998047298764,2.00477326968975,1.89690977280477,2.02770976040666,0.371943092706816,-0.208288131915825
8.19499504459862,12.2943508424182,13.3393211100099,5.52279484638256,3.85839940535184,2.23860257680873,2.65733399405352,7.74281466798811E-02,-0.572348860257681
9.62218833161479,14.0418254002556,14.45057082348,5.70885224038181,3.16808575009724,2.41727844701436,0.768095629140698,0.320451472286185,9.69381139671252E-02
8.00840605789861,12.1157972227291,12.5606387597289,3.92177835943447,1.68184077567277,1.12185637973234,-1.49874475407877,-1.90394694619745,2.39912415923692
8.22081140638363,11.2890237279248,11.9263878744749,5.29680194268093,1.20855728474135,-0.327109513018834,-0.779694240000999,0.785312533163546,1.35588141655898
8.24082644320066,13.8664049348052,12.2407270513545,4.22974425235589,1.9586405680244,-0.208722876896994,-0.608775057616208,0.489504842246497,-0.134800191329308
8.39667073687358,12.2511151536295,9.48316678711157,2.91248224476065,1.5400333923098,-0.575643549552693,0.986194522664417,-0.288444765630833,-0.5326571805926
8.1219620518641,15.1545806706309,10.0020972636877,3.7133904118039,3.06323866860767,9.68442349922379E-02,1.18742135261171,0.986947617755188,-1.80056256014212
9.47734506531651,15.9180563577599,10.1815098374154,4.84988878374891,1.24795693903383,2.34291472601478,1.08574097059222,0.387106288326592,-1.11830705516572
9.70294956363212,14.2969765279035,9.19359706337036,3.23411121992081,0.645467255470767,1.33774320504056,1.13757444738025,-0.235891182104293,-0.619599292942368
7.85384605814807,13.9255545464724,9.44564013883877,1.66768266132543,-0.421741456314316,-0.134982147522429,-0.842238837536246,-0.99588211144426,0.382553090904573
7.74265474975103,12.4050331640163,10.3751072585039,2.78715528526065,-1.43929951584921,-0.535509610988293,-1.93221888877059,-0.689586060465611,0.687707079374426
9.47568107439211,12.034146372105,9.68862478564295,1.48809336859363,0.165832270708625,-1.83357726590326,-1.98873094342231,-0.291462778821201,2.02390748569383
10.6750928998422,12.6101437927992,10.8285795955905,2.89946932130296,0.456731665485994,-1.13095460025105,0.101910194747903,1.07440687023849,0.974982289996648
12.1513166456987,14.5286538544965,11.1002311644366,1.92244526112905,0.234263155611469,-0.623462260701437,1.05108548126205,0.267109576900906,0.631518930074311
13.1102945277208,14.5349089399357,11.684440781524,2.20043748489562,0.533533279215743,0.381095199439827,1.35087404029074,0.012393339819184,0.455455238354902
10.9598840500376,15.8093792571489,10.9860101145192,1.68886345399013,-0.844120702417915,0.683009971447945,-0.103882208772142,-0.384426377372344,-0.253796054964259
13.8111920403401,19.0180951735942,10.2746599843614,3.24407858686484,-0.201331125053102,1.98375805786269,0.65386438778715,1.02204791311362,-3.22376076690536
13.4084125665405,18.8387334994923,11.1480353241638,1.09541832056371,8.12332687159566E-02,0.965568171328352,0.688021169882154,4.67706698667646E-02,-3.76565432782547
12.0011578065724,17.0622505789033,10.5619057003498,0.653421687934171,0.993989259496484,0.62755579642312,0.995836823175843,-7.32866926146755E-02,-4.07942060403015
12.5437968811686,18.2879737465456,9.02647552309514,0.41452822739833,1.5119176865377,0.453390248716931,-0.189375246743003,-0.162850375049355,-3.47352447690485
12.7800886804573,18.6515830895972,10.3061409033932,-1.00280010726468,0.719671221258362,-0.254441818261185,-1.33706680968625,-1.09821578911263,-2.40659553105375
12.1158140511378,16.7963456607903,8.85973673997824,-1.11335195281933,-2.38130077680157,-3.33114904283543,-3.30379239485187,-2.01548513516093,-1.17251865659771
12.3880902440272,15.1506625057554,7.77740829794853,-2.43963268020669,-3.18527139714534,-3.91300455312836,-3.66808205862792,-0.516063846114489,0.129175832608583
11.2781858338898,14.2405876008013,4.97521701165956,-3.35597616724023,-3.61151060660537,-4.25291489033849,-2.95277107196055,-0.400636909959423,-0.792285171297956
8.8796722924828,12.8501223790748,4.96482001009708,-2.57858781577317,-2.73387823441823,-3.59851994810871,-0.44861676497466,0.465871255935223,-0.236450431681805
9.55512102855098,13.5265700483092,4.99706055261611,-3.59379393195818,-3.78741405311454,-2.4659407509649,0.074125194898147,7.02911330931468E-03,0.54763182782506
7.15140981073775,12.0168662289172,4.15926355092057,-4.76760654049182,-4.60602549246813,-1.18642976696278,-0.265224668469157,-0.741599073001158,-0.498905626367967
7.69776086040184,12.4461929517557,4.5312879203975,-3.6946442028893,-3.70294677413174,0.129009183921112,6.19499546551896E-02,0.790660246011565,-3.27121306952446
6.9098745777191,11.3514283125591,2.67218058737493,-4.04095315756092,-4.91463777682858,-0.798612459389839,-1.27752106550693,-1.33317801162324,-2.68835993217618
6.91110812178513,11.013958017052,2.87679920056882,-2.27402297083485,-2.71601616798304,-0.237010844847579,0.493879355074262,1.02042777254645,-5.15338445080743
5.28697354288874,12.0439278292204,3.06643194427674,-1.17445932290641,0.105497969481858,0.544649155698475,0.489993581147642,0.786786061557437,-5.26981423459953
2.41193025587942,10.1633616924918,1.19820140394009,-4.11542069679422,-1.17167534694141,-0.50140717497493,3.04079189984814E-02,-1.80118396790994,-2.37052372788148
1.38522079019649,9.68069934502429,-0.821360659201356,-6.53721212761462,-2.83646735685612,-3.38184027044158,-3.07349989435875,-2.05274139023876,-0.462840693006549
1.44183448165785,8.97555265888112,-0.892500864568636,-7.32422654358755,-4.06812800936393,-2.76262935277061,-4.64539384427123,-0.726237663270453,-0.277992072570566
-0.327556630151413,6.93609606526819,-4.12248591844177,-8.57252846703496,-5.69070549619764,-5.4333878135426,-4.38925884402901,-1.55201058987209,2.63193440762903
-0.359593980826135,6.18756583052121,-4.55127904090383,-8.96435591753491,-4.21516601031821,-5.5629725541236,-1.60945141791395,0.664846333952773,2.21995612416727
2.39428499479791,9.09139104445962,-3.44265445557021,-7.68318301402907,-3.76206917117845,-2.42808198752825,0.355862452866442,1.22199322734773,1.06626198633541
2.11535272461941,8.33869523398893,-2.71831780040463,-7.70853371364134,-2.49610294849259,-0.464992869224901,1.78368876654173,-9.68458757586837E-02,4.57696262147229E-02
2.66829391914422,8.18227895375669,-4.7790537926987,-8.1135875581876,-4.11148013284782,-0.278767022794877,0.592880103503935,-0.5395275632561,2.33617435610153
4.64389357935814,8.42968354138837,-4.02598000829148,-5.51976467956015,-3.54428380592644,2.56444002816475,0.698854326382088,1.32729677618895,0.619887735830422
3.29338566346823,7.26277515981256,-1.8672144704199,-3.16146646889725,-1.44323536747043,2.17174435241459,1.0573224997703,0.264494703542783,0.592651903968075
5.78322732935544,6.41007147072323,-2.83128975149171,-2.53491574322996,0.69110222280506,1.05501278604681,1.68120123270604,9.44200380302818E-02,-1.19926562192643
3.79448894075214,4.8977616294489,-3.60420092293003,-3.2673845011404,0.304991248077223,0.045748687211588,-0.755184851217319,-1.11785922664827,-9.34864477801996E-02
3.19259167541007,7.76740154709383,-3.13198521984503,-1.97590078788392,3.50800591727544,2.28284315961655,0.705771950289668,1.71066608449713,-0.259369562525661
2.09541872404434,7.26464144403387,-3.21833818383964,-2.34590104967137,2.51659527157385,0.616068800889431,0.25833033582944,-0.355776462509405,0.599064778784218
3.40316698092896,6.94139062693696,-3.11543756402143,-1.35121909844783,1.54499605269168,0.589160234620176,1.59523452231045,0.23749094728876,0.953226027441942
1.81442915828803,5.44793305061686,-4.29317564921922,-3.91356574485171,-4.91103722433491E-02,-1.21382257882546,-1.83699338337283,-1.71753572115928,2.36260709711245
3.57040940252052,4.70656942057165,-6.65768533942118,-2.54507807781901,0.489106269453083,-9.35739267203389E-02,-1.4746189019332,1.32728974071274E-03,0.826901508464793
6.47823274594743,8.25149786672416,-5.3995073537579,-1.9993335554815,0.710874153060083,-0.26004403760838,-0.142436181403589,1.54719668607197,-0.987252615141352
8.89670461120394,8.61000773626488,-4.95315984163411,-2.29357499951242,0.945904655411157,0.59549736381899,2.04133375806945,0.500581845131682,-2.86956917456005
8.53163575260131,9.58120597169263,-4.67200930653396,0.106637368318998,1.43475731920119,0.944225424933749,2.61552381567893,0.587474956375617,-3.24500743230143
7.79948262783567,10.1697992103267,-3.04199272566956,1.80561588682647,2.21536426760719,2.30807632211929,0.771519894191563,-0.317036326268623,-1.60139003248164
5.98108326915861,8.52964213547117,-5.43806646525681,1.03008642194708,-1.00046732355245,0.820119924438391,-1.24531853694818,-1.52176345529821,0.500891863962781
6.58571994192954,6.8985086445823,-6.2287184901676,2.29246403589811,-0.900752276626624,-0.9970964761779,-2.10505477101754,-0.256697901544138,-0.289032598653828
5.88191985649935,5.44352004926141,-7.43539459329216,0.234259438982109,-2.58488558099688,-2.95434618190581,-3.23545750868434,-1.42764395242526,2.2207794815504
6.67895717692323,2.9490544990615,-8.28741091049971,-0.796211316620916,-0.649259563553295,-3.35383978251141,-1.48287678095506,0.201724679211001,1.88298632680734
6.3134590929756,3.86766905403536,-7.23128924498092,0.66942960117546,0.716869494172148,-1.62745188474742,0.15220299003103,1.35862582443287,-0.383472468389873
7.33970790490537,4.26616019385684,-6.33505796057371,1.79710524592312,-0.236426747003726,0.49839544174472,2.15010806208659,0.601873076167402,-0.413910537690757
6.21633069052693,2.42617569588755,-6.39303252107847,-0.56981376818309,-1.79944673134704,-0.289870418657603,0.921893820068567,-1.05094571878599,2.26204815290334
8.34179080045835,4.68030774267474,-4.54149615321656,0.235063021771152,-1.31281715501718,2.17253232935014,0.624652152561792,1.06269438533312,9.16680307742734E-02
9.53136473303262,6.18378264974299,-4.37231196894997,1.18011119269946E-02,-1.12307248505193,1.84818525123256,-0.106210007342922,-0.12915661386762,-0.216353718661489
7.56801090026391,4.90511875863985,-6.4402833539477,0.241419680003181,-0.489453597814647,-0.384948640443414,5.75438689322714E-02,-0.885646442532186,0.82611830225744
8.17056649436399,5.6281155874732,-6.1154296386905,-0.914782517197391,0.340659485196427,-0.415630877691418,-0.438648410474955,0.571492456825674,-0.982519827960372
9.59940460781777,7.1667098110277,-4.4376132539477,1.04517214600052,3.30895676935025,2.21201139011132,1.28915350763656,1.59332125291225,-1.94861506601088
7.8814640368953,6.76675497988422,-5.16403362443985,-0.264285480652861,2.06456677460505,9.15840774539686E-02,1.0963922415203,-1.0826546299022,-1.73944329964349
7.09667669745989,5.97905360122998,-6.71559416023864,0.99672794649076,0.280555592057713,-0.216822822901743,9.19854400189287E-02,-0.438244917804444,-2.34891391476892
5.02892979440822,4.39982156680094,-6.59743633477216,1.1512877366536,-0.165313110904104,0.819349506028681,-1.36580117818391,0.157441058003916,-2.41081620068487
3.43840493079356,4.10722350628305,-7.84516883185887,-1.65178927233601,-0.357323131691499,-0.992269068303169,-1.52825376584044,-1.24465343641242,-1.41069578385271
3.43081929126323,4.14694836610366,-6.99826412952366,-1.52598195486738,-0.802592585258967,-1.98734068603186,-0.454758463193612,0.623725323248112,-2.02232210627751
2.38605648243079,1.81550670412633,-6.75405776067534,-3.01186370717548,-1.54587699559272,-1.77023554318737,-1.48595928258526,-0.86747533387481,-2.46128649987351
1.19025991939337,3.22830248346488,-5.75953923686104,-3.78003404587446,-1.72651608432074,-2.40541504343204,-1.30598897882562,-1.06511105279801,-0.972931511273493
1.57364398405518,3.70118913977267,-5.11753594643829,-2.12821736587726,-2.21493247648944,-2.4703723372075,-1.84588909876783,9.41094223698158E-02,-1.18913977265853
2.64012395580706,2.84694152519536,-4.92589598490972,-2.08838587981676,-4.09593101589868,-1.43088116410671,-1.18970627863109,-0.217596335219619,-0.78752357855026
1.98120516016033,0.297753376671499,-5.41345279396409,-0.648051466873245,-2.97753376671495,-2.06406413149651,-0.119909730876754,3.36825086732153E-03,-1.35471049883796
-1.799206874663,-1.50366189107836,-6.81391586864972,-2.18416616044066,-3.88303790210841,-2.5233944672341,-1.5384720392604,-1.32142052706661,1.81900088049199
-1.6442786576707,-1.01578371620566,-5.54638292668013,-3.12141163361123,-3.57460744545684,-0.982490470657782,-0.858150390346325,0.453875265836378,0.731092494071763
2.99331945521623E-02,-1.28236526660952,-6.51999401336108,-3.87498809475217,-2.42867055798196,-1.20345048097202,-0.987115120345048,-0.124494877341927,-4.01376926949498E-02
-0.581241384929819,-1.50199292460837,-4.92086018292807,-2.60132680568475,-2.87768807165022,-0.793774741802531,0.51741347583707,0.188088625730794,0.27228714410848
0.389253861808038,-2.70087547973832,-6.60843793108158,-4.29613341163938,-2.57590450305257,-1.37331494051929,-0.507395823374357,-0.571588565497092,1.32551183468321
0.840629064046011,-1.63969592556344,-5.48017751082628,-2.2483810851757,0.369367316020217,1.78650435062411,1.46138066955367,1.8367812085216,-0.742086422566931
0.171328742082788,-2.88088605289607,-4.25758669301802,-1.98039837305148,-0.344006529378841,0.725786324728673,0.662381199705904,-0.621235320701776,1.15882983818203
0.362064858610946,-3.93235103957534,-3.07687072515058,-3.48657569673665,-1.0242624289652,-4.01538095076153E-02,0.340967094293394,-0.896995270017359,1.1059311940654
0.817351969229098,-3.40484316593531,-1.82295899019449,-4.63730429600737,-0.523457392058076,0.271547754482907,-1.01711902053199,0.499079040034679,0.123923289452295
2.05695029486099,-2.24498736310025,0.208256107834872,-3.02611625947768,1.25762426284752,1.30817186183657,8.22240943555199E-02,0.473799494524008,0.364616680707672
0.391714561651157,-4.12178270647747,-0.668616234542461,-2.78995319686358,0.601079241154348,-0.747634516806577,0.764518765153624,-0.20801393963543,-1.28252750444056
0.412746464316438,-3.9140900574111,-0.620119889845367,-1.64498469704143,1.98505044308566,1.14555480726274,1.53296303952097,1.26957878523181,-3.90608851044535
-0.182417878298333,-5.07269789983846,-1.47751750134626,-1.34894991922457,0.867662897145926,1.09383414108778,0.124528809908448,-0.949784598815302,-5.18376413570275
-1.34117885766461,-4.73301545433026,-1.41422339454196,-2.47134016435021,0.961076730580639,0.123769909708831,-0.143383720537021,-0.476818504616006,-4.63765175340705
-0.262564130113611,-5.50377393967067,-2.04611996024605,-0.866260173520633,-0.173252034704124,0.36329205726719,-0.708453087646724,0.712482204732878,-4.59050740014506
-3.00818236549724,-8.15021071643587,-4.24032619998906,-1.67957418860489,-1.42644080783755,-1.29918997318155,-1.6364730994472,-1.88002846040173,-3.751163045263
-5.2396383393587,-7.70090137600354,-5.82667767654547,-3.22663465475009,-1.95818559047413,-4.06486576505936,-2.59657352216662,-1.42596434742181,0.432993553669675
-5.74901142277029,-11.3368687836773,-7.07445033686169,-5.38197772240327,-4.83675164526229,-5.46716929695653,-5.7199043014646,-2.3101115299697,0.895931392385302
-5.05042624718081,-10.8242670108796,-8.83062171094625,-5.2816352004993,-5.23198910622846,-4.86318954878792,-3.66671867686067,9.85829586235337E-02,1.93832536631725
-1.75323761261262,-11.3844313063063,-7.61894707207207,-3.11725788288288,-4.21382319819821,-4.81137387387388,-1.43088400900902,0.761542792792788,-0.026041666666659
-3.244126950279,-12.1839570672069,-8.94480577175962,-4.61456445250027,-6.60056153818816,-3.89735934890004,-0.123680562959804,-0.991576927177741,1.20197604577603
1.12203513959801,-9.19391724299938,-4.10675915626274,-1.55938011703988,-2.64134257308083,0.43112680240711,2.58330627275678,2.79956058229755,-2.63097894802296
-1.32211284750318,-10.5747919026745,-6.02444395972445,-3.62367278586557,-4.03459024352488,0.887975738982988,2.88486571301976E-02,-1.84068505006296,-2.95522829138602E-02
0.361786949231554,-11.816518357209,-6.48433532084241,-1.88059639187092,-3.60743333031845,1.90146871586505,2.11923662953712,1.12014805435153,-0.946212021067126
-0.580810036397429,-13.5677224502439,-8.29185528325929,-5.02031075096977,-2.90405018198714,-2.60484501172103E-02,-1.89660877339959,-1.1883725350774,0.505480734707084
0.541523852334666,-13.389897173681,-8.67702421756475,-4.12780243861325,-1.22000899027927,1.18770017418667,0.179103219643757,0.233887733887729,1.99752767320335
-0.470449659048181,-14.9224077372294,-9.44589119343784,-4.26172044078933,4.96704014078043E-02,-2.70206983658437,-1.98823521063798,-1.02675815481555,2.90004186505262
2.01437228584097,-11.8624145721746,-6.93276275874689,-3.93654234615954,0.76084431900562,-2.95610188697888E-02,2.53380161740933E-02,0.809408850005983,2.47819874858354
1.89223929030491,-12.5165939692775,-6.44021605523597,-4.21715096473298,0.204395558084166,-0.955250718194008,-3.51195116982774E-03,0.205097948318132,2.78638205814387
0.458108306890535,-12.7611882797123,-4.65533303913534,-3.71670134000183,1.45417866223969,0.50293847759541,1.28326363642731,0.27318385273288,1.59357247427519
4.51934995179728,-10.5329844374053,-3.09117201487398,-3.27158793554607,0.33259881559015,1.95840793279163,2.16292521691228,1.69329293485747,0.506128632419771
2.87209687206929,-11.7918022838859,-4.6581066916754,-2.44386826281237,1.99633143928946,2.81830970375683,1.82393666905721,-0.140674132509514,0.319275114470119
5.53021978021978,-11.7760989010989,-4.8695054945055,-1.54876373626373,1.28365384615385,2.41826923076923,1.94986263736264,0.401098901098896,1.0048076923077
6.49045360740204,-10.9506758326614,-3.25547704629009,-1.76167502630895,2.93498612800503,2.71084749005727,0.763984747639032,0.504311935382478,1.18219464527327
4.05830276620976,-10.8428252295982,-5.30144240050747,-0.78049587688575,1.83402741388344,1.56857607766348,1.37896798036224E-02,-0.89770815521665,2.74276731294301
5.19338152170189,-9.39056558528313,-4.50344284197184,1.26203281833441,3.4435271145216,0.503579870508027,0.243225651741972,0.629646123805286,3.40584426706862
3.86585005395968,-9.4295396586449,-3.92496511524001,3.17571608273359,2.33710707387321,0.318258992706843,-0.59046322836974,-0.327194990342248,4.58072986479149
4.77618435636428,-9.42657228534709,-3.39650353929947,4.12408287604633,3.19046939066931,0.994811747346383,1.37832085568771,1.07708941066075,3.90512909433371
5.02134154577627,-8.97493043736661,-4.35745738444498,4.04408785152768,3.58416403274172,1.16838209471324,1.42704703244456,0.678742199529943,3.6834427425237
7.44896452682298,-8.29653589595608,-2.58432093628786,5.58940770665845,2.54606949682581,2.6695478277209,2.37226032453327,0.634839679493204,3.37753499671171
8.61680558684388,-6.51511336681552,-0.842797132369507,4.10068510395824,3.91582629898095,3.29366709513272,2.55953248611902,1.26684600400195,1.5537415687158
11.0415858764452,-6.75417206181027,-0.193896531552556,6.58722386176163,4.3005593421978,4.38008978395326,2.6784012409378,0.799905352201552,1.79896544698079
13.9235370338861,-6.34071960525111,1.46721987356516,5.93890292266011,4.23281808305955,3.75836027381123,2.48157794850987,0.433883486250532,1.4227190031805
14.0950482666979,-5.76725159911934,1.31121272521203,7.47710425867302,5.52754654056097,3.55258529722124,1.69096285874337,0.466382668282076,0.482666979325444
12.5779794478309,-5.23541516550143,2.49339487299331,7.57625919362273,5.25294228384844,3.2671846903867,1.23598641972904,0.340805078969405,1.23533726719767
13.5746488246309,-4.61926913767118,3.03253714009826,8.05240391202511,5.08380580801326,1.52996979206765,0.303384201838579,-0.506292775541361,2.3650918960534
15.7780216942149,-1.4869576446281,3.94950929752065,8.26510847107438,5.0471332644628,1.76717458677685,0.876807851239665,1.03886880165289,-0.278925619834707
15.6136275648471,-0.900761388566269,4.21989934185055,8.13588850174215,4.45993031358884,1.40276164666409,0.602013162988768,6.45244547683572E-02,-0.292295780100656
13.988448299333,-0.965234696589582,3.77148117176511,7.45609770327299,3.40263057246391,0.480348495750769,0.643057635337059,-0.464790649734534,-0.74612836519452
14.3494709842898,-0.340493747996149,6.05386341776211,6.88041038794485,3.22154536710484,1.22026290477717,0.686117345302985,1.0817569733889,-2.04039756332157
13.0806394044463,0.257495410972871,6.19454925555782,7.57189475831123,3.02939526820314,2.31044768509076,1.22119110748522,0.60294717519886,-1.88022639200489
12.3821609862219,-0.577540660934429,4.82621982803273,5.72878897751994,1.06314099243759,-0.279705790945816,0.119781415104107,-1.58499948202631,-1.51895783694189
11.5539679149922,-1.32727613944489,4.69561953574456,5.29939751629164,0.650371779688983,-0.293152652934437,-0.92087466915167,5.11237518362463E-02,-1.04447766409753
10.4642353309995,-0.918282041903977,4.36151314070745,5.27457024922932,-0.610664089032874,-0.751737290349562,-2.47139348973302,-0.924160091958834,-0.437588170750811
10.3359342270633,-2.18828550481775,2.35258692919984,4.45970360284877,-0.329257436112273,-2.08289694176791,-1.09970674486803,-0.225178047758682,0.118480310012565
9.76251412833071,-2.21051537552128,3.69804996557235,5.4999805126473,-0.606706247645273,-1.91625634962909,-0.377405064113387,0.765203383004428,-0.132513998415026
9.00974346162443,-1.61930809588303,3.39706249753455,3.31290844301849,-1.89215131950927,-1.54238603042695,-0.664028086415689,-1.21234434787183,1.12490302560125
9.1928089828857,0.952829386644704,3.42743913205549,3.16846834474505,-0.882854956740107,-1.05550214828039,9.48251620202367E-02,0.530366940678695,0.534944707121032
10.2648876293935,1.36314139148004,2.66789992259352,2.24872410490547,-2.30120308051586,-0.439511420737055,-0.986604741475444,-0.308969968906209,0.791120557326717
10.5139621703967,3.19256745712623,3.19191364441742,1.32266310992553,-2.58059876167873,0.118340100294866,0.553779364363286,0.331483043367393,0.318406789191161
10.3719217910525,3.04731303092194,2.45281055274421,1.04005411663696,-0.459210885769662,-0.132689831015595,0.539215048587892,0.515799196055734,-1.39649542740435
9.08830853048833,1.89320798632106,3.4151859725771,0.654691085929028,-0.464200035107557,1.11238971998466,0.891342084219151,4.61599474686819E-02,-2.46728169920618
10.7649075332887,1.93584898296375,3.8222609623303,0.135951759892274,0.402651384561348,0.532098275559245,0.508680747539529,-5.33399249338236E-02,-2.83352089038645
10.0645631573467,2.40940331146517,3.07976673956055,-0.259684473602,0.572737686139745,0.784910965323333,-6.11787982922039E-02,-5.40195772154488E-02,-1.81388628553578
10.2707317709012,0.960009385020451,4.73682838447299,0.107536692823057,-0.332386141453123,0.317396178211104,-0.245705049662414,-0.138168356839341,-1.97150603508955
8.20739470299153,-0.508591972030742,4.93551898149675,-2.16695801312708,-0.334443748144724,-1.41627362380026,-1.409017447805,-1.21442000065964,-1.4796002506679
5.81130264368276,-1.66113399725365,6.10526736791586,-3.30760308762948,-1.92976842778867,-2.52969643642763,-2.41970963484382,-1.05120718847072,-0.643256142596228
4.44585774058578,-0.970041841004185,5.60803347280335,-3.27230125523013,-2.05322175732218,-2.91615062761506,-2.7186610878661,-0.430460251046029,0.843514644351458
4.92108629798291,-1.71548644116108,5.82058981446497,-3.37330390226766,-1.3840555213077,-1.84739594726272,-0.486540590344764,0.985012693804224,-0.699982102730324
5.90448836853687,-1.65812340852731,6.46628238626164,-4.31151976916583,-2.21459866632096,-2.01115609895553,0.26128408161636,-0.299180246125616,-2.19398847158737E-02
5.05851947078043,-2.62266323852376,3.09001553377257,-3.41207349081365,-2.98690342278645,-1.50182120092132,-1.53998607316955E-02,-0.709063152820178,2.66149766993412
4.30920545041026,-1.09222893869966,4.65069471932802,-3.67251917103312,-3.13848094302027,-0.647420716121117,-1.21299135206939,-0.20059978665307,3.83286481989629
5.4190593155641,-3.18651043914109E-02,4.58326418163109,-1.64437215786504,-2.00019915690245,0.836458990274499,0.148703820493246,1.05022073223354,3.26882862548545
4.14805914355328,-2.1668168619205,5.18140248990353,-1.97790460932546,-2.42381762958512,-0.704916391308698,0.302393111044356,-0.554053603017253,3.97650278695637
6.62064929710463,-2.28956363297823,5.32125709877775,-2.37268749418133,-0.809293912673401,-0.021944699357614,0.881112928752876,0.381039779755019,4.63232653712645
8.31556086012248,-0.915037795039359,8.08598616029793,0.798946043423533,2.15813261852119,2.59249838580289,1.75572469297645,1.92334031188245,2.90555479465456
9.6022382176964,0.339221792900249,8.19753692671518,1.19729139475078,3.48332321052428,3.6913792435031,3.20548440872027,0.929790780920881,1.44928472661953
10.9309008157677,2.33351975777679,8.47781227701386,2.00374134572733,3.02007598403178,3.16535848134791,3.33056910882687,0.509774426423404,2.24352175058981
10.7805498131765,2.71054557594277,8.34670843979918,1.80596037544458,3.43536934553999,3.82442444241856,1.56328244372825,0.130327037403216,2.89736906305775
10.332774049217,5.04436139922718,7.70540980272524,2.28925157616433,5.07931665649787,4.42724222086639,1.63844824079723,1.00544030913159,1.80814012609315
10.4625369180261,5.11655321899837,8.090910243247,2.51549606418982,5.53231674081961,2.82351599041715,1.40890595885462,0.277598205118447,1.4539047546615
7.46135571846199,3.33611449025214,7.26646243208987,2.08777840760721,4.05963989325453,1.42858052723091,0.794221987274617,-0.492328465247216,1.49545567451548
8.26663481065584,3.9981389383146,7.99187671723808,3.39580883878553,5.81204534451647,2.19429232500676,1.07199668026834,1.28262359398676,0.530654075159231
8.79675557635314,5.72328809858057,9.5080330681641,4.26704102324131,6.17501169864296,2.81578536889721,1.55545156761816,0.764935267508968,0.574013414443927
7.96122080792066,4.65949597038499,8.88575370343782,5.36491269687682,4.28368989131589,1.7760270680259,1.98515503561419,-5.36865827241508E-02,1.04563983794143
9.05757265298983,4.7152602513806,9.1187935730528,6.28326544891176,3.31717434218746,1.43306929208626,0.641570254129287,-0.070591469052207,0.273620030485526
10.2041328589268,5.12559849896772,7.71475366629642,6.26392314112339,2.38332799939758,1.47342131189719,-0.57606506146577,-0.451188212629508,1.03792114560389
10.0817421650729,4.90015197663438,7.39557078796445,5.64877762003341,2.58360278436205,0.527853001694887,-0.185123801542284,0.335224181171166,1.75617444165785
10.9773876360929,4.14094729985421,7.55668600142684,6.69003380998171,2.38903191786346,0.5707373057477,0.694190266447474,0.807717360960326,0.945438754303794
11.3786882815203,5.55960559482034,6.75752483566451,7.72994612761331,2.52187021202986,1.03481935451984,1.54883111748135,0.413309939208228,-0.611624573716212
11.2096141146567,5.18085649849858,5.21512142243044,7.14018714878454,2.18361015238547,0.272873394221072,0.386882141121649,-0.841048132873145,-0.221164509014801
11.1253268410233,5.3244809360851,5.09592512312823,6.44428020445808,1.21855028538422,1.02725900714858,-0.114277906478448,0.308674562607511,-1.25084621547595
10.4301755981832,7.45969600678545,5.6416371134781,7.92619590537243,1.49107872723585,1.72586523746012,0.514440599627531,1.03871518921212,-1.59003325117854
11.2703494982147,6.88917704754824,5.32943294882589,7.58424031612781,1.55482764766253,0.936583926892373,1.35509682335806,1.10620148845595E-02,-2.54917987450759
9.72686698907219,6.63127665129232,4.72605890324104,4.69124905205316,0.496040379427379,-0.615388440642993,-8.51598145132147E-02,-1.14686027574375,-0.50287802876785
7.91713234972746,7.202842175588,3.29609950112076,3.36727876672556,0.500752377325032,-0.221654730611466,-1.58717274708259,-0.446431358837161,-0.614389450483577
9.54231840852343,6.43659943269369,2.52646276344837,2.16230494914999,-0.563532645270039,-1.26669056648867,-2.34092467153468,-0.730831399334572,0.675484443102701
10.5281237118553,7.2910551232247,3.65427133167618,2.71806337984188,-0.675143959928547,-1.61572379679478,-0.474661803465025,0.697627940092688,-1.69441772736926
9.05398843420297,6.3857830246388,1.65288735014599,0.773785875096959,-2.07667227929445,-2.61586292575566,-1.00144414804724,-0.973065692970345,-0.215676258584487
7.53568862649549,8.46905944460064,1.97982069784151,1.42629556742574,-0.28051104238903,-0.505419673257734,0.667228938243842,0.933370818105148,-1.55499328397839
6.57326841526622,7.53761583163185,2.9696874509188,1.36076645201822,-1.15344746348358,-0.618187529448715,-0.589916758284913,-0.559133029684315,-1.13271556463012
7.12121496086112,8.16949978447064,3.46346308825459,0.63846668041057,-1.64302090947142,0.670952264932437,0.937084168900051,0.559751610222966,-1.56930362151796
5.41419686024867,6.43579138633172,2.72488738953375,-1.8259096193798,-3.37863164782943,-1.72362310277572,-1.69249242380926,-1.6963043436827,-0.172171714283901
5.52743176029679,7.45438573207187,3.45132687434035,-1.23871098218406,-1.6716278305494,-0.21614242648314,-0.597867647523528,0.523292190432852,-1.30064653129325
4.56097375234807,5.33203025841499,2.30365030207646,-1.58653602071381,-1.63920901660151,-1.57955526222268,-1.58336294867239,-0.414403208610447,-0.626999035386092
3.65503393233866,5.79455049182828,3.34875327250083,-1.26134255140685,-1.03258521210889,-1.14569300765066,-1.84276745545563E-02,-0.129629158935514,-0.945530335764946
3.19562830431774,6.74287092454255,2.94873666372596,-1.48134984355068,-1.62161476018508,-1.59432339631504,-0.425237530068104,0.118685698690642,-0.25831593244435
2.81104817666899,6.01921975434353,2.98351683319544,-2.58702984789665,-0.91707503341183,-0.172468656526445,-0.283841405205883,-0.273022338191304,-0.354483548653977
2.22256372822099,4.99196393696653,2.06312311504697,-3.64536309558113,-2.49342067349252,-1.31778627273949,-0.769028820971883,-0.614070474031665,1.28064749537366
3.11773571410326,5.44166858252229,1.81750836590288,-2.50721638950622,-1.65210616394614,-0.630955117888975,-0.620098602702621,0.266303931335739,0.726109280404622
1.09953555207718,3.79320520386954,1.32855200020527,-3.28898411639424,-2.68597161992251,-0.954555951861648,-0.799312309152962,-0.451617869697993,0.916065792512379
0.834224190592541,5.46731826511912,2.17687334555081,-3.5309763795561,-0.158445326817349,-0.258984931785783,0.624236408063527,0.806862146202407,1.63854103034005
0.30465022705064,5.56800981012052,1.8681381847445,-3.92532556698793,-1.05765361843996,-0.35574460475305,-9.58019581920835E-03,-0.369795558621216,2.17981388872921
2.09772967231667,5.85126224149812,2.99359553900526,-1.7089099771766,0.376175152208688,1.26445429313844,1.44590348420381,1.01029898021761,1.00966675307105
0.388651133301639,7.3273101917895,3.88651133301632,-1.54319226501822,0.223807259470596,0.720874940561096,0.363290537327628,-0.282770645110162,1.93881756221271
-0.488837469487392,8.39033258746947,4.63664564686736,-1.07111981285599,-0.157012815296991,0.907750203417411,0.469767087062645,-0.2625355980472,2.4842351505289
2.8273241217828,11.8126553431793,6.48105830573416,-0.24228840459034,1.62589919049378,1.61212568945764,0.97416216419265,1.51195477283115,0.632954979433667
1.97392271823784,11.8685384971185,5.70362406710587,0.88445238958408,2.38458365106946,2.13331166477066,1.41324865925768,0.161889165301959,-0.63943095020813
2.19568374142508,11.071053026889,5.85661709478745,-0.185894547093287,1.99038605978669,0.999574382855142,1.53722898202395,-0.136447849381593,-0.571453607731217
1.57230552981347,12.5000777445377,7.1095824807349,1.00010573257123,3.04696392031496,1.90194236952911,0.656785854225879,0.631285645870513,-0.521821336832866
2.1051978662697,10.2239176280859,7.54683041806228,0.712690733159658,2.52326014142166,2.42401687135592,0.765413720382096,0.271058181367083,-1.62200719513709
1.67601936069878,11.5822020928467,6.28538366783214,2.07604922295911,2.59117321355249,0.628973858079616,0.60346651071931,-0.299866864089384,-1.8153765755453
1.14051697564843,9.58210401162536,5.76108905846015,0.461742669677859,0.498229147663297,-0.643545982398407,-1.14492051609493,-1.11661204179589,-1.74820555726806
-1.17087910358504,10.5832362846621,5.33631298983349,0.805136759938306,0.711340530672623,-0.574737968587713,-1.48877907525732,-6.79865285952696E-02,-1.33392087123478
-0.857175011253941,10.9838443455209,4.13707297554144,1.6080628219877,1.64557595158306,-0.52455859550842,-0.496423748311913,0.680863302155761,-1.73123093082579
-1.78745941174617,11.1446675703792,2.42047854733457,0.659500015762431,-0.707417798934462,-1.64875003940608,-0.225717978626156,-0.844235679833555,-0.831625736893544
-2.62260803446964,9.97402103662401,1.43264478519834,0.437206944620459,-1.37244962615637,-1.84894183246737,-0.655810416930675,-0.497402103662394,-0.59308072487645
-1.76010346770476,8.84405572913998,0.270194130000514,8.32351585308878E-03,-2.29472929365365,-1.77931158121192,-2.40741689289557,-1.04748245658967,0.446268503816014
-2.2043436096366,8.91626684360964,-0.387913434054726,9.44262964475163E-02,-2.58204879542671,-1.35195487954267,-1.19245100040833,0.352184565128623,1.44000102082484
-2.42023222522666,7.60617146492763,-0.386193733100044,0.821377445522512,-2.57356449817083,-1.76173055511373,-0.410370606012409,0.27930650548752,1.90297439160172
-2.05358391719544,7.80107574736466,0.176112304973105,8.51951222613531E-02,-2.19472807497172,-0.838599748229344,0.700634512925498,7.05720788881337E-02,2.0809226504584
-3.33494811453049,7.19257540603248,-1.38000050993091,0.1982356390709,-1.32518293771195,-0.596619158104085,0.094337217307056,-0.256240279442134,1.70189439330971
-3.73850243177951,6.72038041572911,-2.16342323162142,-0.822279307245625,-1.25827856783167,0.444285796240464,-0.187403190953656,-0.001912277458709,0.172742397103539
-2.11959017063645,8.77837389067444,-0.752234375098277,0.797519387646001,-0.598139540734497,1.41955935166958,1.07363217248559,1.32836036806653,-2.32651751963923
-0.37211393179575,8.87266960528452,5.61917011101039E-02,1.78190127742468,0.974613838142935,1.86743753355894,2.04912403381493,0.732365171134949,-2.85578712086211
0.559295959740657,9.39218604998785,0.7486344583611,0.51818957517174,1.70591495960986,2.03850298021288,2.29074670370393,0.244769835387604,-3.64974869051252
0.223748699499852,7.82869749426525,-0.212467252466256,-0.270754728806544,2.11213758351405,1.67341464331825,0.351605099214053,-0.629880792709675,-3.52419870388709
-2.40149664019548,5.78039095907147,-2.57266849928732,-1.66463042150275,0.264711871309311,0.172444512319286,-1.91788841376502,-1.52845652616575,-3.20263184687436
-3.90420750318749,4.04394245753216,-4.23068502324623,-3.53458601105,-1.21125091761433,-2.38193362267699,-3.39034347753293,-1.19644030033356,-1.23250093371283
-3.71805748367525,2.99886883644404,-3.16340171731195,-3.61715255283048,-1.08874492261812,-2.93973983238213,-2.54640341405727,0.191526556635304,-0.747467736130399
-3.91728453319025,1.65224080310797,-4.08018151377836,-3.90370978480792,-1.41242024835325,-3.78800121526318,-1.58565989437553,-0.577250014544377,0.186814394404624
-5.51415894134386,0.730846937913741,-5.69735790711423,-3.26899714807285,-1.91644308164048,-3.65293540612352,-0.885461667890166,-0.498924842949118,-5.71684715879116E-02
-6.82097568351094,-0.922304248647439,-6.96822882085735,-4.42811220163161,-4.51883065231825,-3.30859392975236,-2.28308100894694,-1.19117270032014,3.18303433496143
-5.86517146955275,-0.434867648976403,-4.8859042899987,-4.27956708827749,-4.42430564610771,-1.24788107967141,-0.859955665666975,0.822141087495104,1.42065458338766
-4.97510182672943,0.749859158577724,-3.71044298674471,-2.70415530761709,-3.96946169437087,-0.753096892423062,0.322478290994568,0.679276560749601,1.34883991996321
-3.46026789170774,6.96828141533638E-02,-2.58665186982217,-1.82723823779905,-2.94603453170567,0.186466048984444,1.851111053759,0.360673084367831,2.6305262342891
-2.17104450641237,-0.739065150835585,-4.07623356278804,-1.52168119446448,-2.15089409332891,-5.72011726240311E-02,0.300956169601484,-0.74426525743778,3.08041314846954
0.37270404750224,1.71889832506163,-1.02573250680106,0.143347710577787,1.06204726014742,3.08484273163396,1.61313956970202,1.98648071814016,0.352316817553418
-0.124068681336346,-0.251351577215081,-2.89665014560393,-1.03883414010119,-0.021213815979799,1.40075469757455,0.367063300741186,-0.901265757686793,-0.784911191252181
1.98067879779151E-02,-0.245348599468421,-1.70146698016766,-0.494530770803517,1.15837763238601,1.33088836638724,1.70530055203434,0.608898998159884,-0.511781844203639
1.61757771980008,2.90258699273882,-0.632445855467887,1.3711375852639,3.22761135384906,2.56310313393895,1.32272970169429,1.60500424354825,-0.721088863043412
2.04436821329028,2.55703673809133,0.744725126433009,1.07263119395644,4.07549406616135,2.98835933460291,1.90626931177561,-0.304574289641962,-0.586447389993817
0.59423289358407,2.79467221961224,-0.45392790482115,-0.938964155567122,2.62452861332962,0.351079904008545,0.636133930952183,-0.678034968320266,1.40622420864176
-0.11662714302375,1.01724785859607,-2.09799271728284,-3.77612771968018,-5.89615000842213E-02,-0.791120786844446,-3.06275836151822,-2.05782114579689,4.94304707849007
-0.256886154478489,1.13351015663632,-1.06671975647193,-3.11346019227929,0.464321724219855,-0.514414524343174,-1.84380037376936,0.8817617252474,4.55459151890361
0.360313580465815,3.68292404919009,0.227333172912533,-1.0359806988437,2.58045314656974,-0.726326321255337,0.255828974531083,1.39756075938146,3.17189934016388
1.95811026818562,3.00598787202191,0.331109024941011,0.317154238449243,0.438307157536859,-0.589906883515588,2.10209829244157,-0.168726054855002,3.29079237814935
5.17939760469295,4.56210206036474,2.22752286685573,2.77657782869735,2.61067182540428,1.38672376337421,2.51551064615693,1.30032742958386,2.06099080317288
7.16380497261788,5.56780084832096,3.32104687991998,3.93598696030673,3.36797001858404,4.71021874826353,2.49989195329913,1.38176295171239,1.93002278241864
9.05204449549455,5.56562225511814,4.24992168448985,4.97779524947329,2.29602648599841,4.35618508258448,3.16394661032045,0.513504050908147,1.55586813510807
8.51301503127168,5.59391629380028,3.54453221381355,5.52149121999423,2.66683852277401,3.07438300588607,1.96284225450662,7.61077046775555E-02,1.38896561036539
7.33173667403587,5.59383443871286,3.84856300663228,6.58376320314419,3.27069516089413,3.18594939818227,0.536109064112013,-5.34266764922556E-02,0.977032670105616
7.52418400083425,5.74956600683348,2.97507683059238,5.91396200489508,5.32630765361517,2.01937173738353,0.133725102900857,0.111028640481898,1.3028996264285
9.174828732896,7.06086872247764,4.46293907070561,6.45938955618955,5.6828575409012,1.89347822136614,1.31198778870092,1.25505018383578,1.54216108496423
8.08837760681278,8.31095466202157,4.85314752987855,6.25877001983838,4.48662118352929,1.53203174142352,1.50965307011176,0.146973435912314,1.60219190013064
7.7631817906653,9.18457533749016,3.30710091409892,6.86905987045221,4.56323021974696,1.36993764755736,1.3130334766027,-0.088383074035947,2.07821296688661
7.2498494809373,9.1564242752279,2.70326155043757,4.54293898352501,2.85955811252136,0.967579106129614,-0.402600482877324,-0.461591792301947,3.03045046250404
8.67177329013897,8.64936873656485,3.25592660994883,5.80459596112508,1.92436949347543,1.28614248085016,-0.11565593872051,0.432347331133253,2.74425504859366
8.46461742196029,10.2768448869297,4.08974045419026,6.63747695941876,2.88477025035941,1.51873967274918,1.46087724216919,1.48772063779908,1.47101808051825
8.97699199333274,11.0920617912314,4.02714528082864,5.30999791648063,3.01098312349316,1.57692651129565,2.11566508914486,0.205970771199798,0.270262225793981
9.10551941312869,11.6057714546651,4.67611179969517,5.95470368810898,3.42954401238265,2.03590257556798,2.06258932648571,0.378358824122457,-0.556863535816591
11.057527713176,11.0846801326927,6.16891166019337,7.02421287496901,3.77359604282999,2.9413153576446,1.04772923135042,0.466903561689121,-1.27380263732632
11.1942101758046,11.7116639261656,6.37800055399377,9.04011739952969,2.70160363514206,2.67095717156715,0.997188776322075,0.155000383080788,0.442605656629949
10.0255724405514,11.5969548220217,5.97336938949472,8.46183239763676,2.80356250551131,1.44969283677728,0.87122659533817,0.251609300138148,0.47323711825049
8.67851269599084,8.97179394320793,5.83831535452004,6.24617814164178,1.92888820285088,0.269533777806814,-0.578844566875842,-0.98908210093861,0.616246831197043
7.72524510388588,7.70377615037808,5.88249326113403,5.98268171083705,1.93995849335655,-0.559981870661488,-1.18854512058396,-0.450251663843908,1.4616779179886
7.78148467020614,6.99347108623906,6.61979241402401,4.50028698522026,1.26213708327354,-1.29023771942413,-1.70337685942507,-0.255895154732863,1.4636246233319
10.8544370643322,8.60539347994462,8.0338911446476,4.96455981411505,1.63646818597882,0.440655291384044,1.16706175041659,1.86119651700425,-1.09665078508227
11.3334503539875,7.93751097068632,8.03639342343923,4.74343221578608,1.7114270668773,0.471008132935461,1.88754315136622,0.282019776490547,-0.964250190158564
11.8423148863858,6.9006413849667,7.19330646636417,3.86483121603521,0.50390318450291,0.612472488892291,1.31050231004797,-0.845542462989074,0.211238103105432
12.0057601316602,7.71504981338349,7.78852088047727,4.2877714755929,0.423781114996903,1.44062068357481,-0.17221618126782,0.386751697181646,0.259793693243605
10.5672229293358,6.27857917314854,7.55609767595343,3.93803328147833,1.59100551548568E-02,1.44251166737378,-0.710649130250315,-0.253971621175691,0.114316692594167
9.4145076798035,4.91459963573585,5.67516418583403,2.05625330003143,-0.917186267123087,-1.10881056484673,-0.544616425109313,-0.679287371187539,0.955748432299677
10.7289291158086,5.3603289574742,5.37391735888739,2.31948104122603,0.486228450567747,-0.973638501258405,-0.51576845363992,0.415332443194572,-0.232775224208613
10.0744840580563,5.74616539582536,5.46177171961021,2.73500750728647,1.26652339034946,0.210792828333378,7.71336885800892E-02,0.337386286690024,-2.00135425560102
10.5811451719751,6.57767459856839,6.46218423351331,3.60306489151527,1.9469213317153,0.259120514489062,1.18304343492968,0.434994166857201,-2.38601921712775
11.0119012584021,5.88882741409551,7.50214834783223,2.79756088947486,-0.311951877008555,0.114186158754079,0.374342252410277,-0.399651555639264,-1.66982542466657
10.6434741728859,5.2741376270788,8.74184638890521,1.48733619321854,-0.434859258388662,0.946700358465072,0.196861961567852,0.159840159840161,-1.07833343127462
8.49657720823365,4.1476182580477,7.86176184949191,0.522893621053139,-0.360636710329957,-0.23331833147783,-1.01203306724779,-0.771016415188193,-0.341094819622426
8.15388497680789,3.5581244442308,7.05195991251892,-1.31401860174482,-2.22247590665481,-2.04222644139489,-2.08007882909948,-1.46122233170709,0.240933451897425
8.59363270012672,3.30076213012066,7.55283561652063,-1.74587254589898,-1.92003939774304,-2.4443416793288,-2.19990751139592,4.26408499342392E-02,0.121916796290845
8.75309018861373,2.60982515368637,8.94403840513344,-1.56589509221183,-0.896678458766559,-1.69818210114869,-1.08164083777783,0.331615397968405,-0.912840220039387
10.5569251789586,3.33620459203373,8.88407045474797,-1.05147473787389,-0.550687616954286,-1.09008821694836,1.12810764249859,0.756824189859507,-2.26631419490895
9.97254771468639,4.40781498823474,8.23746821001593,-0.087348180543343,-0.916858793050165,-0.342262258455541,1.0606564780263,-2.55508283221922E-02,-0.177667387635776
9.96841228264713,4.00270923116575,7.10214161127327,-0.50768114986484,-2.24170897342916,0.240354357846281,-0.13426278343533,-0.872108704903599,1.64591787193489
10.849379161418,4.62659708475796,7.71819326974986,-0.327514846140006,-1.91230280127168,0.121768340231538,-0.974746565892868,-0.07618019314978,2.29080439085838
10.1325391455635,3.27542045234872,5.18014208389716,-2.95524840518075,-2.79939106901219,-0.921249758360719,-1.66489464527355,-0.709211289387203,4.81043398414847
9.77388767323121,3.61597374179431,5.44675419401897,-3.88402625820568,-2.64283977631899,-2.31886700705081,-1.40833941162168,-0.617554096766342,5.87770483831753
11.6361991273446,4.71924425422488,6.83421333031734,-0.883370140422513,0.926824331966223,-0.177983606459793,0.7637222979529,2.06734804426375,3.8150399123773
13.6063166708927,6.1374076410961,6.20227263345971,-0.325504325315626,1.81386105918636,1.6192660820955,2.38644203723251,0.937593980528701,3.68020379401238
13.6938585225973,6.13268124483225,7.00584651290983,0.483788681104094,2.03367169220485,2.23950178562004,3.52374083000545,0.554744354332696,2.46644265784705
15.2767451109228,9.27843964518527,9.21330958679876,2.84727865866663,2.97638603104341,4.58965181355513,3.17350532279725,1.71182542838864,0.679542821572456
15.4538147999311,9.16298294965268,11.3967506745508,2.82909466674322,3.3859578621046,5.55140938056146,2.64481313508239,0.396693265973941,-0.316321258396004
16.0365133427369,9.64782513961996,10.717193610165,2.61866263001572,4.3376796137659,3.67484317840391,2.22073141363058,0.121558239011014,-1.57108290042546
15.1572026572027,10.4945854945855,10.1840476840477,2.98423423423424,5.18359268359269,3.5495722995723,1.32234507234507,0.80876330876331,-1.61070161070161
15.1555212178442,9.82974218101697,9.77651872836008,2.76819183334763,5.26454345151229,2.40707356854665,0.311900878473106,-0.62322946175638,-4.06157896242881
15.8823664113397,10.0459130514432,8.55803249407481,2.58074857738238,5.81527152818328,0.674956205131726,0.158005014941778,-3.26314704771028E-02,-4.0348527003973
14.9545896947114,10.0599519693157,6.72199217917634,2.74765461676236,3.2515736672061,-0.317325024907998,-1.25835785739378,-0.598367878184041,-2.88932785837284
13.5656114923512,8.78120958628,5.16072281576586,3.04435460381447,1.21110088429588,-1.59615989560882,-1.79014575153499,-1.15168179329148,-2.30802390744602
14.4081807251202,9.88947465778765,5.81818812430633,3.74872826489087,1.42376526082132,-1.63706992230854,-0.974611542730294,0.768821679615253,-2.27929615242324
10.538779990217,6.25514501485344,2.86211956716258,0.344194037151494,-3.49622400649017,-4.23352700461708,-3.57973729106766,-3.19378661162743,2.07172598098282
11.3762453021536,6.59607468830161,2.74950784465787,-0.42056911054107,-3.91338065978644,-4.20449800155104,-2.40529738113702,-4.77241543877317E-03,2.21619041937601
12.3157120660412,6.19788639679283,2.09284672225451,0.195704000664205,-3.4277852237549,-2.97529385252221,-2.59159540273511,0.588298086845137,1.45473307160394
11.200954084675,5.94812164579606,1.40966010733453,0.514609421586172,-4.84436493738819,-2.36255217650566,3.69707811568212E-02,-0.549791293977342,2.14788312462731
13.5351288679614,6.94295736739053,2.28277008441339,1.38362249998522,-3.36352181911753,-2.33245981934232,0.839401593620788,0.797993481180014,-0.27920898674349
15.7780621935469,6.65299133311125,3.90389863889522,3.25811899877857,-2.08461174325438,2.02967664264716,1.4546113341632,1.20506571757514,-2.72220955987633
17.7921736846713,6.62931512445651,3.61843065160933,3.98319180600543,-1.33881934109545,2.16814030173043,2.12728705243807,0.136566576205909,-3.26300738276577
17.581177845974,6.60938185006576,2.00847581470115,1.801549028204,-0.343124360660523,1.43387403185737,1.184275902382,-0.157825515124948,-3.44351892444835
17.0587617190692,6.1406171556666,1.9363463357112,1.00349091078914,-0.986561744754883,2.10271917432371,0.111498990087686,0.132514506543997,-2.48391729226745
16.5455548503058,4.36417779412375,-0.027287233727023,-1.1579278311988,0.557015488471136,-0.279990746068564,-1.64197962948683,-1.61647199795939,-1.87985312349846
13.0463253891489,3.43340162087796,-1.77888052483284,-4.23302674028104,-0.70710651054652,-2.79838753281707,-2.77675980607138,-1.27603587799559,-4.68600746156556E-02
14.2578761296862,4.09703536566236,-2.36676037984,-5.08946993737708,-1.73027498582237,-3.37307093644799,-3.34712887773448,-0.421709280017376,-0.706468622175033
12.9873353351414,3.83148488957768,-2.97910209221232,-5.58044362650136,-1.523149941883,-3.56632603642,-2.05407303370787,-0.345069740410696,0.612044750096869
14.9682424706819,4.25209671529569,-0.833298413021489,-5.25420989302412,-1.19846510263578,-2.54718731853909,0.355588546935896,1.11525498811712,0.160433889863336
13.9243567421165,4.11286032114529,-1.37599148771522,-5.63878409750435,-3.44783807312826,-1.91586863996905,-0.209179725285357,-0.990883149545373,2.08756529309344
15.2943651389932,5.1419984973704,-0.529526671675429,-4.99053343350864,-2.98722764838468,-4.68820435762568E-02,0.715852742299028,0.581217129977465,0.688805409466569
13.6733441485451,5.10320020901308,-3.55139959777134,-5.50239089091827,-3.94451431800369,-0.711495111888837,-1.49711695618625,-1.08881233177182,0.598482224774134
14.3349679593249,5.69150696471014,-2.83702879147988,-3.28950931135111,-3.07289629651915,0.608321549986469,0.473540118535462,0.969944944192071,0.936851289148286
14.6753130323043,6.06042494695634,-1.29217344529779,-3.39300122523384,-0.754265905627104,0.160176911813051,0.561814541433828,0.669396049367961,-5.14000537907616E-02
14.0002724134051,6.85475035680234,-0.754466691539196,0.724264335755431,1.42602495543672,2.04487714747632,2.53344466750759,0.915545922385857,-0.717157899100438
13.4341366157079,6.34965168546034,-1.30312020582494,-6.50664692784736E-02,1.0547931304135,0.684093337551712,0.791542552873968,-0.799899714065691,1.22074247407788
12.0603015075377,5.24678681870894,-1.80650850405875,-1.84455933513722,0.231928875144964,0.594921724004647,-1.05515558562041,-1.17957576343255,0.899328372632385
12.7652725451857,5.22139825456626,-0.900138299394339,3.09981401115922E-02,0.420263245743714,0.928155849110588,-0.661094949687629,1.30192188468691,1.01697744289188
13.2710235664867,4.22354974316655,-1.55834215357384,-1.08832798139079,1.08892596379815,-5.14264870327591E-02,-0.174610862948416,-0.312744799048013,1.28506419341143
12.9406501640322,4.22964509394573,-1.74589919475097,-2.06441992245749,0.760512973456606,-0.722338204592896,1.24187294959737,0.251118401431556,0.466447957053381
14.2050882842079,5.90448556904097,-0.1957939681304,-1.04914900392767,2.93867874455965,1.20602007477914,1.06978993430287,1.12994350282486,-1.51681351214277
11.968370077279,5.92911401497692,-1.86343583327847,-2.40516709865495,0.515991547795057,0.89131254601722,-0.102958870325699,-1.50188259097195,-0.571661169540932
12.6225967496371,8.35841329414958,0.348168867802043,-1.08817524106269,1.26462014186405,1.0067391330005,1.0669310389595,1.41687025693682,-2.01996954997699
12.0228128800671,8.13919163055414,1.73694340469247,0.472906752943121,0.305234446031956,1.2687598153243,-0.110994344011625,-4.72316357496224E-02,-2.87463543081156
10.3935119217251,8.15343877647953,1.14289446185998,1.17495487793293,0.540871093378924,0.464282321649089,0.816353187042842,-0.561650992685478,-2.14270447420917
8.89313388504976,7.82243673425393,-4.01212019593426E-02,0.742541648202935,0.853922895433368,-1.54017509611124,-1.47550211384839,-0.861108782351455,-0.967100614393337
8.00471999133063,8.41832127247113,-1.34435467363427,0.552672454275088,-0.993365522389857,-0.574947923565036,-1.97228209172677,-0.537019421801066,1.21190593731563
7.53636281506911,7.62188695154636,-1.35935194386727,-0.609510043063217,-0.719125485590391,-2.0616135152227,-1.44367151504201,-4.03529376336358E-02,2.05438612340772
6.35953048161498,6.12732434091752,-1.41512014540238,-0.546474660960799,-1.90931803123234,-2.95971648967534,-1.51055565349009,-0.927608823833346,2.06432474819007
7.00873057764996,5.96700703178561,-1.14486449099943,-0.941616157939121,-2.87763236926886,-2.18962159407364,-0.775983934281014,0.190507392778926,2.27092092729777
6.34844811009862,6.97549265626228,-0.094933455880126,0.481318668029196,-1.01463910169973,-0.976544785008985,-0.396664630938629,0.336197461588227,2.12783968944062
7.81310412515243,6.63474407399698,2.13841715492372,1.14207536507748,-0.798857924634913,1.19739464057342,2.14496029503615,1.62745739523541,-0.516313237962113
8.96037675719698,8.19553131971248,0.857500324587182,1.25762779882676,4.01307791272773E-02,2.01303070004604,2.72830282213803,0.785500985564719,-1.07054754907169
7.1200976742801,6.78538459247789,-0.999374646377414,-0.569369583990944,-0.313867961049402,2.0225722879009,1.50442214347399,-0.917780888002149,-0.495518299038143
6.92310430335892,5.63636795083231,-1.16452902720595,0.619935218252794,0.932572404874057,2.22049523628727,0.267550988930151,0.392131272024022,-0.34704507433291
8.55545950810548,6.10782839346825,-2.72412935617947,1.9716041634596,1.65543700931924,2.08350602138569,-0.324456180653413,0.196568343023596,-0.494381224170796
7.60551758775942,5.81953637434453,-4.15134501665202,-0.301948614922836,0.72467667581482,-0.518992866837675,-0.393430076473714,-0.987162699480409,3.34834107637175E-02
8.66183067672044,7.93046673666125,-4.03860838026153,0.240407559415862,1.86300944926983,-1.08213228977761,-0.557172854824863,0.229669752791824,1.64169132385225
8.5621255379385,6.80062008822491,-5.23783017004543,-0.345358017154177,1.346716704674,-0.497985910350562,-1.09233688268003,-0.334584283516781,2.27146217521682
8.35511159000125,5.99055845601585,-4.02069281644948,-0.943559092992668,1.54898470660372,-0.348253671546195,0.436954179341706,0.540537322673393,1.41980343014985
9.49703385040134,6.19470079672504,-3.93602399100337,0.598585054414129,-3.09407781605697E-02,-0.496837495463005,0.256451449753972,4.87912270993713E-02,1.5553691175333
8.60116076818705,4.52711547312362,-3.78714069681955,-1.28808210253253,-1.28090948757644,3.34722031284523E-02,0.137475119991868,-0.454265613886191,2.6012683574114
10.5303314865245,4.94001784205089,-0.750070429148275,0.590431026387451,1.45494882148558,1.61517513381538,1.41034369424359,1.8082683820077,1.69616865433375
10.4870426293981,4.72001779151158,-1.24306482196784,1.42566191446029,1.34723880422314,2.22101271156683,1.64161809115808,0.283259592199835,1.78617412271461
9.7578155265722,4.36648157496215,1.60125846706502,1.97926816383551,0.861674277731476,1.39992721552423,1.79789394597514,-0.294659732575748,1.13696394820562
9.88065175741312,4.59171417355589,1.78524347158668,2.68050176649461,2.00964394733912,1.53154789456106,0.171669293460751,0.182215529919081,0.708355548785127
10.4418746905129,5.02985639800763,1.76691619818822,3.27400891322712,2.34365442311613,2.53531793422854,0.458477760624502,0.569747458565144,-0.707815094229697
11.3265694795526,4.72142387201773,3.21687039024897,5.05846231979409,3.57872502510475,1.66787861998916,1.67826679132472,0.93435829957178,-1.61536064268153
11.7778288868445,4.93560257589697,2.80071297148114,5.23056577736891,3.41478840846367,1.75482980680773,1.86465041398344,0.371435142594298,-1.55991260349587
12.0183630000638,4.12819277667829,0.691804553606152,4.01850228957128,2.46078129806213,1.12418239960998,0.376081670081195,-0.938463056360021,-1.66625073272085
12.7223857673109,4.33717696612871,0.31474349278009,2.19389595429528,2.66630208393935,0.703373165935557,-0.807511955598485,-0.24260265524825,0.452625577417602
12.3591879840413,3.10666510208871,-0.372565125557376,0.583196432762266,0.032856137057039,-0.712860830790886,-2.04177423140108,-0.848392396151127,1.73902839708988
11.5054993400792,1.66358703622231,-0.48511511951899,1.50755242704209,-0.230532336119669,-1.64188297404312,-1.07229799090776,2.05308696289725E-02,1.41663000439948
12.146699609245,1.88193239762393,1.53615214331189,1.5425771142535,0.491218232899347,-1.58463146950768,-0.39659593357748,0.427552611750684,-0.178146921562784
11.8513621984041,0.477477690164781,1.75822748949431,0.315170687945602,-0.734808064592288,-1.69448510316823,-0.594928939043401,-1.0476179234147,0.71533122432599
13.674535514062,1.88226845202242,4.00199230876153,3.13730713987861,0.584371959412509,0.450586109437995,1.26778019737757,1.87184358059585,-1.45774452115091
13.1306082904662,2.14931604807271,4.74037507785288,3.32864293787917,7.49694355378166E-02,1.70930313026227,1.26698346058915,0.426749094599886,-1.83617448271089
13.3524206142634,1.61085083000753,3.37960552952745,3.36456706576436,-0.595754525999188,1.39684192260976,2.00011568049049,-0.297298860547161,-0.680201284053444
12.0092216591965,1.44117681478273,3.21470784426163,1.70916665691449,-0.819768054206504,-0.178464851201271,-1.03100022234966,-1.1632397514365,-0.486243578191007
10.1480274723987,1.73460537727668,2.50169944445747,1.51250556714563,-0.727831040059999,0.710250580155184,-1.61740231124446,-0.151191955181543,-1.16206839970935
9.03983026441841,1.69911899710251,3.27011349009974,1.67149582419908,-0.172204035334156,-1.47930906804117,-1.61213538881086,-0.292100360276703,-0.678237053841676
8.61297144871344,-0.12219480672071,2.36458700505229,-9.63459052990173E-02,-0.149806133239335,-1.87052050287862,-0.400657972036185,4.28856773587133E-02,-0.934085301374697
9.2898657069313,0.468220413012346,2.56181790651898,0.492679688318951,0.295258394772713,-0.684859708585205,0.623129156620895,0.870051364478147,-0.938187917118006
7.48334519112606,0.349265894832162,0.711467563546997,-0.173456967972203,0.375725432319449,-0.488619458931855,-4.46872188674137E-02,-0.966067113146866,0.772030504906767
6.45021670688541,-0.873942405179621,0.675912036570391,-1.19529707519818,-2.37339989683449,-1.17573120045536,-0.924339355274791,-0.835996466284449,1.69689495496885
7.09141798772731,-0.420727485753842,2.02671116555124,-1.57521317451018,-2.61016728503547,-0.682868521181349,-1.61012586320144,0.196457841449064,1.25685679288491
5.68166992824527,4.21040147067566E-02,0.520666548063807,-2.75395837039673,-2.52624088240527,-0.942892723714647,-0.854533594259627,-0.215264187866934,0.505248176481052
5.7776758787323,0.494406330282246,1.68956455794431,-2.24393455729764,-0.469715407723556,-0.947073243858141,0.847721674514857,0.865945926879598,-2.56021351769222
6.53211501657097,0.90381832609812,2.17873313728236,-0.536222751248661,0.431778929188248,0.766115856789425,1.39511272930961,0.747444335527234,-4.55293376277832
6.67374054791486,0.551529532482526,1.14095485736606,-0.211633425254915,0.802224774520035,1.66858089002642,1.68665426794075,8.10386945191082E-02,-4.6903330748646
6.87249075194166,0.712378080494635,2.37264561674177,0.395635734614327,0.524202738477184,1.24125598274865,0.592577008713342,-0.237264561674173,-5.11229158996476
5.6578279699319,-0.405942813986152,1.41607958367266E-02,-0.585902927744543,-1.31695401281553,0.502708252203773,-1.12224307006054,-0.964704216376968,-5.65900803625163
2.74694113956126,-1.8823756546082,-2.190071675073,-3.29355407003402,-2.60817626758694,-2.62748268455728,-3.48420493761614,-2.2528175302266,-4.24560175688395
1.04963290357681,-1.74531271969238,-2.96550332862618,-3.57682126897378,-3.10549513696578,-4.77011388853229,-4.60689199845949,-1.32472597673324,-2.13655620151485
1.8130879996085,-1.85284870135431,-2.15074811289593,-5.61910471133731,-3.37354261735525,-4.92115146992256,-3.67266543510442,-6.30054196894978E-02,-3.07136128408716
0.836366547801622,-2.8897141695767,-2.29908418478896,-6.79624805227598,-3.85603163165382,-5.38772795299595,-2.08106227173906,-0.683012151334301,-3.36763791117763
-1.75744726094651,-5.2810977478407,-3.84261778336491,-8.12991350357431,-6.38685104227254,-5.99846145186407,-2.30782220387638,-1.54980580520479,-1.17142303194051
-2.52534480911847,-6.03675863676747,-3.65318093893933,-7.68125712773532,-7.98495378392172,-4.43384516511144,-3.00357253120452,-0.743489739211534,0.792005595075336
-0.492235423459897,-4.21710830428645,-2.95903451894607,-6.59520507727098,-7.14428494684108,-2.18320152917807,-1.42610846669916,0.85891333408293,0.344189997876141
-1.0741084332027,-5.20835305477196,-4.36837754091015,-7.37739576036402,-7.98954921524452,-3.16868298655156,-0.90497737556562,-1.02803915257767,-0.838082255753925
-1.33587421367614,-5.50347034117054,-7.14718198099439,-8.48879229577887,-8.0184320048948,-3.48500009560169,-1.15359366734437,-0.991708147175604,0.673673207946408
-1.32643116606969,-4.1147211077219,-7.23208748370439,-8.66736700882178,-4.89184776417876,-1.18530800288575,-1.30871166575959,0.706881494513288,2.30290220101507
0.873299659931988,-5.01662832566513,-4.96161732346469,-6.31563812762552,-2.25857671534306,0.785782156431297,0.944563912782564,1.21899379875975,0.826415283056613
0.356082347155375,-5.56907810778339,-4.9359736548865,-4.9951132055504,-1.76858382564416,0.343009393850731,2.32574064505686,0.416466940991168,-1.7972198185972
-1.30211482285256,-8.52802474400015,-7.49002412030879,-7.55048399722522,-3.33483952675827,-0.845165437315834,-0.565777163986285,-2.23256050760839,0.260932100376133
-1.33769736259006,-9.83869129768673,-5.8806771420251,-6.75622633864698,-1.22374302029654,0.669165221134728,-1.27249015561099,0.524823054229603,-0.909102419630528
2.63273474084017,-7.75283470558034,-3.69609729241542,-5.22464229819928,1.82237700810977,2.25106243466103,0.63096556288933,2.28817805600747,-3.40350247746772
1.8978237956476,-8.12945625891251,-3.58546717093434,-6.25829251658502,0.746481492962998,0.81964163928328,2.57982515965033,-0.227540455080901,-3.83966767933536
0.110301109350238,-11.4573692551506,-6.48557844690966,-8.73090332805071,-0.448177496038031,-1.83011093502376,-0.131854199683038,-2.24405705229795,-3.62535657686213
0.106005497051528,-10.9153923790299,-6.68025060461219,-8.61881819739874,0.404979084544152,0.26025301671333,-2.61395590933038,-0.133935089089045,-3.71590526790193
-0.662526673566648,-11.5996473339211,-6.88784963136172,-8.27998620002299,-0.955776184817472,-0.917442915372912,-3.04621714519365,-0.649748917085143,-2.23355183296917
-0.624379622810669,-11.1965675130479,-9.11210015689539,-6.14325509910026,-2.44180461720727,-3.52342224072236,-1.02142102398258,-0.235022893919508,0.73836892830841
-0.692469873691948,-10.680412902893,-10.1684752122865,-5.47012514748834,-3.57195819390445,-3.99298503517154,-1.57449853962359,-0.682153748944204,0.765327504722844
-2.99741500088799,-13.7873196913787,-12.0600403865001,-7.52938545428235,-3.35326347915886,-3.76173280449382,-2.95400280206011,-2.01669396373109,1.88316856430597
-2.76823680653987,-10.5171902297525,-12.5206843128853,-7.04354418696642,-4.13554405511422,-3.85931370933185,-2.946896528991,-0.228104295085212,2.07469426772588
-2.69627383581875,-9.54347627200606,-12.173748251931,-4.48616574961118,-5.64021800216956,-2.28457909113484,-1.35336478768314,0.876321670827185,2.82958451504973
0.46723624990464,-7.19225977064104,-10.1495155999695,-0.891880896076485,-2.53133979200042,0.732957001551096,3.35456556564192,2.72204846543087,-1.18175807969079
-1.20741726600293,-7.30465050804945,-11.2845844744184,-2.43275063346216,-0.938035883391779,0.759514729594833,2.94271966420107,-0.655217424688388,-0.75439584346446
-1.82770152491381,-9.13850762456906,-11.239299133601,-2.3002827740261,-1.70761940423774,1.8483608144925,1.20598602915543,-0.897387891073887,0.466770823918294
-1.60173607522992,-10.513976438979,-11.0145189624884,-1.33628707243981,-1.09150563191072,2.0325255761083,-1.5991526299473,-4.00434018807558E-02,-1.37697633564121
-1.50677444774906,-8.89003279188592,-8.31490378504793,-0.420702102239515,0.763237499682249,2.75172220951219,0.681257784895398,1.60400620249625,-2.24395637916571
-2.91864212699985,-10.0521714517301,-9.6661927706193,-2.90706276656653,0.226440826251696,-1.19589061364177,0.35703028002753,-1.22676890813064,1.99872627035233
-3.00635053673319,-10.4426033976983,-10.3813545662616,-3.56661616324425,1.98188324038555,-0.760130234357368,0.176009799813031,-0.22178524225525,1.55894394120113
-3.31968872295442,-8.32813895654073,-8.87756479047918,-0.971616211596412,2.52671623280234,0.46460219641813,-1.11748716399878,0.329012897048531,1.93295077016007
-5.57956777996071,-9.00654878847413,-13.0740013097577,-3.44335297969875,-0.213490504256712,-1.396201702685,-1.80026195153897,-1.91028159790439,1.76489849377865
-4.49406793434098,-7.75491630099138,-12.7281001137656,-5.09150008126117,-2.26426133593369,-2.29546562652364,-0.83211441573216,0.731350560702096,0.864618885096698
-0.256691642069689,-4.18022654456469,-9.04033906001666,-1.72431191503318,1.43293221322435,1.9595600292641,1.85360377406089,2.98380382956179,-3.27013799540856
-0.845590802612948,-6.04610120426858,-8.493362873993,-0.144105940084939,1.66896262767976,1.53501393447307,3.06177510585756,-0.655777251575956,-3.44902014309021
-0.831520882584716,-4.27612293144208,-7.57698975571316,0.684633569739946,2.39117415287628,1.89629629629629,3.02600472813239,0.694720252167059,-3.35319148936171
-2.06570352971459,-7.0658644100518,-9.49322693780366,-0.725248560120981,-1.26194536503748,1.73429003507192,-2.03417098362238,-2.07857395669101,-3.3778435599601
-1.71763720150818,-6.07650414102027,-9.70964519351617,-0.644516773549032,-0.189487931423419,0.857207308820209,-1.52621571976411,-0.154684025651773,-4.73010860107633
-1.83411466313709,-8.36142425882338,-11.9598881144415,-1.12537572292024,-1.13059183287583,-3.38069126497186,-3.42568021333889,-1.16319252009832,-4.66450632779339
-3.05477020185415,-10.0105200867907,-11.8226050364915,3.87928200407749E-02,-2.31902163192846,-3.5722269708725,-2.17305542770728,-0.842264448681698,-3.4453284239595
-2.52371074843777,-10.146373918829,-10.015915880657,1.05736239938424,0.395287855661223,-3.46953152518493,-1.20608456290034,0.793184872085884,-3.96070603890259
-4.75537143846655,-11.5720698520107,-12.552448949689,-1.91813301719659,-2.4502817257869,-3.49593062752255,-2.14790936821494,-2.10461817164626,-0.723295991901225
-6.1346538940304,-12.0095253558478,-14.0810196460464,-6.42149699626562,-7.26578990095794,-4.96495643232126,-2.89143259187098,-1.57628402879255,-0.762434377875195
-7.29326959245504,-14.7281095905401,-16.3359937626952,-6.88497233563812,-7.73234302440892,-4.89272793177264,-4.84827345657481,-1.09358008986643,-0.703748538131678
-8.26898195437522,-13.8774259448417,-16.7068437180797,-5.47769833163092,-8.01838610827375,-3.56826693905346,-2.24446714334355,0.431052093973437,0.942458290772892
-8.78329733621311,-13.8663623891221,-16.4968689297309,-5.16049282095168,-5.54287732453103,-4.12404743469579,-0.395289131586465,0.260809323933325,1.16685004822256
-7.71434321749631,-13.7568764256004,-14.7973970213337,-5.56554407621092,-4.0889574667919,-0.728565678250378,1.90728565678249,1.22501006306185,-0.182476854957722
-8.77025543837642,-13.8851583963351,-15.5383157564643,-5.97181792772464,-4.55521545582831,-0.768292100975532,-0.109756014425069,-1.61634478386244,0.793515532862033
-8.2403504421853,-16.7162575419456,-14.1609499407664,-6.83045430751852,-4.75383640521255,-0.708736259194972,-1.40920737251011,-1.03383199713475,4.02374851916135
-4.76273999217454,-14.2639340502179,-10.3532253059352,-4.98063871986185,-3.42161717284834,0.933658944641575,-0.557227086903139,2.05485920908832,1.82751595450437
-4.45781191256244,-13.0780385627585,-9.75213491594608,-2.51624684462109,-0.801600515602345,1.15339169665396,1.51928137923626,0.482034480906605,-0.307481604812284
-3.97276662096405,-12.2362018442347,-9.12775223808371,-3.38535365755302,0.653278490200824,-0.182810441702274,2.41954996370675,-0.110223942791077,0.846842487297357
-4.11083982063265,-12.3426646736962,-8.14187064178611,-7.23894679174585,1.10650443345755,0.787268435540697,-0.257688379674403,-0.632384868754786,2.16904628245622
-0.72104879825201,-9.9351122293584,-5.0857445540621,-4.29914586505993,2.76766205389657,3.86810567436932,1.37588558564523,2.10355558498311,-0.427729590147655
-1.61451673810643,-8.98749859218379,-6.05725340029016,-5.08933835951319,2.45721895019975,1.79471721113269,1.42769124768952,-5.76376512988274E-02,-1.01362766077261
-3.99679448327878,-10.9964038951069,-6.70936199442401,-4.64732581787816,-0.381160181556147,-0.308429970234483,0.431667272751766,-1.64922488450712,-9.42799035651946E-03
-3.29227980379612,-10.2173970995948,-4.56720516101514,-3.40357752185967,2.23861697590104,0.839731285988478,-0.654457240349751,1.03566858605246,-0.989016847941986
-1.84231431219384,-11.2902158082881,-4.60611677479148,-1.5298556864822,3.88719714020918,2.12299748444326,7.74526678141034E-02,0.669932477161386,-0.947967694955643
-4.3734705819768,-12.6755505904884,-6.37301840621344,-1.13442919459518,1.42967336950739,-0.429566975210131,1.25678263645068,-0.449515905947441,-1.13708905202681
-4.11343055825128,-12.3764331082302,-7.51206387663722,-2.60552963932187,0.308540756159111,-1.02400728182956,-0.424996486249517,-0.649876516768943,0.013385716102335
-5.40948275862069,-13.5277478448276,-5.82502693965517,-1.12203663793104,-0.207435344827597,-9.42887931035157E-03,-1.73760775862069,-0.628367456896562,3.34253771551725
-7.06833418594006,-13.6870305053714,-6.32320077542338,0.503486712797179,0.47858162138877,-0.998896098651081,-1.22506125306264,5.65412886029015E-02,5.6823995045906
-5.98417408506429,-11.7752025022055,-8.03927072473066,2.27965354078113,-0.936990402865773,-0.957040126179588,0.143689683749022,0.711096853530079,5.16681369797096
-5.94589504553588,-12.7513889449399,-8.48568007856115,1.22684531256306,-1.52615790252499,-1.15016748052786,0.130486836972171,-0.641672383873439,6.03467990368188
-3.28240750035134,-11.8046214691534,-5.56570503168645,1.47156250627372,0.628375258477035,0.013383924568189,0.581531522488328,0.507919937363228,4.46956160955077
-1.47807329105921,-9.47452800062563,-2.66939514999055,2.85643528867398,2.2125479819868,3.23442581284256,2.48626525810888,2.61334827916556,1.88995262084292
-0.580869520910037,-7.04240602269978,0.308268473816282,6.57108645529469,3.78711641593315,5.37686457842374,5.30680356164732,2.26934002522196,-1.25154452696074
-0.186198437966692,-6.31930807897864,0.765129417446728,7.73454330543533,4.43253960688616,4.91296970621318,5.03689016834118,0.224327810929148,-1.16930077084881
-1.32131484465194,-8.0801288963881,1.61691384494374,5.97033860675184,5.22246044936122,5.691232254545,2.666099996194,0.182053461553107,-1.19000799259099
-3.75051245259815,-9.45218817259405,2.6141488162345,4.58645075330531,4.88879778620477,4.27833862867685,-0.5726657784155,-0.982627856923244,0.587398790611873
-4.13194066891386,-8.96938142417633,2.97934669284843,4.83232380087372,4.97559852375866,1.85489596592108,-0.649853207370963,0.147752057975104,0.653690923162535
-5.08639650157055,-10.0850742706768,1.29965621996763,4.63619300701106,3.49133455021576,-1.26740668597338,-1.68020072109958,-0.839777865209847,2.03430060435626
-4.70746339675538,-10.3755811187057,-1.15034175888476,2.88646403333355,4.40139146985256,-1.18313517962435,-0.381303892128926,0.307357943402412,1.577942244999
-4.65493997560506,-11.2370803107145,-0.329973679142317,3.09879951210117,4.06817744109906,-1.20433973165565,-0.367850035308469,0.161135006740707,2.039545483726
-5.13535716332653,-10.7566118360303,1.35962147119321,5.43530175954759,2.28365461156856,0.583968566315781,1.26600818957007,0.801762731724708,2.12699565048495
-5.06529406157658,-9.49258094239506,1.60963365424333,4.64969974263655,0.228132049693397,0.649445556508755,1.17306897976043,0.213516347345352,-9.21424713246303E-02
-4.42175795695187,-8.65450867600113,0.530358102342052,4.51025632921395,0.528461708650724,1.99374190081861,1.53291823382534,0.524668921268052,-1.08157653528873
-4.08804036132756,-7.89185493723611,1.59774138618625,4.80398549119154,0.20699739828958,1.55343001652181,0.597570470903259,-0.140530343792928,-0.317775822450671
-3.89941301188447,-7.25273204275639,2.41715792056472,5.99822582370224,1.78361340572645,1.99877946736963,0.995300320232526,0.612782877311306,-0.357980962207532
-4.53329508820284,-6.75816398431117,2.96316619795596,7.41352755208301,2.51046025104602,2.08269678054986,1.35562359308844,0.886705036509552,0.752015663875184
-6.8470932451342,-7.76745961073654,2.87495229614553,5.50566085739727,1.38595598524361,-9.22274519781227E-02,-0.478946698893269,-2.00292583640758,3.29411016410126
-7.75734260371668,-10.3397152424529,1.69921525523376,4.38127859717287,0.61667646532552,-1.09340252038548,-1.57396283326092,-0.470335625367458,3.90710871398994
-7.58425360860095,-10.1180534828635,-0.689015755281919,5.5864254370646,1.08019889376457,-0.318788856360853,-1.84033885604334,0.626782074159694,3.66607184814982
-7.13419793153089,-9.16288878505854,0.539847706120797,5.64788038742755,0.851759714101707,-0.359267069921331,0.731162156360096,0.572680549066154,3.05534859639597
-5.27928206715147,-5.77255144669658,1.82577750270772,5.03295683119294,2.60560111403372,0.746402599412034,3.15085873433391,1.97864768683274,0.329258858115422
-3.71923472435176,-5.07700170567553,4.3128344386357,3.32083325636242,2.58868589092297,3.18905904593008,3.03450144397441,0.507392286898319,1.31527903496942
-3.1279597535025,-4.64273853306929,4.57754707929987,3.2220568518678,2.84443843097701,3.76019385232291,2.59535787648065,0.122387729246363,0.546747192462384
-2.45767072602974,-4.27335767317635,6.04800176423023,3.42922251353802,2.63225600940923,3.53642400333244,1.02239592266791,0.395726642326826,-0.616868001274176
-4.41804468897234,-5.20595281128804,6.81730456998964,4.35310047360264,1.74491627710349,2.96476469975555,0.501173284645598,-1.65423944809659E-02,1.11507992427258
-5.43036389545177,-4.91280450566602,5.42913014243679,3.55567618918368,3.01467549211323,0.328178301985722,-0.30288636517856,-0.68473292331609,2.35215012306687
-3.00361625186131,-2.50767313945361,8.74525177014008,5.77020086911598,4.8931838210715,1.29820402953778,0.784635487890106,1.47567386878172,0.627222171574447
-4.06637836647562,-3.36785187813099,9.58547162771351,4.87378201324875,3.6798032871115,0.543774122713113,0.165150745930858,-0.641029561983523,1.63438071528623
-4.60252593428133,-3.94053144473826,9.87444294458106,3.98614372800285,2.37861893402861,-0.620696881722429,8.01296868161982E-02,-0.770477757848086,1.95762988714043
-2.13406690620891,-3.06961469246291,11.0199531014257,4.85224525409453,2.09771142228712,1.1027830122942,0.304174215478952,1.6965892496834,-1.0640038294443
-2.01422372227579,-3.29315332690452,11.2620540019286,5.15609932497589,2.12210703953713,2.29809546769528,1.4663693346191,0.532184185149479,-1.13970588235295
-2.57780837968918,-3.59733521776682,9.96998194084571,4.45257811037224,1.79323174304058,0.623312616644631,2.01127036184748,-0.213206738057703,1.53835003352117
-2.65889900637342,-2.98388892566759,11.7176920901065,4.92660644322606,1.75434373100463,1.60809826732227,0.675256832311222,0.356285244855822,1.67550358391662
-2.71139511404786,-2.45990339332458,12.2269712779528,3.90900352451138,1.32758610266424,1.92004256013737,-0.306505534631494,-0.450992364566256,1.85898327217329
-4.21910693834556,-1.51089226548099,9.21540166951452,1.7834285679289,0.719005885559251,-1.07544662269339,-1.40004042111453,-1.30572448723367,3.5686944592451
-2.95008809417847,0.273122435666865,9.19166732711898,4.15109523315999,-0.308482036713017,-1.15284492376349,-1.2985508660054,0.45601692383664,3.23113595766602
0.998132219803241,2.75765254529665,11.4957707270067,6.91792474154444,2.75229903517852,1.51504336343196,1.60664786989781,2.42989875917533,0.603162139976437
1.44190644181766,3.89125326293484,12.4835003521898,6.7904559525994,3.96938612431413,1.64789307636304,3.35142622067799,0.490698046086548,1.72306635965976
0.846944589525676,5.10244052988937,10.3615687764114,6.00042733013628,2.04821708370924,1.82505579032335,2.6464792744884,-0.270048905560037,2.5123450928256
0.457104335690802,6.14814201575325,10.7416562196939,4.45454975518603,1.88518579842467,3.44572699103531,0.587790051328135,0.366629609480321,2.16015800553492
0.612417246898044,5.45860425562072,12.3044487358928,4.09262441755399,2.22171039810073,3.13000135830248,0.227958589491457,0.130515150978275,0.963804191839551
1.35459533607682,6.30942244926919,11.2813963388676,3.86098103211768,1.7554751430869,0.599545906059308,0.378411617236641,-0.118844898538385,0.559930939879856
2.99323844658839,8.70099037555134,12.0998056489811,5.01006668451127,3.74794884029466,1.69387968857285,1.59786795768501,1.58623017212285,-0.708159251457637
4.15988791171891,8.51257229867821,12.9324170193549,5.50251561767243,5.46546164044905,2.45077321229034,1.96386079283932,0.501965597698026,-1.0207212788254
4.77017382395331,7.40502775510676,13.514624249686,6.16690109457574,5.05438148656236,2.1144818564375,2.10290516956952,2.31533737359626E-02,-9.72441696910666E-02
1.73606846005813,6.03880417171168,13.1497826989781,3.75875199606928,1.66529208415953,0.9546036815414,-0.522341352706177,-1.05287170758243,0.249764566187622
0.289284139350291,7.61193591062767,12.6479494340732,3.8735851830075,0.665588710862851,0.556813170660005,-1.55578421284728,-0.520946641187705,1.5293252976628
6.32922519734833E-02,7.43039317381342,12.3121011269537,4.92273070904903,1.25939860639837,-0.713209913441989,-1.24474762214526,0.329354126010179,2.20936842537082
-1.48632997578353,5.44051755401912,13.0347804723967,3.46342376490132,1.08213713309702,-1.03124744089192,-1.75481697258816E-03,0.187765416067106,0.469706009663191
-0.925298245004144,6.54893303899926,13.4188524447689,3.86632134559339,1.89115433418505,-9.73388260242209E-02,1.45892359481555,0.947315360414393,0.108347383729345
-1.75858286461128,7.95738324736855,10.4703946600696,3.39638714495764,1.31864541274769,0.249142297010305,0.438187037598911,-0.703083062991572,1.08875767264918
-1.82306747897797,8.76612847182005,9.07479904561144,3.77412031782066,0.476036044383703,1.50628923533091,0.994926915147447,0.745905626722873,-1.10669693530079
-0.188065845980951,10.2547489492968,9.77483701915634,5.15690310595331,0.966704318060623,2.16161048581766,1.04009586771172,0.992506034734841,-1.94372932279094
-1.69829006584732,9.08588096250022,8.21781428845896,4.93709282083826,-0.582204342079983,0.467510086690225,0.217162219595822,-1.54051268914364,-0.79354451825501
-0.497164023613853,10.2344021298761,9.64694987845816,5.06482231739785,1.05278388702396,0.108230119226756,6.01921518694272E-02,0.5897673341822,0.258131728209286
0.918882103732097,12.2496450298406,9.76081360314913,2.9667424705923,1.83487827120874,1.0770314105302,-0.66549690050446,0.273586757015712,0.518891338728111
-1.30413140866102,11.17324978772,9.20797587327614,1.06696337071414,7.49568119931016E-02,-1.11908177905308,-0.58325769332122,-1.45755863320937,2.46537639446022
1.97582696457077,10.5200067829514,9.06225696860546,1.47880035318126,3.44994942023393E-02,-1.98225907365934,-1.03089166574083,0.147353771847242,1.75245735804043
1.62443221164568,7.68201504712497,8.58460780056104,0.757051139097882,-1.28816065916267,-0.799892017511936,-1.67607601028181,-0.363267174497356,2.76587753377386
2.65779963746781,9.78028702388787,9.35021301652177,2.24966229088012,1.06104164501864,0.257467123872862,1.42068742567512,1.63254938635078,2.06320067426368
3.70536252605467,11.0586668044765,9.63979948665828,2.88539387779711,0.848104827364443,0.516212755450667,1.80071546284014,0.532290572083167,2.62412935751897
3.3867695385055,11.5119302757537,9.58994142020288,1.78368338334048,0.324617802543224,2.40605800828689,2.61580225746535,0.469781397342479,2.51864552078868
1.66825657705703,9.57279299366718,9.21822382107187,0.743043663153543,1.29472341305873,1.72227521923524,0.452837128047175,-0.552254416311325,3.55316238923305
2.15063588238317,11.2283066169458,9.2307165169521,1.34200592766874,1.33115566697694,2.69143571791606,0.547081565407081,0.626459788362798,2.83020484150054
3.2381221719457,12.27092760181,9.29355203619909,3.30260180995476,2.00565610859729,2.02149321266968,1.03223981900452,0.955316742081454,2.02545248868778
4.15223558243763,12.9283863856359,12.0314676902245,4.83877284960526,4.45270054777504,2.55702959328123,2.63480357872238,1.07596671944853,1.21137178762667
6.02345831800292,14.8744021139245,12.7649373961713,4.87507107736562,4.66323265433543,2.45676823761581,2.38095238095238,0.367372423097073,1.44607597194814
7.62720800013319,14.6350938139925,12.6117526928861,5.12716637901852,5.43793736854665,3.43124469330788,1.88515902040545,0.452282779402548,0.752509753214534
7.94870798091822,11.9461089483359,12.0449610422787,4.15067724791328,3.79914143068969,2.75230886281219,0.746388844152457,-7.21953495087914E-02,-1.41613954805711
8.42494497757525,12.6720663484513,10.4257100248918,4.98555834594552,3.45269180235169,1.98524234814088,0.553827731302078,0.174075983612458,-1.30113482018616
7.6516960771306,12.3076157622396,10.2212418734244,4.53982574852948,3.26887355711822,1.19687320330813,0.382004334173637,0.280283932599186,-0.890606342045914
9.10449729634677,14.6068712357674,10.6486569657537,4.15933969314635,4.37530223765771,1.42546269837781,1.04903943377148,0.597881039257918,-1.56669011298193
8.36009319592626,14.5401067456886,10.0846584743849,5.39346637070167,3.54827515931987,0.746889338099615,0.645541522310291,-0.232989815646121,-2.22579632393847
7.28606274328657,13.6020775475025,8.05556650912307,2.66847682193819,0.403904978114776,-1.43648213973873,-1.89897305610167,-2.27358506509235,1.39479599136984
6.64985339878899,14.5724973881393,8.94604401406473,2.68488041610029,-0.387004729433709,-1.31828751811452,-2.21418380758732,0.290393969691174,1.37670332633093
6.67235618623693,14.4865208587828,8.22302916715474,4.74795986099722,-5.85685838116409E-02,-0.898609414481508,-1.26954377862191,0.693340473122601,0.354758279087676
5.73007676203769,16.178087927425,8.73021632937893,4.52644801116538,-0.598464759246338,-1.59162595952547,0.897697138869501,-8.48569434752258E-02,-0.769853454291694
5.62835188606967,16.7290098697553,8.60505205281897,4.00761638649781,-1.43933931227186,-2.27646581639552,-0.294064626616794,-0.908670963089826,0.624746496011545
8.0142005522437,18.7651742012189,8.30921202491209,3.75959065074753,-0.215563938597606,1.37560905146311,0.397793247515186,1.37838693726979,-0.455017695132591
7.05487990691747,18.6358977200321,8.0699227082583,3.50832479153392,-0.223287253788415,1.3580075906585,0.753525223702796,0.272598830927769,-1.26769537634706
7.05007420253123,18.1637791599273,7.97385402944757,2.74465991896084,-1.14666533268857,0.353504193693626,1.33453391361381,-0.317931444642677,-0.872088175951713
5.68001530273537,16.1387598033149,6.51885274492816,2.09962530802381,-2.14182035038763,-0.775826178929482,-1.26416346922012,-1.21915542403205,1.45994846578826
5.06939273657632,17.8769573566378,7.39442730697958,1.96505450087057,0.618068424205439,0.620867647141162,-1.04355031043382,0.489864013749783,1.25125265226373
6.76269994530457,18.9681538616094,8.87014857066316,1.32496902452365,0.636253027783054,-0.45709756995993,-0.412448234676912,0.308638530143881,-4.18587518278322E-02
4.90412296503309,16.8145367205958,7.95075113497983,-0.295178931182904,-0.606070809272881,-1.2839722329781,0.253090680538954,-0.548269611721857,0.176770652704583
5.0273628493249,16.4805095769973,5.73610550396985,-0.582021262279633,-0.437917732023502,-0.879760462925585,-0.155317812766338,8.24249764500083E-02,-0.309514197281657
6.60360095596676,17.4962986786144,6.32024886187833,7.98487310151355E-02,1.56869486140147,1.43894067350187,0.647107424268473,1.10734663775847,-2.05887734902214
7.66466138806564,18.2482195780068,6.83858981731321,0.436258680939525,0.477175211217758,1.23578979961958,1.47023045959216,0.284756933693096,-3.31479187862167
7.25688027292168,15.6723376456597,5.57847894181431,-0.715805225043129,-0.77387366763633,-4.18762807162519E-02,0.421554559210267,-0.981021669579391,-2.0904639333553
6.98944608765797,15.4437796898808,5.1441919870933,-1.33100295778436,-0.784821188491542,0.176458725463827,-1.02458098055034,-0.328829434435787,-1.21616473962534
7.47108981281498,16.4788066954644,4.87311015118791,-2.35331173506119,2.58729301655888E-02,-0.31047516198704,-1.72336213102951,-0.404967602591782,-1.06753959683225
6.6835382838508,15.0485766696107,2.70285571936499,-2.78834612858663,-1.12836016939557,-2.10215820821161,-1.39898543832235,-0.659012161152258,-0.531059628145021
5.42259280228295,13.6113827554458,1.22382921291768,-1.5189207427614,-2.46653055855795,-3.42843744459886,-2.08794413848714,-1.01051692487176,0.615345903317492
4.12876735764591,14.240255481737,1.47928487924496,-1.52775797667588,-1.62071226939637,-2.13509737389867,-1.38975221693137,0.281714236833854,2.24458954691911
3.91003793785904,15.270413573701,3.05090704940996,-1.66495596599769,-1.13586743865578,-1.231137398563,-0.162752848174837,0.559143931360269,1.24134489426735
4.54194003206477,15.5855230991393,3.3082424642114,-1.83690177038443,-2.52822722776218,-1.07905897870308,0.587285524236196,-0.254130328493299,1.60323831398456
4.05486937218965,15.4396949171837,2.87608856508624,-1.03705390175877,-2.94040639763218,-0.533894928567356,0.190676760202637,-0.116113609198017,2.20445102168592
4.00086394561689,14.9536481808829,2.82999028061181,-2.30537067245663,-1.79723423725539,0.611582555119161,-0.229627650806834,0.140391162745744,3.22729158732957
6.71757087639648,17.0767076986575,3.73582611508665,-0.665956461841354,0.434489182390649,2.19531376365797,1.89468517661232,1.87070181994635,2.33977165613443
6.10429619671764,16.298101159469,4.00044810396011,-0.774659721055294,0.413375903209538,1.22612446087492,1.59076905842155,-0.426258892062966,3.33333333333333
6.51375941448348,14.1404702485536,3.37858253970031,0.541647548597204,1.16722808509687,1.57794017256623,1.55387938270086,0.102957798493691,3.09432948733731
6.45010386326805,12.5621648112362,2.87141560343724,0.524606962458863,2.61857955146663,2.15690314819868,0.151478868140988,0.472814555337125,1.78488886908773
7.46193871651571,13.3557250227129,5.42576329047712,1.34405197808551,3.44685185695015,3.12639374501006,1.69864823940755,1.1298626214795,-1.23723260743881
8.8197464656704,14.0828183076638,5.83477758521086,2.88250874726136,3.89403006223907,2.28627797216135,2.60074338096638,1.01969632560521,-2.073727695846
7.6414373295895,15.3777353765428,6.08572156482239,3.32662984263962,4.65467988573348,3.2258064516129,2.66585718854515,0.539350935868737,-3.56622091163859
7.25993790842578,15.143505351599,7.31584203556154,2.11838648748399,4.64275634484705,3.00145459282256,1.42691213825145,-0.128633768263818,-3.74720479364321
6.78565175523067,15.1705987919111,6.42946248796288,1.04613499080803,3.73752516851966,1.75358924975926,-0.392847763284592,-0.807581195832968,-1.37059003764335
4.84534588109362,13.2961286294099,5.00089202087329,0.149971009321621,4.29285045270049E-02,-1.25273181392445,-2.85056420320235,-1.89554435573792,-0.888118281967802
4.46680506007869,13.3074726877077,3.59247778006578,0.650597447698981,0.640579694013279,-2.11764182078238,-2.53950055932459,0.174197605756863,-1.32679582148362
2.60143224921586,11.7328641611674,2.10733999617767,6.18317950332154E-02,-0.456431068790689,-3.69810345021416,-2.73521376937865,-0.999988757855446,-0.221470247664448
1.92849892861171,11.2636742979587,1.33359648133529,0.401488665839637,-1.25352430359761,-3.89308672606293,-1.1435660313522,-0.316905379497005,0.245855418969206
4.41577029118566,12.2421129127996,3.46660157658532,2.99673255188254,-0.750015255487814,-1.38963625369599,0.322861596667101,1.62151966848438,-0.574161086856434
3.31261425959781,11.1387990437351,1.49852341442836,1.36127126986359,-3.21248769512023,-0.896076501195335,-7.14386162283775E-02,-1.39952186752919,0.770637041203771
3.86752172907607,10.349864915932,0.280320592000994,0.539208221233295,-4.05195801395398,-1.34463640106713,-2.42530894487816E-02,-0.269604110616647,1.41908774542153
3.9620749487347,9.65533947765734,-0.68447619262231,0.909254794150116,-3.7947585460937,-0.221961827072586,-1.55204272483495,0.118867882010946,1.1441737837168
3.69509945099451,11.5628656286563,-0.903384033840335,1.17338673386733,-2.80802808028081,0.24525245252452,5.62505625055739E-04,0.150751507515079,0.860633606336061
5.46566384716674,12.6899814761086,-0.540652130247509,1.83620862811615,-7.81127948758057E-02,-0.577476733546105,1.07739862075122,0.810141272569017,1.04168991452229
3.61773981969912,12.0985793630858,-0.514666889949484,-8.14982276926532E-02,-0.299198972899043,0.764743643417346,0.913784922827883,-4.63311842362292E-02,1.06561723743336
3.56425842402942,11.9207176344313,-0.315883723646223,0.713519044785424,1.06277076740837,1.39923142375691,1.13284356525947,0.371497055274094,-0.700727978511016
3.70337364026757,10.0056255186895,-0.751368783384112,0.459510189986577,1.2248035245824,1.13123054043969,0.173221417073735,-0.152613081280391,-0.945198536251178
4.68695972248558,9.42913232128317,-1.48907454296008,-0.143330396082683,-0.533724471016038,0.853289906640043,8.97906372346659E-02,-0.129945456370682,-0.515320178912028
5.77100416908252,10.2139760898976,-0.252905933349895,-0.287142107733513,1.83329191860626,1.03095060603551,0.707915734835304,0.987879289875485,0.222535133493469
6.02416958476476,9.83684425640969,1.9535608161101,-1.34324566151535,2.07507152562219,1.05438156572072,0.83676693141272,-2.26451776818011E-02,0.71083765064567
4.66696163044026,8.5890463895874,0.290669997143708,-3.32002262633504,0.585260398873166,-0.705672825435593,-0.421723521867455,-1.40070455270984,2.01396784148124
3.44575522092644,8.84774125347219,-0.80689600881681,-3.59982456337648,3.71115934368755E-02,-0.954217788823789,-1.82915171894153,-0.39979307475174,3.10893939564332
4.65910237580024,7.76255451783252,-0.416521846374638,-2.45876826137167,-0.474263098294673,-0.517989483243826,-1.49790898184795,0.302721126571059,3.1006491686381
7.07280520997477,9.9235253281028,2.19616745088101,1.17356665087218,1.29643301854566,0.222041014226051,1.62260741165192,1.71682332587687,1.72784273104937
7.32035033261856,11.025496185718,1.28769722662484,1.45880520563121,1.38641336835928,0.705820413401271,2.46735512035143,0.462320597122976,0.897220043764151
7.42194576967209,9.39450669506833,0.913537817940263,2.3316076398992,1.43289285145677,1.97420792867378,2.06808711549336,-0.105408209762341,0.499590994186073
7.23560432129399,9.51677200866004,1.88579437315606,3.28896063172475,2.21681727208774,3.01519869554073,1.02142650691767,0.666408537882218,-4.18386767809523
6.81246023935231,9.97536878850326,3.35321592274608,1.98463403892058,1.53224622511731,3.00740023815609,0.854751975118672,0.294704561395881,-4.21286151604291
7.10107564153947,10.0062826998278,3.25671328141078,3.71491707919451,1.938971153742,1.69849540171366,1.34590595448292,0.390502291018979,-5.03103437070095
6.99000418530577,10.0903917337493,2.61065241850883,3.63088864368915,2.94819461128293,0.889241589981351,0.329388999711918,-0.357109856123316,-6.18229452594618
7.4167344954359,10.804166962564,2.65597430336667,3.03235568860313,2.84990085163799,0.497107489934934,-0.466516259785107,-0.501477665670634,-6.4268896913017
5.66366342437919,6.6420412182198,-1.5054155117559,-1.18213535649036,-1.52704340946732,-4.36655871689651,-5.08540173819998,-4.18898229358163,-0.790556576872953
7.14330315329379,4.5701473050833,-2.37050492436068,-1.73871086765248,-3.02727556552096,-4.39814946215196,-4.43447903953679,0.264524735333357,-1.45034484716034
6.76780062163165,3.65108785537084,-3.14294676209757,-2.16715617782087,-3.98984858421968,-5.29755624625737,-4.39932704097635,-0.467649491003453,-0.400353588639538
5.92921328134505,2.38408370654043,-3.76354988036129,-4.17721592324584,-5.53061070780925,-6.58968847586658,-1.79371158091111,-1.588616652086,1.08399042890332
6.65697572594487,1.27616845890692,-4.21380783915373,-4.81336182236389,-7.05045127091433,-6.86830828867327,-2.84364893107756,-0.764183217158798,2.53832591917989
8.94899890998795,2.85755263610808,-1.99759049968448,-2.86615799437783,-5.50915036429351,-0.796856175778791,-0.593769720612709,1.73025070277092,-1.18294991681486
7.78987385519267,2.58164852255054,-1.73837912562641,-4.3113875928806,-6.34986463913369,-1.47168941881229,0.580035712228555,-0.403202580496515,0.406082598928644
9.26804967848698,1.59697210881628,-0.124826073761893,-3.67091724260348,-5.34461730501651,-0.401962861380071,1.91762624325052,0.591492358697466,-8.93250803066927E-02
10.0719878033403,1.00473422974197,-0.504946295723142,-2.33788415465914,-4.92050391462338,1.07236608319864,9.39968132787751E-02,-0.096862569781174,-0.143860976420555
10.0340465264572,1.64026827296434,-0.397968595210713,-1.25254779608522,-3.24523747167498E-02,2.47548991699024,1.1568986916569,0.664989011739793,0.103050523223372
7.12925549208118,0.747178486832945,-2.11671543356091,-3.56114439645162,-2.27404672332916,-1.19711114207421,-1.39043704426176,-1.9704147508244,2.59915935163253
7.84671428161662,2.43237816596392,-0.788801881651034,-4.120701029745,-0.59088431861859,0.404440237501086,-9.12141812236422E-02,1.18578435590741,3.62562028511601
9.9480190501298,2.20646810364096,-0.831007467605037,-4.50119493142757,1.07973659928819,-8.94049413423449E-02,-0.661940431092298,9.85746789158963E-02,3.14521998773548
9.33573638382992,1.87403500111926,-2.90891558519828,-4.54934193533575,1.68117871922765,-0.144068234389259,1.13360463314258,-0.151529935771963,2.97377498952492
8.05696638096268,1.83707478543763,-1.53961654618565,-4.29295370912793,0.860524504757632,0.102944438440929,0.857680735739916,0.910006085665698,2.54346700943563
8.73390861507992,3.01994624416466,-1.12547743669544,-4.06733625689631,1.76262554816806,2.53331447163672,1.26637431036922,0.510397510256047,1.28334983731787
12.6691947850638,4.40612284440999,0.593461953663454,-2.21385667229496,3.31718659174578,3.4987682342846,3.54969967060647,2.16458604367924,-1.9824507985717
12.466175857758,3.09376302264204,-0.91123767189888,-2.22364217252396,3.0565356299486,3.04931240450063,2.3069870815391,-0.366717599666615,-1.5574385331296
12.7544536353704,4.26021716349692,-2.27531158725558,-2.0373012864819,2.09694321196851,2.88789547613208,1.49327774185637,-0.318276069652853,-1.20844574256985
13.3891677528495,4.16816883441028,-2.32175046451648,2.54915555062537,4.46324079980033,2.48037937824122,-0.188579827504915,0.494190077373198,-1.64286308549877
13.3502427469231,3.20627063628187,-2.93363427620075,1.57995005391272,2.61351002553172,1.26708865709833,-0.548624806556677,-0.72740274759348,0.356438519942114
14.1329763800874,3.55202367639251,-3.22726399855412,0.965242242479691,1.44984016175856,-2.02254679363358,-1.32727868333955,-1.09514611361506,1.76217425192314
14.3854559411194,3.47402524100873,-1.2394735059716,2.57884993114036,1.66448423001377,-1.58207843225792,-1.76269387939404,6.66019461314465E-02,2.3265527284221
13.6597530975648,3.85813265927915,-1.3795165767677,3.35259202419372,0.797242095285375,-1.22322778667991,-0.991333589112831,3.61100453632373E-02,2.0215983208829
11.2923144592377,2.31598179695826,-0.320865264784335,1.70470245244822,0.342857787326664,-1.67030389154868,0.15733112280286,5.46993509386311E-02,2.45865123806624
12.9971998151767,3.04958498254755,1.27539233205849,3.35187133623929,-0.558923571098528,0.355172548168183,1.36891739176422,1.27928920954624,9.90920275453554E-02
14.0308812592272,2.88554397415831,-4.93966943066203E-02,3.0698102944931,0.110448788393442,1.73165939591728,1.63064593115544,0.301375337174069,0.652147368654745
14.5961807892153,4.01557690822641,1.94104603572099,3.76184540028904,1.04250554348186,2.27365494721282,2.18484891943474,0.617781062804067,0.215671781746768
12.9759593847992,3.15674790812913,1.94780415774891,2.86308407855369,0.289792554985926,1.98153955060033,0.657010601761989,-0.262693632859379,1.42518208816551
14.4441447936905,2.69300413334581,2.30333584673048,5.19832904955062,1.48602312692289,2.39965216051252,0.836025603628101,0.481031189974298,0.989581326743464
13.7390230744846,0.603974217085902,1.13064418355032,3.05546440945669,1.53218137023174,9.89939324505432E-02,-0.825876346567755,-1.04777847604959,1.90757970958073
14.1892152700042,1.08464893658085,1.16956807040568,3.78386426172739,2.30329364926192,0.647921962624553,0.292254161864689,0.849191338248355,1.04660075324375
15.9534358917907,0.818999917439518,1.39802405261854,4.10710845694471,2.44874370476374,0.215207639595996,-4.4032253625866E-03,0.184935465228274,1.59837080661586
16.1241248445986,1.81519771423586,1.95369582760801,4.12931579750922,3.30596087155664,1.40515605574822,1.95587690025955,0.932953826691974,0.884424960195426
13.5892223596798,1.69490601718886,2.15378410930236,3.68737431263659,2.10364541040161,0.979884571995358,1.16735970701561,0.051773656473617,1.30578611485031
14.0341302888577,1.28302381043337,2.14637713587174,1.42109485426138,1.67267885111794,1.87187225426902,0.848072735607605,-0.137525308476906,2.6708288082777
13.4365091925107,0.693599349511863,1.1743712038942,1.78556811298412,1.06577461022554,1.03576047629702,-8.13110173699984E-02,4.36569220778115E-03,3.11601281330662
15.8156769905032,1.64473506005234,1.91506536142458,2.80894311145302,2.04237522279226,1.57322484005007,0.594835011837109,0.727020570023136,2.44705805871422
16.1405917262104,4.05420013187906,3.49425461306468,2.55272459976867,1.79712244214076,0.87667145899318,0.961528067539373,0.231869331632596,0.949637332583853
17.492347501439,4.22460957463405,4.32789813166062,3.70870475073565,3.26972838337269,1.28895511789419,1.42021765911548,0.467488312792171,0.783271557451579
19.1582550642365,4.70730812776068,5.18303540580334,5.88891900942418,3.60595961367755,2.6013511717774,1.8837737132773,1.19383627540092,0.446492640844514
18.8672555131591,5.20330022174357,3.94745894568605,6.23686870557851,3.84849463105363,3.02185153235921,2.08460125848737,0.436078049503327,0.321237106855007
20.6022019396529,6.1309530104809,3.57735873002442,6.27690290101848,3.01947056148403,2.38860744767484,1.70221991898724,7.87917887322459E-02,0.245365033367535
20.8587873109356,3.63110694686119,2.47677687056619,5.05528041761478,1.75826529246419,0.940704055681967,-0.727078035068929,-1.2480256993709,1.5103734439834
21.9522480156718,3.66066519699162,2.12017529344571,4.11651356068816,2.19063429111309,0.777184095482627,-0.861521380569323,0.303187202083882,1.4091799533476
22.2904859424362,4.79433569875061,2.67763119599096,4.65622072994555,3.03006249570044,0.444507945579532,-7.03804247167546E-02,0.862557084874556,0.842448392098346
22.3301892764449,6.23430609187399,2.60070477516829,4.36264269587053,2.62444345972864,0.320208478403081,1.47127091641873,0.31176805722606,-1.07826380536389
21.3694149918236,5.77570290657805,2.95036134409453,4.61623674632062,2.40122382233476,0.244764466951527,1.17476393944189,3.16505776230128E-03,0.16300047475866
22.6307517036224,5.49695141247706,3.44785754973734,4.1683368847444,1.95626490010339,1.48790058862001,0.328593430241145,1.37133694803683E-02,-0.415620582712721
23.5784254380655,6.20371296379149,7.51856745077191,5.3552159930099,0.973771337435455,1.38959801666464,0.220546048856994,0.203702436533789,-1.47592152982109
22.2134179938604,6.4130349224674,7.55647679269541,4.83614514732506,0.843806575184328,0.835410489859107,0.522131556161942,0.305407603704781,-0.738855508619114
20.5674061433447,3.82839163822525,6.49264078498294,3.11166808873721,-0.84577645051194,-1.09001706484642,-1.1070819112628,-1.62382679180888,0.505546075085325
21.6406237656613,4.75197362530875,9.09842583961365,3.41427962017916,1.63472527241032,0.162735215584658,-5.47717230446739E-02,1.24237014098452,-9.79571200606649E-02
21.6913478242447,5.1422609211474,9.2760899961866,2.81608830134316,0.775920511842711,-0.4173551968137,-0.930574975636634,-0.567242913435873,1.22240583026144
19.3125297175431,4.6303271200295,6.87523707253485,2.10493698545242,-0.958440850736464,-1.49803129624584,-0.182178556355151,-0.870289936371065,2.38595141548999
20.2022658426598,6.00823654424631,8.21909842088847,3.12438873528338,-0.215165180247105,-0.744355218152125,-0.381693513853573,1.04569220277336,0.678801207462592
21.2099666786935,6.28223358872594,7.33546278413311,2.05817433198209,-0.584714646518241,0.503003162340557,-0.180401978054623,-0.36557930258717,-0.534838805526676
20.8995587607345,7.8189495658775,8.02296341984154,2.46450844258881,5.11352553863362E-02,-9.80531701222449E-02,1.32529929939429,0.645780287095465,-0.404864702440262
20.9589987232885,8.24682391845791,8.09665334142615,2.73603465957849,0.592833671696779,1.2076435253982,1.02503191778816,0.744573976014568,-0.594926641411505
21.5299120770174,7.98559837198988,10.1213180620418,1.83255498447651,0.563541965613502,2.33035038743511,1.65775261551306,0.276031203527353,8.50530929583282E-02
21.543680194916,7.63858622880577,8.46771441023729,0.779243965322601,1.53380837109656,0.67422456298802,0.392772564731335,-0.632216802054178,1.24868069375817
20.7937693374587,6.27867278352714,6.92040968739998,-0.878053984850103,-1.29040862050571,-0.537714712472002,-1.95028272698177,-1.59020591059427,2.86247732849675
21.3635040359931,6.8746857218473,7.78192404393278,1.13801773190419,6.19293370385112E-02,-0.406510520047641,-1.43972475850205,0.775439989413793,2.35437342860924
21.2397159686071,5.6258849662331,7.45134988604003,1.38752177872291,1.47384710941736,-0.598487201216983,-0.24318477305387,0.554798161902103,1.71387363866532
22.4881131131131,6.92254754754755,7.86359275942609,1.47804054054054,1.38211127794461,8.49808141474746E-02,2.26685018351685,0.953557724391056,-0.168397564230899
22.5008946213807,7.31515047790933,6.3188793635482,1.68811164874831,2.25652036365711,1.23328095260322,2.01951052541503,0.52432592223796,-2.38669425730867
20.4241129308288,6.87822181656,6.66455768412973,1.68856896891498,1.6247808905438,2.78281974422537,1.47646064327425,3.63021584225863E-03,-1.14092497899661
18.806658633832,6.08047659187166,7.22386269024114,1.95321994280484,1.16717432113066,2.30021771395179,0.809316709157953,0.28287299674722,-1.64293877635451
18.5659947732036,5.04515227572645,6.6965094315212,1.68292493595881,0.822832302636679,1.68499495433022,0.215281910626949,-7.14156338137557E-02,-2.15695914301239
17.6718803039403,3.65772775935452,6.5237485964958,0.480455388150498,0.545212418727306,-0.168681619970234,-0.700315951641125,-0.913909705721075,-5.11789435203811E-02
17.0574390198548,2.11086139934225,5.93092016130318,0.370317240206784,0.402195338359455,-2.44505012830934,-2.73939123458561,-1.73629374604844,2.25112503121397
17.9844302456118,4.12220788349962,7.05779904105421,0.391866796764346,0.892323187812785,-1.15409230640102,-1.3686485579092,1.26373107550911,1.89638349438167
18.4835643231193,5.69307451260805,6.81402342846328,0.729773496813819,0.114092830553748,-1.67038213211634,-0.67772192895749,-0.226082567456726,2.22980504321857
17.7439743582963,4.96437770737358,6.20626550376322,0.998587802207689,-1.44975061750596,-2.20450951250085,0.449576076205789,-0.597142811807453,2.70168776148138
18.6099369340655,7.04593310935434,6.1425279668943,1.16517840814684,-0.74822218854991,-0.051205149775064,0.397623663049209,1.21220354569536,0.431063760861501
18.4069959574756,7.85330520539973,6.38074552880169,2.07114427343676,-0.193292942729173,2.20156504931048,1.17326737817868,0.554418198634483,0.871896661020294
18.9846633820872,7.19621501124891,6.66543108818427,2.34142122414938,0.446867551134934,1.8610900891161,2.66370127830891,0.919991145020882,-1.05384548061429
18.6394564820482,8.56935665536909,7.00381100304982,1.70800824945868,0.618195096612269,2.18116922190735,1.56863148474827,0.100803859347748,-1.61851910901731
18.6440066949916,8.69215913480108,6.42822196472254,1.30294837131453,1.38534826831467,2.63061671172911,0.886313892107637,-0.134929831337705,-1.70516286854641
17.3064116704472,7.64988658356398,6.45277089879924,0.921378477930608,2.07843422887228,0.429213576675754,-1.05560526918195,-1.02126818304789,0.569163215616093
17.3917746687821,8.4251952279892,6.58469494982795,3.43683679146148,1.8059876784868,0.864360332145137,-0.157109595532934,0.989017781715536,-0.497084457997644
18.1972382072281,6.74630841753645,5.46791262994683,1.70088556354517,1.03957459650145,-1.06506966918843,-1.03072936720189,-1.00835614015005,0.632694048721597
18.1954101103037,6.34899890219039,4.1267185948037,0.685346855559628,1.16210988551414,-1.64514611323121,-0.481990694756642,-0.472580898112811,2.15484343143917
17.4957037471708,5.78998658730824,3.86296001341269,-0.494593008634411,-0.274017101181983,-1.73474306312348,-1.71221393243356,-0.223195573811719,2.96336658563165
18.0687614455837,7.12186895388658,5.20780524143068,0.251932169720541,0.440751968381736,0.565942081466693,0.575253742770524,1.26328205022089,2.48310968102387
16.3547603886792,7.1756562974007,5.13545274296334,0.176531188039369,-0.555995589308733,-0.499567731548342,0.971698064369172,-7.19584608136935E-02,2.93217785646616
16.0338141771366,6.36730262137428,4.56077762266686,1.91303448632382E-02,-0.530996329041931,0.628716198748765,1.31637454113023,0.125639832480215,2.84887027558038
16.7922133748183,7.34755286266964,5.31901827932777,1.11405645507952,0.633021513520147,2.10938939266779,1.0777229648128,1.02450207766156,0.909360735267036
16.9326277223692,9.14258090779565,5.41064522694892,2.56208019539997,2.19214329330349,2.87807856706696,1.70618766537757,0.563810299206196,0.960716466517397
17.6112788103339,10.2288673740321,5.03417362422138,4.99177208161287,2.00599678959749,2.42294529191443,2.37044814392295,0.800581506870054,2.01760673578791
18.4699568980692,10.284613566295,4.96602642445092,4.12662009445207,3.33801067238006,2.84865036136216,1.71955077427564,0.364631269771816,2.20539050751644
17.2858435551981,8.75829479187613,4.93364166499096,4.38568268650714,3.83571284938669,2.76995777196864,1.20651518198271,4.47416046651971E-02,1.95153830685702
17.0912170557181,7.5298317857487,5.28122765468663,4.11889101319039,3.20758257306442,0.901165886535264,-0.465036082134391,-0.8778380132766,3.54431535227624
18.2306157009798,8.19473005120761,5.57689206080399,3.5386677956534,2.57146889238337,0.951574533284942,-0.21319704850611,0.614390548768186,2.71662432966413
18.3401532881748,9.26854128835297,6.49668733269669,4.77429825386066,4.42150784500972,1.97770443783615,1.5749395110414,1.82827568121206,1.58137187473713
18.3528855995591,9.49875994016219,6.71797496260137,4.4164829540981,4.82540744823243,2.15780253523345,2.96580977875758,0.547693095031893,0.183056452247856
18.3602725811382,8.95849153361407,6.5245904872733,4.12471277403576,3.64394828453369,1.91418230589442,2.16664529935602,-0.204139998619348,0.409759272590997
18.6205173916876,9.89381813907473,7.14180763843313,4.89915661824486,3.75064894356884,3.42299366239261,1.01627011725063,0.673921774138251,-2.01931647875873
18.8348266420671,10.1762529563588,6.77877113612499,5.6850410700792,2.79296165811245,2.64477570928076,0.285576894768346,-0.18645914091404,-1.31699035319286
20.4667338856984,14.4179952167327,7.17684937578847,5.43938353328559,3.15052679262928,1.55675380786072,1.21627479919531,0.731128743929574,-3.23381994067189
19.4309094838596,13.4698508752972,7.89241016169912,5.59659704894198,2.29286598424269,0.182721967895948,-0.289800970587651,-0.84042281470419,-3.91427785527635
17.4426541866986,13.8916580318514,6.75430799526599,6.06139476410994,3.16451655674669,0.408087097867239,-0.081028124125269,2.20985793068814E-02,-3.06433633055545
15.5517232760991,13.7222263877434,5.62195396266027,4.59423658493913,0.823273599760067,-2.06093324335808,-2.62127914823423,-1.78850816025593,-3.42355852140661
16.2226398957805,14.8274113189534,6.92890599361557,3.88237517030143,-0.491760891832487,-1.33456646479111,-1.23014807522102,0.526567021689198,-3.28470419761927
14.8756669686902,12.257122722239,4.78354978354978,2.76502567200241,-2.29336554917951,-3.34189066747206,-2.50327192187657,-1.23527635155543,-1.0067451927917
13.4393898343208,11.2509521058793,3.65557537866976,1.12923591266698,-3.67193370787091,-4.07373516887419,-2.26767338550958,-1.55455247189689,-1.92363727449788
14.3191501218382,11.5252313911841,3.90084754778538,1.00358168729388,-3.43730527424984,-3.16120632443906,-1.88507191237785,0.898714746723542,-0.990916597853023
11.0514166226722,9.69535107605354,1.08174694367669,-1.71526764179167,-5.48223140068114,-3.54492096518742,-2.82289369895345,-2.16711696324131,1.53100835377784
11.2010817035803,9.69934398585147,1.47191889279618,-1.84979538116684,-5.54784379048676,-3.39626133629466,-0.571184732761641,0.669381207970879,2.17266127871347
12.1524458456219,12.4133021458354,3.16231058679954,-1.1039357266348,-3.52283128241636,-1.01698362656361,-0.372724499135572,1.09427438218245,-1.51733957083291
10.8909807355517,9.14279459594695,2.2913018096906,-3.68192811275124,-6.1384580101743,-1.9613668584772,-0.703652739554666,-2.50396130431157,0.342965557501468
12.9770718952911,10.719566919263,3.33202003714752,-0.896452565276801,-2.36290978678551,-1.00083402835697,0.475344996085693,1.83230401612796,-1.02130098190209
13.0130910870496,11.1850288534084,3.15297404212802,-1.14394078424175,-2.52339878876858,1.50792194286414,-0.252849656409933,0.370608266552487,-3.07497807956609
13.9764710618213,11.5284752483219,3.48506043253796,-1.69523081103385,3.72357019936201E-02,2.12646049493293,3.46090754475832,1.29318586653516,-6.15999275413366
10.8857060244945,8.75224601912472,0.442491583882357,-4.92575228732523,-1.00322187570995,-1.54071748693694,-0.909250500836443,-2.61157809950639,-4.68152997790124
10.9737473638281,6.17046033015782,-0.162066135449884,-5.34402692791173,-2.53436113737183,0.34179332412189,-1.89596600766697,-0.603592466002467,-1.88869380928141
10.734539213507,6.96129569222657,3.51528372992315E-02,-5.55052961885019,0.121484070078222,-1.03183916543028,-2.73623482095315,0.47921588494683,-2.13811963337659
8.27056991984516,5.64239580922727,-1.63202406748995,-7.187638061978,-2.30155891696295,-3.17253276670945,-1.86396819052027,-1.74036984831591,0.50859402941115
7.89899834845463,3.32293074233747,-2.67732664135726,-10.0846148896467,-5.45224460030456,-6.56435664800634,-3.22909293696244,-1.95182635180061,3.85271218068335
6.40759659604895,3.04210520613837,-1.95440092303193,-10.2806472057159,-3.9255940934624,-4.91146152137762,-4.78416545238857,-1.01999360811229,4.64711904620036
8.27200626859666,6.26012558371012,-0.92546511504781,-7.81192092250024,-3.47261195057126,-1.92505215006513,-0.663920626012556,2.26018911678438,3.84375099270429
9.79371913050368,6.40923377618129,-0.470669026174696,-5.6786667018832,-3.62325347983414,-2.18483399804549,1.48596180766487,0.225561923879453,2.87578246744672
10.5086892134443,7.25435507250169,1.06332319897016,-5.24073909334953,-3.99531133077619,0.506020439667401,3.39614545340374,0.938780422712838,-0.614864546648596
12.0194963779902,8.4387924224353,1.18238097450911,-2.57284034758902,5.16323569654162E-04,3.70978484796852,2.47783681077258,1.33108216256964,0.933513013935569
10.3329399341574,7.01751661593889,0.37994078307142,-1.25835973248856,0.348882953392551,4.44075201358263,2.00995921071703,-0.253121311882719,1.64968838644222
11.2089447225933,8.13916732096789,0.967176171878984,-0.639855611865113,1.37505225912368,3.70147549174561,2.56910950453253,1.50404307171481,1.3944263732678
10.1535823033751,6.90889298532983,0.160206214152582,0.79230188601739,2.37074388058476,2.79539304438021,0.550452120421672,-0.713225741852338,3.74944158891702
8.37703502453613,4.79402287230682,-2.23826372654325,-2.41359701775447,1.80703860491565,-0.618668520039595,-1.71858216970999,-2.54048988016259,5.0093721699206
10.4222830396194,7.05527278307798,1.67429726065939,-0.601069135739315,5.56359823004323,0.924879146737598,-0.334040975010881,2.844719543699,2.24160421515718
9.96817313812858,8.43590070019096,1.14220241884151,2.30120942075112,3.81769573520051,1.62291534054742,0.828007638446849,0.453214513049018,-0.274984086569069
10.1320943516717,8.81165366842156,3.35842472331588,1.72773579118332,4.81111060827765,1.37524953110779,4.49985669246202,1.25607799952734,-1.43458388016473
11.2194445956714,10.0796333598943,5.32588306912611,2.91362081850621,5.42041365793785,3.61393905499107,3.2496745871092,1.57287021593558,-1.56049710221677
9.64760978349161,8.04360252308989,4.29908041596887,0.352991907259408,2.88861701380881,4.77040483759364,1.5358156419539,-1.31018161032501,-0.271763655873007
9.90658788094083,8.19344864334782,3.28268298418449,3.09755987731842,3.34172224529312,2.19245798455974,0.497330724932083,0.214642737420383,-2.00133088503673E-03
7.89133709500345,6.43194526004033,1.36237138407332,1.69581535476293,-0.154722087471606,-0.2757423341078,-3.17410064595195,-2.05887609467154,2.1686623943626
7.71962044689317,6.51617181920212,1.33149678604225,1.31568207325783,0.648403224160802,-1.455463728191,-1.7436996224875,9.43781246811619E-02,1.16722783389449
8.50787841003932,7.194139709801,1.75265714084607,4.40728413558709,4.51186035053143,-1.58523464288228,-0.487184385966679,1.44697282023952,2.33235125541734
8.71963237068619,6.9775158877001,1.19459415976189,6.23642506636634,1.71496661571877,-0.27250422331269,1.53899525380099,-1.00555063952929E-03,2.63454267556913
11.1806587512446,6.99279006119193,0.879102184996731,7.63222807623223,1.74519545888934,-2.00137093909146E-03,1.92281712973387,0.483831424525804,1.70016461275973
11.0194820123749,5.97205145890185,0.625243650103457,5.59970412131026,0.6042522565748,2.12262972181406,0.591757379474411,0.109455123399398,2.43200287881969
9.59668798031345,4.71539221816568,-0.308610847772158,4.5399076184521,-1.88746797910322,1.15376081650765,-0.296508461585015,-0.894568045666338,3.74014159791839
11.9938880891435,7.09011138024044,3.11884325699995,6.11092823417855,2.01388445344089,2.27919248097397,1.80507720954911,2.56906606661197,2.03697607805952
13.0422855351334,8.50462436806834,2.80597248892895,5.12354508758866,2.09125289023003,2.56691617353136,1.98593094799545,0.293431829760552,2.30336638319553
11.4473509428764,7.8313104825815,0.569710864356661,4.9556973546327,3.65343081063263,1.67174224273224,2.43676848977423,-0.430481007177963,3.13783755860691
11.9361984503386,7.79466010890567,0.84509241368542,4.29865136522435,4.35622694537151,2.37426078810235,0.688467318539343,0.823135624646257,2.03124695044597
12.5468465184105,7.85563251913962,1.42082877627901,5.3352776765099,3.31850771661198,3.60529833515616,0.772390326892701,0.377688662048851,2.90290436261999
14.4147571057814,8.72146492490959,1.68766822513157,8.5510128416866,4.23096738779774,1.99631168656077,2.12920653110751,0.942782991385907,1.8807509521723
14.4691100278685,9.21384039303192,2.41335389153315,6.39395129238933,4.29758951914881,2.25150595198193,1.86268782501269,0.553060266809689,0.7005430046256
14.5321242707702,9.37611799331231,2.07022548285386,6.32706700566211,4.55878915659777,3.04237284093131,1.86701901840783,0.382085394416104,0.437418610086867
14.7835360167567,8.86897389424755,2.64118099956483,4.89596434429562,5.16615577372784,1.99080870925012,0.682890904830458,-0.252497477416288,2.80042656770806
15.7550650221779,11.420568076071,3.80921789160923,4.55651237381729,3.8545657236522,2.8210130516729,1.3505151230296,1.22155722565741,2.18661577632184
14.7682535481523,10.2604577742699,5.45113403815888,5.74273709880947,3.52239483148935,1.84603169351904,0.92159800367694,-5.10423509728732E-02,2.61450264427736
14.0013599554924,10.2201130760196,4.36850038753977,4.96146000256775,3.34758275043867,0.695669540325539,0.565855606963357,-0.612455480477965,3.51733943252765
14.9399684644465,11.102509546154,5.64980337772374,6.9914892000228,2.66342445715154,0.435513592583449,-0.541898592298479,0.121107923782734,1.67936320978743
16.9584168732875,12.0064940200124,9.00045123204957,8.81391097238181,4.29926453827797,2.72413905390129,1.57140398293693,2.0519428563454,1.31741150967356
17.8129304845465,12.8777863040041,8.75206863714949,8.05635938352303,3.9953588565406,2.13982600334682,2.78514834092989,0.628218522045438,-0.200623133603919
18.649969371917,12.6325873591223,11.0145955481045,8.39393702129227,3.81492347584987,2.54788804399391,3.02365961836948,0.366155277472,-0.924369360863305
19.6772593225478,12.2104934358607,10.6523716340986,8.19254196180029,3.70191733502375,3.39782634659022,1.25449016527483,0.26504607300021,9.92200203952197E-02
18.0936233021318,10.4847448760346,8.14229396707958,6.54391569979262,2.32656988584347,1.6516264036022,-1.04347663621248,-1.6843226276554,2.17663434411374
19.0349817951414,12.5611228701693,11.9114412830178,8.94907690117952,2.80166575604112,1.3002814521646,0.311296195115668,1.70202801665755,-2.15382072461305
18.5268560206029,13.1695477368314,9.4746447297723,5.72276879180332,1.993126192726,-0.201026439145505,-0.836529375799008,-0.883312026383549,-6.80896003557452E-02
18.3270265998494,12.1744749295722,8.80928251996615,5.10334055431074,2.2374182991344,-0.932993668473468,0.4750969253512,-0.361668696598092,2.51215634500776
19.2631037932395,12.8192773295887,8.80163734317208,6.72421230393641,3.37656139577998,9.91216718521919E-02,0.052773112328721,1.28491056104702,0.433657314353381
18.0391493563487,12.3171445289643,11.4632094792276,6.31034230544178,1.73026989467524,2.13026623756582,1.3074166179052,0.383082211819783,-1.18856056173201
16.2255757644011,9.52052480432456,9.6636447247405,3.46444056534714,-1.51003247179835,-2.20123130056121,-0.941306755260241,-2.64842239615594,2.9801790641365
17.1642448260678,10.6231894134279,10.3381306635148,3.73681892975503,-0.637789983545399,-6.81359938816777E-02,-1.00535354237642,1.22227629840784,2.13075621683007
18.5721800487942,12.3096527267615,13.7793740193544,5.29661977707034,1.27880717220362,2.45059360233632,0.8008416546495,2.16444916061274,0.110195086115432
17.0173490694922,11.7079946449541,14.7889737228078,4.21275798573512,2.17811467657259,0.431784847778719,2.62771921648185,-0.758022288322604,2.3023956063036
15.1125134164847,11.4118768274177,14.5929716125689,3.25742995669713,-0.761963803249556,-1.20285724860284,0.188293423146682,-1.25235945075688,1.64467596876273
15.9382845998569,14.2359165037661,13.9347212919042,3.5368793259789,1.62536054570558,2.89393463015872,-0.482550271349076,1.50688739126671,0.878068340783471
16.3827141443756,13.4863076490183,14.0858302094018,3.97246099245719,2.37267520490874,2.08630220293908,0.67304463061967,0.400740666781636,-0.133428942280639
17.2100144500161,13.8452897024384,13.4362500622846,4.73815574308868,1.28962996181392,0.110073790207523,2.08777818545849,0.189798016859864,0.741072925018444
19.8885206656603,15.5566373973863,13.4976641149095,5.95896345657398,2.29836800686027,2.25057838837327,1.98259921928735,1.4010844223709,-3.10632520165433
18.2178992931495,12.8898942682755,12.0701661758615,2.15741874405459,3.00354563122705,1.61806405804094,-0.289021287441907,-1.90754049711661,-4.1377835025739
19.641711761358,13.0685770554597,11.4045151906625,2.28560071549239,2.54803826800251,0.870425410820918,0.282312341340464,0.758403873777021,-8.11072064177501
19.4084926925035,11.7278957318403,11.4970370101069,1.33016432778303,-0.213589762233686,-0.133607212971718,-1.74961826510579,-0.608049152912097,-9.92147167890642
18.9453994433378,12.5721120338853,14.6013660256208,2.11288821342014,1.59084879742081,0.735621433742347,1.20954868995533,1.05621928353349,-7.09946626977881
18.0545120146767,10.4949226294464,9.89107737977256,1.31417008154215,0.364611902665671,-3.2059112301388,-2.04800339259623,-2.51402442116132,-6.05596861848503
15.8197857712614,8.73817753636951,6.76159456071713,-3.41047213886884,-4.19863638090175,-4.31638621947052,-4.47829224750257,-3.00404527671212,-3.89951380711816
12.7424666961608,4.57061397040751,2.24008258368972,-6.12594012682496,-8.31342476527553,-8.82662340854349,-9.32360025561618,-3.53241901391141,0.703927640957574
10.3119828873552,3.03809985066796,-1.93475804173225,-8.52504338701214,-11.3739556847076,-11.0142470839892,-9.44777414537675,-2.63046373652984,1.96654155063163
13.2521489971347,7.41404011461317,3.47033996747463,-5.47219855959111,-8.36850460775963,-7.64200805389917,-1.93990552156741,4.06179818787268,-1.74920622628358
12.0998012806359,6.34969701430288,1.93223915016805,-7.33397119795883,-7.80255636515298,-6.44635803832094,0.183999411201884,-1.37533426559702,-1.55393636073697
11.16090176529,4.49449859932906,3.2450111905456,-5.28895322697786,-9.37881355513506,-4.05774617965148,2.06864522759049,-0.692677480076875,0.240609081881203
12.3610039929318,5.70872099266823,4.31607618787281,-5.31235661079165,-7.41279495465241,0.699007136511405,-0.852281047729693,1.20032021555974,-2.89267897413869
11.2847205042699,4.30648050110335,1.59118121456208,-9.10575219925387,-10.0354255519162,1.9286145442671,-0.8366565403683,-1.35962872438326,0.624400091037726
10.7880035863129,3.73508576608176,2.01877888016395,-7.81550193601782,-6.87163167384257,-1.78034818763116,0.291141610096854,0.433510350059605,3.22423322856832
9.76086284751643,2.05245267596368,0.386267805699818,-7.73233385500254,-4.97313569712616,-1.5784646976146,-2.10528414358196,-1.17425412932744,4.78673033024651
11.9951697964414,2.35792794124896,1.384001182907,-8.16649415939672,-0.266154073635954,0.240031544186511,0.382473261373157,1.10996106264478,2.96712504312681
10.6034101419552,5.27807938231368E-02,0.315679414485059,-10.760244500744,0.361925443358659,-2.97884746853259,-2.03985201270761,-1.98757389311136,3.92538303776088
12.2895523562269,2.19101565573125,-7.91637164660481E-02,-8.54820627802691,-1.58917473054834,0.620525529069305,1.34627488002517,2.18314845409488,1.24400125875226
13.3822343334654,5.89389087472975,2.57851760292833,-6.85266227289431,2.73648342313364,3.12352354454301,3.17315630980389,2.94121857983477,0.187077345983329
13.2708973468669,5.62875162907507,3.320459280258,-4.50195489007906,3.72856042084836,4.56806917742411,5.37761246563485,0.33437657556531,1.20004566166608
12.8098224115648,3.2583409123546,1.89651045904935,-5.97194964338712,1.9376765114164,2.88162366569335,2.64898760231678,-0.637595136661728,1.9577808625724
11.3057147694019,1.70693366224091,0.493361387216127,-6.43449660209438,2.23995743548815,3.77711673801059,-1.35142325086459,-1.04718372874798,3.26150571960629
10.681087486523,1.50748399755228,-0.863015162258505,-8.00899439550085,1.41423756471399,1.22871601604615,-2.10581527493129,-0.407467485163126,1.19763387176672
12.0501498111284,2.74042423462947,0.520647260290278,-3.34014509529321,4.42669257994293,0.186728020159008,0.486350276995777,1.91729663556121,9.76511329913249E-02
13.530420886894,4.21450896529035,1.46922661151976,1.01003454515546,4.64127088571899,1.18581533616901,2.82941273235731,1.33198599393698,-1.54959697318639
14.0568075117371,3.61549295774649,1.82582159624413,4.49295774647888,6.60281690140846,1.92018779342723,3.33051643192489,0.110328638497648,-2.71784037558685
17.7007606984936,4.63726298433636,0.838923030802683,7.1535636663419,4.7365659896575,3.15849134377578,1.66613580154389,0.228584276399615,-5.34362587124336
15.4564912752193,2.27429789031155,-1.54387345708637,0.84656287792985,-0.560056053596456,1.18346034975908,-2.10824870903962,-2.45522431036801,-2.60255696542721
16.5564206037994,4.79736932272434,-7.85205771500405E-02,3.01281075113261,-5.04435222903237E-02,9.75558685803566E-02,-1.36292686641032,0.839456352076766,-3.34830776259185
17.5993469169515,3.9881986747379,-0.519411079496635,3.37283021750338,0.266389138197716,-1.57398743483493,-1.91914755475778,-0.318903126014489,-1.19349972310806
17.3335392426078,4.12671141976054,-3.74304452948926,1.13362707578267,0.224891535681036,-2.7937706009816,-0.56029843975463,-1.08922788848081,1.91399105259855
13.7420823436263,3.19724861441013,-7.04968329374506,-1.68250197941481E-02,-1.89330958036421,-5.64528899445765,-3.9865399841647,-2.53909342834522,5.3355106888361
14.4563412482939,2.73763359267599,-6.98303514676101,-2.21730582560173E-02,-3.44027317207771,-2.67209988716376,-3.21213703935471,0.428186391655049,5.29443357690849
14.0113244707041,4.87149187592319,-7.18759231905465,1.21221073362875,-4.75873953717381,-3.46430329886756,-2.02412604628263,7.43476120137859E-02,3.69719350073856
15.7000115959955,6.02025433883498,-3.44207800239652,1.97035290479686,-2.91446020640873,-1.20791619960574,2.36171775346913,1.86888794402999,1.80559313517067
16.8271165894013,6.87432817020793,-3.13575815548094,5.79655928439177,-1.09434266042231,1.87804543108387,3.89625764169393,1.9931147804922,-1.27097174408199
19.0799673027595,9.86836541984948,-1.42345745130649,4.4564083772585,2.10934784038485,5.06525354454999,4.58606984807058,0.791592675066471,-3.70709661658727
18.4277518320589,8.5435248532949,-0.66450157702134,1.94436905107304,1.66499761340983,5.02821791908056,3.14749127256733,0.389341769071671,-3.98607354441397
17.1512138607562,6.85868125293791,-3.46851274162072,0.174256560735774,0.541762222886976,3.56537469908694,-0.269694077650995,-1.46479969991785,-6.76941631174357
17.3142545264707,5.68140290928076,-3.81908355283452,0.85190194822146,1.65824256662158,1.7735696827318,-1.02370612942264,4.55613298213159E-02,-7.10044849434043
15.6695908255913,7.10671341483886,-2.21350357086329,0.838397452192641,3.07588264354198,-1.28733338769168,-2.49456816295992,-1.06094689030329,-8.37438187373197
13.7804860199736,6.07744510199003,-5.25635333778924,-0.456162091222656,0.986481014387403,-3.84981290036151,-2.75063301637793,-1.71829185592107,-4.90362051217001
11.9609505985106,5.71947986119235,-7.47748274652004,-2.31752251725347,1.01181424728039,-4.15155768705891,-2.6947596210083,9.99142199867519E-02,-4.7822357390728
8.34063314863103,3.16778031290743,-11.4625774119948,-8.35896756844851,-5.40661668839634,-7.26093953715777,-6.18328308344197,-4.49397001303782,-2.58260674706649
8.34763773091385,4.72658165767533,-10.4258623508256,-8.81559588033349,-7.88427742357364,-7.64314615007357,-4.7138098741213,-0.310609776034,-0.423512342651625
5.62101835808472,3.36276978323117,-14.8801515968445,-11.754513618066,-11.4268215439217,-9.13978213188297,-7.40343291473202,-2.466066072354,-0.850114901613858
8.17104453108968,3.09973322388673,-13.0422737533347,-6.90129283808741,-9.63164375128258,-5.15647445105684,-0.734660373486555,1.99415144674739,-3.94572132156783
9.37224872545608,3.10139022542537,-12.9998362031899,-7.56127024426199,-7.80338240412768,-5.02241968837657,-0.194508711942833,0.227268073954263,-5.70934256055364
7.37605930541977,9.51479760143421E-02,-17.0518765585709,-9.50800131743351,-10.1546938796849,-2.65107355147663,0.129652187096472,-2.13455596739876,-3.59262028115704
9.0701074827489,0.635148654541729,-12.7193905035528,-6.30839083703153,-6.96611343406099,-0.425313598235126,-2.56522073724211E-03,1.86440243182927,-7.87727983993024
6.37562101061724,-1.99515334540598,-16.8825135025263,-6.68975603060045,-8.21608265710711,-0.857403819248294,-3.14398998991601,-2.90693684038246,-5.52032902343605
4.05813202014645,-4.75834405994799,-17.5288016279529,-8.39613521409611,-9.58558770275974,-4.10780381244359,-2.16419464933317,-1.16434953986829,-2.42323571668918
2.19097768850768,-5.72118777482222,-20.7301449432713,-10.2546007274307,-6.59139026111504,-6.05504587155964,-5.81130231800663,-1.63889039682971,-2.87335106671732
1.68918002917427,-2.99063494731819,-17.6423059612058,-12.2331339576702,-6.14666312381717,-3.72649924895206,-2.71136441279981,0.107912303629433,-2.11540651486641
-0.70059756851433,-8.8682954539126,-17.2949582593102,-17.6073869047288,-6.38891518759642,-8.55085458423601,-4.27041506785995,-2.69991813367045,0.671638050578922
-1.53112828508045,-9.73551714696038,-13.6778930780708,-18.9485507367856,-8.92245449922606,-5.84287494481791,-2.93764284476929,-0.339754013623685,1.06061368068711
1.5780658156898,-8.8569833380772,-8.49736167976704,-16.9695443697589,-6.93626431370832,-2.48341470890898,-0.939833161824264,2.04661397324459,0.793685547259869
-1.35928950295388,-12.9300178294964,-15.4770088923914,-17.7132413353678,-6.91046686452377,-2.95835499142059,-0.359943437459818,-2.10991688883672,3.69445049939357
-0.65204866266315,-10.4870698251601,-12.9063531810225,-16.7288984421743,-7.98136370687173,-2.16112305271788,0.86145766392625,0.881401378332254,1.31406918252931
-1.45435837293311,-10.5660878368286,-11.9689987663677,-15.3379765111995,-4.7807398474279,0.667157169173587,-1.06490675842383,0.143278363860668,-1.89083184430787
-1.45976522109361,-8.28527351244947,-13.2766752741207,-13.336945883628,-3.52666006823296,1.04948272334684,1.06938861272539,4.64470752166103E-02,-3.73567190670773
0.49038242226108,-6.45045671275429,-9.75985923906551,-11.4227063896341,-3.69280229388101E-02,0.787435783254228,1.97347699058336,1.78720769840667,-4.78543732554225
1.22893163798261,-7.20703725064277,-9.41480215817644,-5.83473025489551,0.602607706694986,3.56282373994081,2.56566429684089,0.746522069563994,-4.39450861599659
-0.934492563429579,-8.75765529308837,-9.71019247594052,-7.03412073490814,1.81485126859143,1.29702537182852,1.1094706911636,-1.44739720034996,-1.95264654418198
-4.32424203124912,-12.6947431335953,-14.4015472317295,-7.71585968908761,-0.904431375423598,-1.92727334239269,-3.83030070651653,-3.11870943732414,0.397521271616979
-6.77331342083344,-14.926907722795,-14.268646428674,-11.9618599040754,-4.93810850397771,-3.880639880525,-6.56652976822999,-1.86909445992131,4.71294408225394
-7.30223008041978,-13.1055723492842,-15.9961215992699,-11.4264529743912,-2.04585638510239,-5.02595106370844,-4.30616551645469,0.704386014943245,1.95574060343352
-6.53026937431641,-14.7501888664629,-18.1339993460146,-7.84049522477928,-1.766888044471,-4.59650230586219,1.40945121607451E-02,1.15236731426252,0.374350242989395
-5.46375251660541,-13.8459307675577,-17.2512255380377,-8.70341142943188,-0.813121483026516,-1.99153416727549,2.90782950102894,1.07914270895493,-1.57716567489641
-4.89795230660362,-14.156941152684,-17.3295741741269,-6.37727880305974,-1.570871758006,0.395947296887459,1.52987295988857,-0.704842351196825,0.388084513686864
-2.76631925397696,-12.4234777838727,-13.4092155787164,-2.70378496982995,-1.01042238069117,4.50082281952825,2.70213933077345,2.32912781130006,-3.11025781678552
-5.71383818437114,-15.0851145956288,-15.186368238802,-3.04935695545399,-3.78610307732758,1.91822509635878,-0.307676816272188,-1.98087928439967,-0.791568536409348
-6.47389883058673,-16.6509396870331,-17.9135914804705,-3.57844954447926,-2.719644120918,0.372954088453032,-8.98684550488404E-03,-0.404969725564195,0.285332344780324
-7.41666241691741,-18.3345515947893,-20.5597203098351,-1.74523036474181,-0.491837648245424,-1.60243878944475,-3.29723879624436,-0.882247947371114,1.50157807356033
-6.07065931914179,-17.2838401074156,-19.1641724244035,-0.116366891381573,2.60147136982853,0.386584240118609,-7.83238691990672E-03,1.26660885619179,0.698760804498028
-7.55987091660533,-18.3892883428636,-20.8673498273227,-3.43203306346601,0.736001811696767,-3.21010020947744,-0.797146577591584,-1.19741833210667,1.59429315518316
-7.45500270660412,-19.3708273186575,-17.4959400938289,-0.88697672320462,-1.69162757127365E-02,-0.797884337784186,0.4866248646698,0.402607361963196,-1.5884382894262
-5.02615572457518,-18.5067153562667,-17.6929194717328,-1.09887648001075,-0.427340853337509,0.284520515721435,-0.111455871316076,0.673215865939309,-2.92305624320904
-6.0000781550932,-17.4006732503029,-16.9356504457632,-0.913298089107978,0.60123596697389,1.47936426414188,1.39618491495051,0.326576639442637,-2.65783141946396
-4.8968298943298,-16.9794548707179,-15.1210595908753,-0.476126982010508,-1.28115381623832,0.693912019289532,1.47227129793215,0.479460426458666,-2.57619698434393
-4.30937440789987,-19.7948129242223,-12.6132652720038,-2.61694325869621,0.38284497843363,1.56927432208018,0.501543639869376,-0.305384349609354,-4.56739074707712
-8.38265712468558,-23.949875950426,-16.2851593163236,-6.30274971780871,-2.01172311447513,-1.61407690500611,-2.63798724552648,-2.81847507835464,-2.16413506219668
-8.7355114898429,-25.266692436839,-17.1773584034801,-5.51154753731386,-1.81968187299151,-3.01107155838387,-3.84648669855245,-0.692332989089986,-3.47551160523173
-8.78763548775592,-24.8483110626828,-18.6947295979813,-1.70843608418879,-2.50903251706142,-2.73040087170958,-2.911051212938,0.598153352067446,-0.157710615358146
-8.98680976522181,-22.0892236979419,-20.4269005514465,0.719674720712597,-0.72594763824655,-2.64431987317302,0.473320141197668,0.562851782363971,-1.04871775862953
-11.9094890510949,-27.181897810219,-24.2989781021898,-2.38248175182481,-3.5585401459854,-4.78598540145986,-1.21284671532847,-2.39824817518248,2.21313868613139
-11.5320644216691,-26.4374816983895,-25.1502196193265,-3.87935578330893,-4.56573938506589,-2.21200585651537,-2.12005856515374,-0.292825768667643,0.370717423133231
-12.048199972505,-28.5774911388319,-25.8847719407303,-7.17620126357567,-7.06980747506022,-3.60065270796101,-4.81402007136752,-2.06033364613904,0.846368564819524
-8.51833768919268,-25.1695913150866,-21.0287486717022,-2.27404577960309,-3.38837990752176,-0.157959734627646,1.63416525460237,3.90131824578535,1.15454206036933
-9.48662386611187,-26.0687652001521,-20.1564102859646,-5.06114639403404,-3.41636026233589,-1.05983240931776,1.5952235502945,-0.332530342673382,-1.12898949964846
-9.57952468007312,-21.7481718464351,-17.0995201096892,-2.12465722120657,0.29307586837295,2.16521937842779,4.42013254113346,0.869515539305303,9.08363802559368E-02
-12.5076582858277,-25.8847143532322,-19.7178249884761,-3.88311559489565,-1.1343015351581,0.369348185059191,-1.58242066015883,-2.13381723974958,5.86814328142232
-14.2882544348888,-30.7013436542417,-16.378119832384,-4.60054884156496,-3.34935602984845,0.839265287252774,-2.84437437395907,-1.57895672686537,8.14075474605705
-9.80551375599785,-24.2775616819511,-11.1518696232361,-1.49910564719912,0.42474660003975,1.14136452684477,0.604752846313271,4.19408875386843,3.19298145992448
-12.6347204168828,-25.9928071392349,-11.3511969643097,-2.95583443596664,0.180112964053178,-1.14188121870611,0.102588613829644,-2.64981726403162,3.63140377362891
-9.29571515819154,-25.262701271126,-11.2563427873447,-1.22432205663275,2.53939805592498,9.07539426594854E-02,3.6986512480094,2.07763742943739,0.889274482160282
-3.73511904761905,-21.44069664903,-7.67416225749559,1.59501763668431,7.79155643738978,5.54287918871253,2.9403659611993,3.43970458553792,-1.78957231040565
-4.4789371567628,-20.99542898484,-4.83793175266094,1.8212809804115,4.58142874368334,7.5279248468107,5.97136812566455,0.555756519451471,1.69576989268528
-4.65971121676352,-23.2050096848037,-7.25644919880261,0.954173269941887,4.51774079943652,3.09418471561895,3.59273199506955,-0.399498151082937,1.73446029230498
-6.34347456816788,-23.577386677466,-6.53583742526252,-0.9320036672685,1.54621489518474,3.50415380029137,-2.05355786915951,-2.21554764355499,4.34785054193454
-8.27689992475545,-25.2487878839311,-5.92451784087759,1.26161905893401,3.0403322074939,0.881436095883044,-3.22306895907942,-0.583852407542568,5.56130733153425
-8.00312021235401,-23.4885769923622,-3.37667585146441,2.73074699904037,5.31670716582582,-1.82218156717716,-1.98380407760125,0.805867795031237,4.42778335849331
-4.68504106754048,-19.8595511673529,0.613857330717663,6.02431715782439,5.08924914307888,1.6674930476211,4.18166727746998,3.96393386077996,-0.50337379007049
-5.16929900475984,-17.3426006057983,2.87700129813934,5.15090869753354,7.20521419299005,1.70488965815664,4.39366075292081,-0.361315447858074,-1.22295543054954
-4.66582937596688,-13.5279944372274,3.53926012969022,7.69139549048885,5.56277254620821,4.16668912618114,3.94892167379082,0.344439114053013,-0.119664293145178
-3.01467947927776,-9.02688826124007,2.08749805720655,8.48772958459056,2.75849871641646,5.26831987223118,0.556844796261255,0.572387143798863,-3.59885736948447
-4.32548916343782,-6.520208724064,3.85096972856198,10.0922706534181,1.95020501604123,4.24004342148395,0.646485707990519,-0.270846880155628,-3.7563882783489
-4.10586412731429,-11.9135060179618,2.22410001408345,5.69783440042467,1.56326172446294,-0.50592046107012,-0.490212009923405,-0.795714301190583,-2.78472921880248
-4.74813683132642,-11.601202503573,1.01413325009993,4.98359973496734,2.64485075485026,-1.2380968026328,-2.17282977127242,-1.09243835526424,1.1335074663644
-3.00436596383104,-9.23166592011743,2.39939124756472,5.5354377027151,4.60881719617695,-0.119807660134812,-0.424183877774594,1.44524735964425,-0.652466041004437
-7.4686443693293,-13.8932129514321,-2.37391033623911,4.71946717665896,0.933441558441556,-3.73321028286781,-2.63631916029177,-3.01603362391034,5.64623732431951
-7.85848693137085,-12.8542154076374,-3.59254688904647,5.79252120406716,-3.60427264047171,-3.90300011725751,-1.96880950120887,-0.434969540964748,6.82271222214156
-7.76551347556456,-13.1055924846634,-1.89833568280465,1.87660539468333,-3.0127094326166,-2.86449772389162,-3.2450563594524,0.211731012464268,4.84306831668274
-5.80597653352391,-8.63559822187569,3.97424860170341,7.1092485204858,-0.449404133435124,1.12080307977194,2.60816832621326,2.82420718072003,3.23625121149608
-6.75329190387206,-10.2135934987615,5.42838207813655,4.82866889748382,-1.35750293337968,-0.656751119030025,2.71337621137717,-0.326474294902437,4.54673851636173
-4.25095249121182,-4.68773022922937,7.73464963058076,4.51933399288525,2.07600985117983,5.34447555097143,5.55444460816301,3.12585513713768,0.963015976592921
-3.93022915447019,-6.30592958099858,7.2854813080204,4.63013297649912,3.50108722923809,6.38694906749184,3.46188425190264,0.671154971982935,0.530024253575317
-5.71572821725613,-11.3591794435734,4.70650758642682,3.42093375494912,2.94741317460739,4.61935003853002,2.16671538277575,-1.6724683123854,2.76087476416973
-3.42116580827206,-10.2671687663244,6.61470844303652,6.75369494298931,2.8159189367795,3.13480117063346,0.334616554603343,1.31171787313942,0.579023003576934
-3.09158361824398,-8.54835860291596,5.27803468808779,8.15814359496617,6.5396086418855,4.34900082095833,0.595454592690355,0.93111224267112,2.90245144395141
-5.33988679127271,-7.7593845448196,6.82744529808504,7.1224551491207,6.65335821284491,0.953830437094099,1.92486109518497,-0.312731290850525,3.29879389965495
-5.6622609527573,-7.06092779967347,7.4290527541778,3.52422449382819,6.68292378565561,0.52722980772231,0.863117831182467,0.243336834333375,2.73285983174402
-4.88311956971453,-8.57002482416219,8.72931319817956,4.38560198593297,4.48438146462556,2.68669838642945,0.466487381050889,0.534753827058333,2.94838642945801
-6.47025082129634,-10.9480106377431,6.79199040517286,3.25963393648642,4.00584032956145,0.575689628200447,-0.045888303697131,-0.829118214527813,1.75835636439485
-2.90541495829209,-7.55185716305467,10.8127486821111,5.78507806346065,4.04758538506595,2.82058532447336,2.88723717961665,3.16798287249298,-0.685706206701549
-3.58853002467366,-7.72048620747073,10.5168351102746,6.10736324784168,3.46894599544874,3.19344861166474,2.43557851927725,7.21540767053256E-02,-1.08887061209867
-3.03975058456743,-5.4610237774696,9.6344808737638,6.56335091253251,4.7661224200585,2.66016135073033,2.94156350274822,-0.306201981961917,1.07297223431284
-2.29678339805386,-5.56362120154125,10.0120063699067,8.25977966552965,4.21730022455427,2.86394622753829,0.510898669252131,0.742988330210336,0.502358573502595
-2.51765381107091,-7.34132067930019,7.76255239774113,5.0450441217165,1.37540867675847,1.72797245083068,-1.56040216867716,-2.00828114911192,2.35110842360947
-2.25130410908759,-5.35116886814518,8.76524002725155,8.54865114954801,2.45467394730687,-0.69044060075451,-0.45554843761122,0.785007575526465,3.27832179209502
-1.34214835560044,-3.0867881793,10.9687852307567,8.63953802753674,1.88900621846767,-1.10085752618235,-1.54670992557223,-0.335154492447543,3.62089282708171
2.0445463740974,-1.62592262471082,13.2071786962574,10.1295930937096,3.17573184044226,1.06158175681766,2.28340226938137,1.83924046829776,0.980460886721211
1.3335932540575,-1.51903669380839,12.8415833170883,7.68365648477213,4.14423600801755,0.499847546498318,1.68698546943182,0.179445269192892,2.99908527899855E-03
3.26640965303159,-3.62389225454363,12.2029740149201,7.8315726230411,0.844139588444395,2.29710108646672,1.85300155209533,-0.16572372703149,-2.02773744555149
4.24645800309156,-3.95945533490209,15.6960430060945,6.45189874664015,2.43533824962833,3.17425935589316,1.6895251410399,1.67574113639272,-3.26976281666288
3.18372249873232,-4.7925681962516,15.9392892131524,5.81655811388934,2.7298192756256,3.49436559393877,1.50940052282563,-3.44611991512386E-03,-3.55984187232618
4.86164831895269,-5.96746999900824,17.0370921352772,6.69195675890111,1.28880293563424,0.970941188138447,0.957056431617572,-0.727462064861652,-1.04929088564911
2.31422473471388,-5.26923480633988,12.9816511468658,4.69892585983695,2.46167533876151,2.99899533657089E-03,-1.5329864495394,-0.79623326185727,-2.99899533656293E-02
-0.24734260016354,-7.6783524121014,11.3256336876533,1.6465658217498,-0.51410466067048,-2.06970564186427,-3.80570318887981,-2.24192559280459,3.17968111201963
-1.14101337459031,-6.10762779146224,10.9174928241353,2.35836573499176,0.235633002870351,-3.3802902917167,-2.63013252447936,0.413248376524241,3.44288826008183
1.13325437987504,-4.63256013394863,12.5132723485931,1.82239555682607,-1.94286764405603,-3.6912443337281,-2.12919099930576,-0.304243067750237,2.44415404091967
3.52303251413222,-2.8224351521469,15.4477208034318,3.09906587018403,-0.259090726857227,-1.06041775247564,1.93641502625988,1.82816822354969,6.76542516938574E-02
3.28288509902153,1.82743603973861,11.9505817296395,4.11835585754498,0.138495152669656,-2.99989500367555E-02,1.75743848965286,0.231491897783572,1.06896258630948
5.82956087606859,3.04999455181226,15.0285782211172,1.9108280254777,-0.610197026280073,3.08169309863201,2.97471050311537,0.938574159740867,1.78750086675715
8.24817841451954,6.01406101634876,13.8041986253856,2.49437903737633,0.063958436855801,3.32829865638083,1.8267513541969,0.666643707227793,-2.0752052819829
8.01010543939726,2.87217715413286,9.58920491917641,1.54571365928524,-0.48633672838891,2.38584042574395,0.337346275736979,-1.28211516613183,-1.35187658208925
5.40918173668738,2.1609683542085,8.62634528418111,0.309496742271349,-0.194311870552242,6.76085116612117E-02,-1.1132868253547,-0.503307809033496,-1.21444919095148
6.35187612852161,5.37435998911673,10.1001756165129,3.46434490093744,3.19819931237479,1.05765663261521,-0.550100175616507,1.21991639664598,-4.8044720373989
7.01276330707359,5.15592839312738,13.4893022757906,4.29417403447992,4.38857287444468,1.75611037851989,2.34877938407191,1.63786853258463,-6.36705577803622
2.69394440285573,4.83824778058572,11.1947909706138,1.51226644024539,1.57908751551204,-2.11918267274252,-0.321545023839542,-3.25162405357744,-1.22488557518879
2.41601042576943,5.4260472493446,9.99035212228053,-0.874370488606914,-0.79456081951397,-1.37040273575422,-2.10838961262003,-0.539472953109297,0.255087866404673
0.565767994565375,6.61279365690937,5.93448041611323,-1.42303831607977,-1.395662445375,-1.22937937887191,-4.18597341498779,-0.363490727691204,1.41948959209939E-02
-1.20353577608831,4.16976298244064,3.92500246839159,-3.79196915289997,-4.92067368902423,-5.04695140646355,-3.43288313335032,-2.50528755462941,1.39113353738704
1.30024009229522,6.6856869653789,3.58943178156798,-5.56473657405963,-5.62865725005976,-6.80001662976937,-2.88162722293245,-3.63776204878428E-03,3.03649195015227
0.567647163544442,8.97655657906115,5.0935651395466,-3.31941343126434,-2.07679513329026,-1.24007507591518,-0.332144800891144,2.12359041917386,-1.91352027710947
1.05856627501562,7.95259880287793,6.2440798887523,-1.60422418831496,-0.606118623914225,0.254438823837641,3.04470061871461,0.944698603357585,-3.59993147786131
-0.806459788526073,9.30900943826603,6.42126499123082,-1.41168479638285,-2.4649993410448,1.41928812562714E-02,2.46145112073073,-0.605225007856776,-3.501586561369
-3.55748039567424,7.48398339398288,6.40202962431448,-0.292142893752245,-5.33083901388961,1.37204653785044,-0.764184306288764,-1.11321818461381,-0.883604120752397
-0.589603014086925,8.82740115701395,6.54262643176694,0.896257105245902,-0.388361266763843,2.94700633987159,-0.104403613272874,1.59328992429478,-6.42057003364116
-3.64449100026447,6.2165848194608,6.72426220837072,-1.58526024300063,-2.66128739518458,-1.95085019109205,-2.30399452392928,-2.81582045125726,-3.76842858550397
-2.35403567639326,3.75736289466944,6.39624525037761,-4.292561059107,-3.09568235152694,-3.73436609854127,-1.97511119473582,-0.788162921847487,-3.983672274749
-2.96574112011094,2.5460409509702,5.7260970510679,-5.06003971130511,-1.08155525439398,-3.62864676899156,-4.1470999191066,-0.502694695704242,-2.15523128158257
-2.85025803315649,5.43265800006205,4.49722317023982,-4.40362797720621,0.49641649343799,-0.891481286132399,0.282853981156847,1.5575067481617,-6.0867901502694
-7.19902554179983,4.41416629387892,0.782045823250098,-9.54947477349775,-5.96208883307552,-6.86109119915489,-3.12171565007895,-4.22929950037457,-2.10413983043997
-7.70105403832475,6.18466147910245,-2.40122432263488,-8.14346992003103,-6.9536352466967,-3.91600025865972,-2.58767486474252,1.77828551721126E-02,-1.55141939516737
-8.91246482208275,4.5610176964656,-4.13861051989832,-8.69309614662319,-7.38831521591212,-4.14895296365448,-5.2675699067547,-1.01410382724853,1.86109553696335
-6.46209018043603,4.77637420747191,-1.01679810598537,-8.52199215122053,-4.74523677867193,-2.20270466148783,0.392975825544499,1.37541538940576,-2.33691771666013
-12.0705888830768,1.26971891088292,-4.9836191944498,-13.1575035101726,-9.16994741623764,-6.481292844754,-2.17878479200506,-2.56366489552074,1.28954106213693
-12.3880309411732,1.97153632284526,-5.95865334324332,-9.58185371762051,-6.16841467778788,-2.14936548572688,-1.1418504142924,1.10110936768694E-02,-0.301153412062642
-11.2582310214403,0.215114974301153,-5.01661256862605,-8.36266304675056,-4.72815050385072,-1.5758677125013,-1.95847678893006,0.579113594937964,-1.58188874231635
-9.52289342054637,4.47233978880766,-2.77777777777778,-5.41126929160788,-1.73464152879313,1.82709161643367,2.94611175238339,2.37003548373306,-3.89733230729768
-13.086665420684,2.13282907683681,-6.28964698380588,-5.7800767378709,-6.30393913741355,-2.39283633285326,0.155564595037333,-2.86392770369067,1.3572048945129
-12.8975793256033,4.06399321580587,-4.2471882015906,-4.60379327777687,-0.859983583119977,1.27312361040895,0.687117098017465,1.10841120479242,0.755611365699598
-15.3240413500618,1.2938460858809,-9.36340342816752,-8.5665532779643,-2.47614419508747,-0.302063085350758,-3.33539494610354,-1.58431259939918,0.681988867291036
-16.5937164563439,1.76470915390733,-10.2245235062819,-10.3852549734988,-2.17237754653704,-1.60731467216899,-1.17628738118942,-0.714671056656459,1.20854490748208
-16.279367197709,1.3851586176217,-9.86849056079184,-9.7016709761726,-3.57883615536465,-4.05538410209359,-2.29210109266828,1.77940890260481E-02,1.29396391136319
-14.8112394040795,3.16779382494427,-7.95826169957752,-5.8154859073579,1.50335978132948,1.33903149354346,1.78917168780878,2.46872067987439,0.091655051603424
-14.1583084700589,3.3537095286139,-5.28468224465462,-6.97178805160051,2.00273001451332,0.749944698322611,2.99114633633132,0.517947417546555,-1.96873971523683
-15.3452937917871,1.27740328976596,-7.87777735118443,-5.76778574288488,-0.202936546678151,0.677369284182462,1.36461115712226,-1.65859491122897,1.27904872122551
-15.705367740801,1.39029322548028,-7.72244691607684,-5.1407877961929,-2.83114256825076,1.19411350947378,-1.32489998681144,-0.19068448586627,-0.921550094517958
-18.0086955567023,4.19132420592659,-9.62879195441421,-4.50807522974057,0.133946706777474,1.2774343716033,-1.74844369297659,0.102106915822175,1.31366585786279
-17.2142872624028,6.08433212683413,-8.4012440668415,-4.78445566657275,0.324562734346215,9.15711220442605E-02,1.20993086109365,1.29716725546718,0.392292854201435
-19.4955365496593,4.03306585653117,-9.92415986967385,-2.11394731917798,0.335721912183949,-2.0082774714086,-0.153001133749407,-1.57293971315039,1.77052031392751
-17.8944518155479,5.0353361674474,-10.007310931196,-0.496601770870005,2.62760282689339,1.26289567030408,1.35008529419729,1.60136470715659,-1.08255936746906
-18.7427550901558,5.01888529609149,-12.6611905778734,-1.89130278038147,0.257350290351034,-0.930121631290245,-2.36107798712139,-2.41598677751956,0.102607335592538
-18.013058437864,7.4801549673539,-9.26823982010782,-0.929804123432044,9.10297743220213E-02,1.29663244019398,1.54804800736907,2.30608761615778,1.31180406924765
-16.5220207253886,9.70261226252159,-7.98089378238343,1.97808721934369,-3.61614853195203E-02,0.390759930915372,0.337327288428325,0.391299654576857,2.28896804835924
-16.3312873482411,5.85133710083011,-5.8215937052159,1.77378795662873,1.40172511694563,1.73971824892519,2.49628207554823,-0.197387989076055,1.6732012005516
-19.3029519971969,5.00284688156972,-7.57489488437282,-2.02566573230618E-02,0.372284512964258,-1.09440697266994,-1.03965925017519,-1.23675105115628,5.45670550105116
-21.2029875224397,3.01633385784889,-8.53926109793667,-3.68121273907937,-0.929722302253938,0.102502160856359,-2.65729926198444,-1.20343077502715,7.55690255091865
-13.9761252781106,8.33957299332535,-6.7217182953962,2.70516002053739,1.29428375834332,1.29481858634263,1.10228050658908,3.47210337155571,3.81385846311826
-13.8369890407923,10.9760923591581,-5.53289609067069,2.93582241545792,4.12777475847004,2.23774674046676,3.62228987816654,1.34285910268519,2.46991098611763
-17.2911935066938,6.33161178454223,-7.3895398624534,3.68120675074065,1.78395715098745,1.64566589897291,4.00246796695903,-0.804216819407588,4.48329601242495
-13.6203880118158,10.935350399485,-5.5206283777119,6.65548766242868,6.39798985583238,5.17435612569631,2.93163329405108,2.39535257990998,1.62649320174641
-11.3479597986843,9.74845845160027,-3.37981588992545,7.36028188313596,4.92883378064423,7.02595776904334,2.37066189992943,0.772705964774911,-0.439412125301998
-13.0608375792733,6.5257821716888,-2.87058168948055,5.00754738365953,4.54749184728011,3.6737469539996,3.14156624954278,-8.24287635170714E-03,-1.66866728144785
-13.460211532322,6.04937127321037,-4.09007116301583,4.55968527615575,4.78213406659045,2.41037682413157,0.81307092614906,4.89181367854113E-02,-1.49329049134406
-12.3820238446736,7.48836783107139,-4.61876011769617,7.18547327910079,7.01595414329204,4.29092130850447,1.17848888707888,1.13827263564077,-2.93425915556054
-14.3760599930526,9.17826273524182,-1.67708780318356,7.03937554915302,7.80154886695683,1.6004617993829,0.84237520178181,-0.348392897280296,-1.33278162610596
-13.6787913281937,8.54400579500182,-2.43234852796606,5.74740001034823,3.2565840533968,-0.441351477208049,-0.4822269364102,-1.28628343767785,-2.22383194494748
-15.9890605025463,6.64071504914391,-3.34576775572647,3.3069975061299,0.705723327116124,-1.69698430328813,-2.9182471655804,-1.25846134501331,-1.17149024456693
-15.0265025979864,3.00780964130014,-0.59121180123574,5.0203343404669,1.7213620348977,-1.51592769547626,-2.3282558467763,0.22686642063334,-0.664917251257176
-16.6372971668922,3.03869431595289,-0.918845778658862,3.15669677040394,-1.02216348322267,-3.02296065535941,-1.36148609668859,-0.329357961756714,0.439493585911025
-12.3201499376123,3.94932357220148,-1.78827525149238,6.65192832402264,-0.505314604938207,-1.35078463553666,1.17993031214567,1.28037194468462,-3.051044023464
-11.4535486738776,1.26209173845861,-5.0293165124992,2.33738331604683,-2.71733378489935,-2.27441102385539,-1.23298689752979,-2.20932201596004,-2.09449018902271
-7.84490436405276,1.35130836761525,-4.58564824632088,1.77700496204249,-2.9528393909835,-1.18537681835532,-1.08253106577887,-0.180245133381404,-2.82189660290937
-4.30774088301848,2.85007630374151,-2.67326211650792,2.69168026101141,-3.37209914224071,-0.669367994527181,-1.64026732621165,0.735673314739779,-6.605272851655
-7.88253477588872,4.6435732486737,-3.52823843936673,4.62425331049751,-2.21604912485902,0.437570491666312,1.32628764777141,0.773841848030407,-7.67001545595054
-8.83879650100933,1.04510451045104,-2.9825798113792,3.61541008469779,-3.21274845931196,-3.14706227904344,-0.735898832601705,-2.27391671205955,-5.85247845172866
-9.3987482028387,2.77924913790308,-3.41433621239473,-1.0604602894916,-3.16408488006313,-2.13929756667063,-2.71114618353205,-1.21071918881814,-6.95028484330916
-11.7577423912628,2.29994162861615,-3.85414791417771,-3.38881342432724,-4.3603969254101,-2.90383996421343,-4.4749575852795,-0.930123452749193,-5.18359709561451
-13.8811571011618,-1.12408298493335,-8.96336447334317,-5.93369319014187,-7.43528775397514,-7.07242587813701,-5.50828835123226,-3.28547763666482,-6.36698633069948E-02
-14.8006763825973,-4.4485163129231,-4.92922300831906,-8.93548916147786,-9.23183070075725,-8.3071772337309,-4.63231593175096,-0.370426924099238,-6.22091017571192E-02
-13.8081057318699,-4.42043166283786,-5.26220255821209,-10.1125953657222,-7.19078816756005,-6.21628520377775,-3.97855866587254,-0.299498000510506,-3.26101137298278
-17.8530974993465,-10.3819232668235,-6.71139380209695,-12.751299700851,-9.5710261101914,-7.46943161685691,-3.09198106357643,-2.40480961923848,0.14696058784235
-14.4579907598658,-10.0715161069462,-7.17117262250658,-11.7342799772161,-9.33391635549777,-5.46698349318497,-1.73525807361039,0.950479554908605,-6.07685536255731
-14.6652383502946,-6.08913821779945,-2.39618865052293,-10.7535308544527,-7.97620725622303,-6.37104276491913E-02,0.603275730837541,2.00603275730838,-4.29791672539678
-18.5758829288168,-7.89585372892769,-2.78530724960811,-10.7762303848613,-5.96503935760243,-6.22478255702698E-02,2.57932353590286,-0.36895983883472,-1.24891773666907
-23.2758317404102,-12.8481465411091,-7.12241858501519,-13.3242644213291,-8.483341737713,-3.37093804604037,-1.91209409778007,-3.61603321098121,-2.31726337762246
-21.1718713748782,-11.2813790543362,-8.53788687299894,-10.707159760568,-6.32279244582618,0.146744930629668,-2.87515660526195,1.07999628787527,-4.38958749013966
-26.6470642286134,-17.8143281570645,-11.4386351802505,-17.1870501393611,-8.71879690036448,-6.47002970994517,-8.25017611565439,-5.61303562130539,1.76912003430426
-21.3052750645097,-13.9140578053752,-8.37447420202424,-12.3316562783518,-4.17162517232034,-4.49093329877108,-0.473660025214735,3.82757361171661,-0.581470702595711
-20.3001615990281,-9.89306957926949,-3.7717900817164,-10.6821541952712,-1.02517964998339,-1.26471296115894,1.20225092546961,2.72999209196245,-4.18438334498527
-27.7146836020505,-18.8782309086762,-7.92885698164399,-13.4326566382943,-3.33805539215097,-2.37223429415225,2.01027648054552,-4.74927068201735,-10.1918436438287
-29.21620965785,-20.2299199223489,-9.09669983013831,-14.4333899538947,-5.43982043193399,-4.59111866051928,-2.97379276874545,-1.06406212084445,-3.26195098277117
-28.5042706747004,-18.9300139045223,-10.9875822383271,-14.384258395382,-6.76084823605185,1.73836624872842,-5.03993788109527,0.778292091276257,-5.8705976536871
-23.4760451542176,-17.9585790050665,-9.8320049776303,-13.4852300672573,-4.7157121270481,-0.584871559361211,1.28055465023258,1.55373174128174,-11.640543983882
-25.6764192244205,-16.7089304083634,-9.042247793115,-11.9913399200976,-1.99875601062176,-4.36712040381809,1.41384177412023,-0.927609387335231,-12.0332049472501
-40.0046786752665,-31.4614176386057,-21.6295157571099,-23.6600608227785,-15.2344350499616,-11.3484610500284,-11.0403368646192,-11.7561741803963,-5.67255956956188
-29.9429961809323,-22.9307111994632,-14.2346500442109,-14.9539391583,-2.37171005186156,-3.37194208060804,-5.82705706025848,6.17572728469927,-16.596326420549
-29.2236858933367,-27.703031078143,-18.0176493157693,-13.4914950760967,-8.54457091699707,-6.23673103977491,-6.92160122777849,-1.97147972886559,-14.9117534211536
-36.105988156474,-34.1691759829925,-21.8541891610948,-18.5848126563433,-17.0309366847516,-13.1740783711463,-0.338003232491244,-4.87489185908485,-14.4865234623871
-38.0843599575753,-35.7931522123412,-25.5439068831416,-19.8600799543118,-13.2645291126159,-13.6792581110114,-8.41627913301244,-1.37812406516004,-13.6683799733486
-46.6526840882036,-43.9360013604671,-27.7556544413582,-21.9850065189048,-16.8017686072218,-6.01368970013039,-10.8072104755966,-4.22028229692194,1.29386089223967
-58.7820869486759,-52.7293643513436,-38.7652445901442,-30.6839200589482,-24.9139084798268,-19.8987954706086,-12.115219777741,-6.11287387780267,2.60229477134994
-59.9732453536348,-51.5545501687196,-39.2444067006862,-33.2960070944905,-26.8252906561652,-17.5250449042169,-10.5387754488543,4.73467056462736E-02,-6.49175941861251
-67.5899929417301,-56.9029880009411,-45.0199984314956,-38.587561759862,-31.1301074425535,-16.9406321072857,-10.6799466708494,-4.35338404830994,2.96996314014588
-65.8599779492834,-54.1030083477713,-43.8462750039376,-34.3093400535517,-17.8256418333596,-15.832414553473,-4.73932902819342,-0.417388565128363,3.30130729248701
-47.3935671614645,-37.4512080809211,-26.2532003301761,-20.6038306028513,-11.548470137247,1.27733396756999,6.92040796340082,11.1742238762119,-5.37095849014368
-52.7880169135052,-43.556672700225,-37.0199107424208,-19.629339215442,-14.5985240988136,2.5362929524619,6.55801376237551,-4.75967140313208,-5.94757399658504
-64.7372270400167,-60.3754932769665,-52.3199086985525,-36.4233300917033,-19.8419906287423,-6.94244633226975,-2.05508627826045,-9.67345265746686,-0.573848886459907
-56.2686123826135,-52.331736444854,-43.1936754076635,-32.9093581726924,-12.0238847803072,2.88430047906655,-8.87834451663023,5.23545854056071,-5.62160597728813
-49.6904827249718,-53.921568627451,-46.8476504131979,-27.0042387094807,-7.59003445857347,3.19580398255726,-4.03058579574908,-0.095294727533315,-8.34400634281707
-44.6997250066531,-50.253555693545,-43.5014341050889,-21.8545787870724,1.6839646352642,-5.67580354238741,8.02285697389041,3.03379756941364,-13.5264200597297
-48.845671365014,-56.3653646868158,-51.2408156268748,-29.4445353466882,-3.67608673632374,-6.3236795150495,-2.30164481117006,-5.40193076365676,1.10173519397239
-57.5633139060214,-61.4102450104681,-56.9829195935623,-36.4128721434981,-3.07253312208489,-0.577160917960706,-6.03270578535112,-3.74588752637239,5.25669110574008
-57.6584137641628,-63.1306691629814,-58.5251299267246,-34.9333419413151,-2.47264275799734,-5.95645437231673,-9.16750056489879,0.167048645856884,7.64872978469285
-59.0998694136924,-70.9358130869106,-62.8219950593461,-24.443760552954,-18.9034077203956,-9.10361233333611,-6.75056351734636,-3.06836234789191,11.0216507107389
-66.6253483561012,-70.1507975858709,-65.2191010275436,-36.3187949870916,-16.6535587888321,-15.6422575185078,-5.75407341551402,-2.77744533160081,14.1026517806767
-45.9720862843623,-52.5705742272093,-47.0964957574543,-20.517582866435,4.11076088380588,1.08972926316113,4.50149124902702,9.8484089490355,6.2293363749162
-43.7878229349062,-51.4868061315393,-46.9157988511044,-14.5140232851043,-0.833256535495971,4.99416336435966,7.66826406168402,0.34943016004669,-0.164347371977995
-38.0946669265484,-44.2591121039927,-42.9404620897492,-10.2628304121625,1.66574208735026,7.10526710346792,12.3064005877326,2.38541463634048,-6.89461295110725
-38.1568498179475,-44.1630830548854,-44.7032469770299,-5.73128155950793,-1.34703846326736,9.9274786856261,2.78772531802994,6.29317190847869E-02,-4.73186592547087
-34.5278141974152,-47.2942498595243,-41.5785727664357,0.357370294062557,3.84491477804832,12.3596179059749,2.44465255665856,-2.24761191234109E-03,-6.27458325529125
-29.8266105629715,-43.9901334881021,-36.8485200232153,3.46706326175277,10.2517411491585,5.86404526987813,3.22547881601857,3.16671503192107,-11.0860417875798
-40.5344697610732,-51.7577193495285,-46.1791719872613,1.91387559808613,4.67853351590024,-0.164617917198716,-2.67696426098863,-6.03240049846921,-10.3540054462376
-44.0590352423972,-57.0971923637447,-54.2001819689686,-2.2407948662206,3.19653453787129,-7.40517081733053,-7.47038978397224,-4.67080525294492,-8.37379324782373E-02
-41.9512118400151,-55.9184347525204,-47.2562557996886,-12.418804359793,8.00868183891414,-4.96689262515532,-8.39716267438387,2.33167141127065,-7.2340793633318
-44.498001598721,-54.1478816946443,-47.8928856914468,-9.07993605115907,-3.72262190247801,-6.69464428457234,-3.91526778577138,-1.64828137490007,-7.91686650679456
-47.5623985182647,-56.1133821261596,-49.5679631850782,-1.52090013789278,-6.2443394609943,-12.4682805832293,-1.33649915550878,-2.07328715149439,-5.69847991579565
-58.0102627469152,-63.3578746846522,-52.291956271774,-12.6645386054334,-14.4639516724159,-11.5498807256002,-9.1163397346788,-5.16655511506975,-6.67421785168788
-49.5064185731669,-55.8395719339527,-42.4923243051582,-5.70459252334942,-7.56287622992432,-8.38081116581889E-02,-0.811488158074987,6.08817580363114,-16.4731290241996
-55.0316624704356,-57.2857590939532,-49.4494036265609,-14.6766358943058,-13.1498859811975,-7.79820791265056,-3.8961369242898,-5.19654467926383,-7.9736866644626
-53.9541303517483,-61.0923990416334,-49.4452932393486,-11.4127226639814,-19.6569325323796,-8.59752074724816,-1.16497100593771,-2.40199312476128,0.206604395985961
-50.63378758382,-58.952195544019,-50.3845987454034,-7.03785420722474,-12.4793424183431,-6.04282933160285,-7.37010599178023,0.327925589444081,-1.13951979234264
-61.2081647664583,-71.2679293858036,-63.0792570798088,-13.9352703199706,-14.1936373666789,-7.15152629643253,-8.461750643619,-6.26609047443914,9.69933799190879
-71.1261830566034,-75.2177981881506,-70.4884661025943,-15.9921274276177,-22.6828491765637,-19.7219515489479,-11.1383392345467,-4.9290407231961,14.3983174306085
-65.1749772009175,-67.3176303692991,-57.1027202299253,-7.75721510358614,-15.2389988669547,-8.66457252871765,-6.46480650718057,4.51928479969048,0.514936853450275
-54.247448758598,-58.2661954017014,-49.3563421522255,-12.4079560614724,-6.17235823067727,0.206178422301911,5.78165878337405,5.9575168494551,-2.10856420118855
-59.5511911638572,-63.7767158535945,-42.874021950323,-13.9631360604947,-1.99548390484694,-1.1526545187208,9.28337621873304,-1.02924959302631,2.06725130844231
-49.8285963338893,-52.4763429414378,-42.2709099900259,-11.8054798883571,-4.00975617933267,8.84174706015473,9.01189348666069,4.23354482897351,-5.47653571817716
-50.1480075901328,-55.1397849462366,-47.1693021294539,-12.5684166139574,0.516129032258055,12.5861269238878,2.64895635673625,-0.619017499472901,-0.664558296436863
-61.73705047839,-65.9591627259064,-52.6760511748964,-22.3239488251035,-5.5720517614282,0.512298837933955,-4.7124161442868,-8.66875618607719,12.2713442574874
-58.1814159292035,-59.1176991150442,-45.8761061946903,-21.9823008849558,-2.2787610619469,-2.15398230088495,-5.58318584070796,3.43716814159291,7.29646017699115
-51.4577259475219,-54.2059681015263,-42.4566969645001,-11.4714457211456,6.73983879265993,2.02538158120392,-1.67638483965014,3.10409878237009,4.81735551363403
-57.2547107071603,-63.4998891598315,-49.6386610507648,-10.1281312347595,8.09044557747728,-5.79383728663267,3.24451341166038,-3.40944358235425,4.6739082243405
-51.5837910805098,-57.3577729291008,-41.9545450686409,-7.9592824335453,7.83617886523979,-0.669004219480937,4.064115734334,4.25513851273909,2.44339358333264
-46.2222258501624,-48.8278125153054,-22.1287120630826,-2.11744730870325,5.77277847615627,10.9300768941929,4.80466262876919,3.85205622581752,-3.52554160612542
-48.45478164048,-50.0894882263186,-31.5212998474164,-1.08375603117653,5.76271186440679,6.80028042393501,6.98585508680771,-1.04004288836652,2.56010557136376
-46.8005039349466,-49.022398926684,-27.930758029418,4.66303440828548,2.39614522488917,4.59595215890313,3.64125721952259,0.812349678496054,0.284690521768991
-47.8466021720346,-56.3424427765447,-26.316012401945,-5.12257933348017,-0.448130389848022,4.46520847805093,-3.77818816393609,-3.55115802314353,2.05258966843434
-43.6431442423238,-50.5805328802884,-21.8945013052666,2.2392574483073,9.57112667302034,2.38511581651682,-0.480669622508594,2.17047196784486,0.873492727800105
-47.5373772073071,-56.2396879521436,-19.4107642972577,2.53073519084162,4.38880756766818,-3.65437823110833,-3.42761894286176,-2.09667729953381,0.615972991953447
-41.0200323283661,-44.9943304731039,-6.95542384739724,7.05594737392339,6.21557069216479,2.49620021069731,5.06879830155449,4.95540776363301,-4.84925491962138
-39.6978447783597,-50.5514495945704,-8.54502145432594,11.2786125658721,8.00336090581306,0.283882335666372,1.56706312303198,-1.43817401660876,-3.39027295123423
-41.7377084561173,-53.7989026222514,-5.84465713171022,13.9604379549926,2.22629888187004,2.01130581311375,1.89426325444722,-1.75729855813527,-1.59792145697233
-37.4501926568572,-51.9195852742793,-4.3222504292674,10.8134309351868,-0.646571200880708,0.865928901814833,-2.16071443242221,1.02695552871778,-3.61816971877849
-46.4028928226044,-53.6021527982172,-20.2152798217214,2.92730101332886,-1.95938275238615,0.612201993020241,-3.08707900601268,-2.35798679729218,1.02510196358742
-46.6526931431131,-52.5401668371098,-15.3314345117859,3.4322467228425,-3.31223218587041,-5.09639195733567,-1.81712151049282,-0.503722986164524,2.40536177621515
-47.8003884150975,-57.8789158152495,-5.06037321624589,-0.742210588533308,0.324242168369494,-3.50924596808241,-2.77716794731066,9.37262517943004E-02,6.70438233555688
-44.5733229855581,-59.873970846268,-10.7580307733837,-2.61506276150582E-02,-1.78920907004994,-1.62386961803212,-0.312963962748012,9.61668241328199E-02,6.50222702119044
-43.8170736904914,-60.2599838042876,-11.8117887738141,6.98887610280015,-0.743297958487815,-3.75399565272983,-0.85581553935984,-1.04760687039168,8.63828154967395
-46.5904739707327,-60.340120199111,-12.6042585779213,5.93836882148267,-3.50858208334028,1.01470025138594,1.41841610201941,2.34654635656848,3.10153661744385
-41.5912185862254,-60.2137580984608,-5.92415301448438,3.75108323360707,-1.17278091858208,2.34886312053811,2.16316593075558,0.850905789625731,3.37308628729418
-38.6397087916436,-53.6021207565087,2.10572129461107,10.7580913191422,4.66962095434043,6.2831368204479,7.1654664872992,4.11885732373189,-3.21990978871568
-43.7125748502994,-53.8209295694326,1.85026771853118,6.70484427969459,3.59043817127649,6.10524981782466,4.84586382789976,-9.34638659189608E-02,-4.86249722776668
-43.1584398465268,-54.1306718765938,5.66658035763325,3.87841411074234,6.69601173802854,7.95141586046183,4.93059969085673,0.939199209095405,-5.63676450972545
-46.7204908767964,-58.0461811722913,5.55627321169061,2.11125464233811,4.47359922493136,3.00823510414985,-2.02648151138383,-2.89762635233329,-6.0697561763281
-41.9450388017756,-54.3049212787021,-3.59674895410851,2.40634880081754,5.44661961485645,3.26302174815571,-0.798390444863156,1.11135949924952,-5.50889406955578
-44.526209924694,-56.0641368427078,-6.46846714254175,3.47912118461827,3.07192909297552,-3.32703739135412,-4.20928692324675,-2.41289932216417,-2.03350749380626
-48.3544662109846,-59.2683556317801,-11.0570879088858,-0.4595672408482,2.32947307951679,-5.1110204557375,-3.11956241206196,-1.82161797640554,-5.37160840208805
-54.2826258678751,-58.5448800565418,-10.9865713216646,1.72785099571781,0.108926121481742,-5.97347524217353,-4.14667609030058,0.126387560803225,-1.4043986197148
-58.9107974764058,-66.0165718313249,-14.7264100668718,-6.88229530178267,-4.14553643568101,-6.4619827749222,-5.1219679909233,-3.37195509790102,0.400543226006073
-56.7518926591862,-59.6694605921319,-16.466134919562,-3.57746383669054,-6.77470596187644,-5.83006624307152,-1.48793429768826,1.69832364472083,-0.644687035284565
-55.730549017644,-57.4373612432604,-8.49984142086901,-0.54668068840035,-5.37332865942209,-2.07571736191095,-0.376416779341312,1.22022468158981,-1.13342347304991
-63.7175460360194,-67.1901531747917,-9.26967033547128,-7.08950299575053,-12.1308100403833,-5.67652932844161,-2.35876861896342,-5.41346636049306,5.08529750750039
-55.692551612468,-61.5099176899204,-7.24092565105923,-0.285892592092843,-4.45621373633787,-1.42440291458643,0.188908379435974,4.1450209148563,4.22935501281879
-56.3411752619684,-60.3092253955209,-7.09882884733923,-1.29357578248066,-7.22895692075886,0.398945277720692,-2.57345387302241,-1.51359495924937,3.06229025409218
-57.5802158365153,-57.3395470664773,-4.2265858201022,-0.715202952657124,-4.00717754211702,-0.648870217452303,3.34044851134036,0.664177771730364,0.370782981401313
-51.8470993449044,-54.7485986357804,1.61916661038697,-0.07428918754644,-1.39883163368678,-1.14641723509152,-0.101303437563318,0.731917336394935,0.944654555277914
-49.9426495089626,-48.5905174939928,-3.89480998986947,1.7799583057744,-0.689880359340596,4.8392093167338,2.20443566279587,0.824674944114679,1.7791210723286
-45.2152664838055,-43.0710974100056,4.5537296405078,2.79712924080234,5.86531381734916,4.05773883211561,4.85634067205541,3.35784968161112,-1.65707858986496
-53.4152926028991,-46.4426631224821,4.31033766665281,-0.64792125264777,1.68874859824728,2.97130041118079,1.60235909789425,-2.66312248203681,3.4273372928521
-55.9737343783097,-45.8631645837746,2.07583139165431,-7.0705359034103,-1.51578055496718,0.369413259902555,-1.19974581656429,-1.99957636094047,8.23893242957001
-58.9195065858248,-45.3539619485678,9.04453272005019,-5.58394313192557,4.94584988500942,0.935814342462894,-3.35856157223501,1.29625757892536,7.18377587288314
-57.3729496734284,-45.9001694552753,14.7368507641939,-4.83934652781205,2.45956928746525,1.74802165079052,0.971488738627591,1.63779346198773,1.12120165177763
-54.8135227861744,-45.3913429814963,10.6842845741836,-1.90632121965065,3.89574060209145,-1.68500037023934,2.89444887817481,-1.89233440017128E-02,0.956040249129928
-53.1318518042583,-36.972636955771,7.29011894531407,-0.595128141288728,5.55934817004119,3.3137634425874,3.96430837436049,2.38372513271918,-0.184722634947913
-50.6532340761963,-34.9583949776515,10.5605523330907,4.26461263884649,7.27442093480184,7.61180126654612,4.83995960829438,2.53465780554056,-3.18123820930106
-49.6960948776967,-27.3709671127063,6.9098427807904,6.28252643077283,6.80685054422034,6.70229781921742,5.166777201264,0.324581594038941,-7.38189053173644
-56.4529118434218,-38.0813315002969,3.54188189930773,2.16710458882769,-0.538522236412898,1.10877010306761,-1.28692171904107,-4.25936922939259,-3.29621163435804
-57.5811906605273,-42.2158836233242,11.0745283403284,5.18560775844504,1.89071349985739,0.946986675359593,-4.1106719367589,-0.182551648262093,-4.82131942463631
-54.3035540428545,-34.0462339376091,9.07701096708266,4.7706407254528,5.03375415389319,-0.185064490951952,-3.12517601242347,1.26809407713166,-5.64044383292699
-60.1196588106885,-33.2740429316409,5.71209119941787,3.12972470388485,3.32295751303714,-3.28576626106643,0.611230141084201,-0.481869264664271,-8.72215709261429
-66.9589904299771,-39.9556880981264,4.99477692411376,4.24838253133846,-2.41103922361505,-7.97024531608034,-3.37056880981264,-4.19615177247607,-1.31335085591049
-66.2070879985195,-41.9576537092962,0.916914121318682,0.253202890382495,-2.24265417195926,-3.40856515558098,-4.54587514826249,0.145528571548745,-2.35032849079301
-70.4449905384925,-43.1675928383666,-4.89515279692435,-1.62686554384255E-02,-6.61192406819134,-5.06554555651644,-5.90466567913072,-1.78783960818227,-3.49262344912622
-66.4026059298548,-27.5805612640806,-3.38873208210043,-0.271166784627066,-8.93486028088786,-5.97760742212481,-1.22195598229741,0.41101380562969,-4.75138781113831
-74.2172068345483,-41.246445875444,-8.27391339008123,-4.92395723535611,-13.5238314569918,-9.55561263806832,-5.29686351275941,-3.8743279272257,-4.63254116584143
-67.3387681932648,-33.492680011951,-0.769132271970634,-1.95996414699731,-4.93747065602458,-1.33082931409791,0.303896879935118,3.62627512911349,-7.74937043834564
-72.0338033992919,-28.4520558565854,-3.94717572771208,-6.46778598072071,-5.7045389936511,-2.4068985122714,-1.02340566663509,-0.914862641385915,-4.35291989352446
-77.5006654245409,-30.4977375565611,-4.85937361369887,-6.80951113477065,-10.2661698163428,-3.61902226954132,-0.165912518853706,-2.99263596841452,-4.6650696477686
-78.8109114674259,-26.346699612351,-11.3250790069741,-5.66343476664966,-10.7306242670033,-4.98840634204425,-4.87560318355581,-0.905111057395312,-4.68133107727016
-88.6687657313754,-23.5271717425023,-13.8566134470172,-11.0600276779329,-10.2510518543286,-4.85757010040216,-7.81669406596263,-3.74488004681099,-3.04643019681055
-87.9639482913378,-23.1282445149768,-11.476213830309,-12.4913248262652,-10.0030536611546,-8.40034423089379,-4.29640870941174,0.370140746018674,2.93984287525331
-81.6265874088084,-14.8428352697469,-9.62712780329642,-9.46861208682339,-5.18688642709179,-4.55102224623975,-0.602539854093493,2.66864811312257,1.40952895613799
-86.1919740907568,-18.1736961620072,-10.6680192085769,-15.8759259948628,-9.13803372668727,-4.89334772735732,-0.200089342217929,-3.32985891374753,8.39351524401594
-83.7888607119376,-34.266929651545,-11.1289565135719,-19.9859115243731,-6.03644219028834,-4.91124260355029,-1.49995303841458,-0.922325537710147,9.75110359725744
-88.2341670897717,-30.7241323153266,-13.4528245854369,-22.7786984969393,-12.2218283885925,-3.14215371645896,-6.36381924952342,-1.99545920469025,9.73109678408232
-76.0957894358347,-11.8469310704398,-6.56215166660674,-10.503937291,-4.349897522563,2.85588436230268,3.40872316709216,6.16392794218117,7.16712811477473
-77.2227896443004,-16.6099737999023,-4.19201563124473,-8.97908432878901,-0.102135974066332,1.38993738620721,5.43985079266397,1.19987566055331,7.19481326879524
-71.7225747181702,-12.6220260837462,-3.14498888135243,-6.70553184912982,4.09715723227241,7.74355848236901,10.3751148354526,3.32786702269234,3.39140215160855
-72.7843768185397,-15.7669530688392,-3.69099373566564,-5.84756786362235,7.86037038304864,8.88474309382809,4.79923321808783,0.326053469345835,1.59689179474892
-77.4472914575058,-12.0459208171461,-10.3234536644987,-3.63088742415644,5.65541926753677,8.86813042908902,1.70238770788773,-2.01405561133179,9.98384914225849
-68.3350528867527,-3.7679190048399,-5.90100405143561,0.285194225655745,6.86730919248095,6.68780459162704,2.3033627754431,3.91890418312825,3.53724720467717
-65.4396168887121,-2.66785974680189,-5.59504871743885,3.23705839464439,10.9730231324982,6.71190428846026,3.18486113872871,1.22539272221117,2.46072777888249
-67.8652394515907,0.161101469012884,-2.85581418523346,2.61582282160088,11.5851886298901,3.28015877629317,4.87954758721485,-0.228365484425474,6.40170734340355
-73.1085429336748,1.46565811418657,-5.50379891844538,4.90321602452872,12.0714634680504,1.57179197762766,-0.420323792516721,-1.43449182095385,5.41535403224448
-57.9912844000286,-2.99727736722204,2.92107540025877,7.01375604257784,11.6977956993515,9.0775593144998,4.19507703542597,5.76515506306506,-3.09570490788294
-60.3861172772494,-5.49119367435228,2.69050666753081,5.95540936856944,8.78121101155272,3.41640066756322,2.44098060501968,-2.06345091303855,0.216309930813234
-59.5054420778549,-7.86634968382579,2.75014959649378,8.85934695065743,5.81809066356153,2.40163019746738,4.00109973638672,0.187602089499148,1.28167806834537
-50.1857488488254,-4.17388589713572,9.20003121829391,12.8236946850855,8.80199797081089,6.01654569577772,1.67720284086475,3.48396160149847,1.01459455240771
-53.7599782655597,-6.65457422071643,5.42961477302692,13.9675741328198,8.47163735447114,5.13715870136719,1.36879030260415,-2.38359689005729,5.16912111357045
-61.0414396998714,-12.9086426225211,1.8569638191037,11.4792637674986,2.34598340446096,-3.19460030635398,-1.29831832963362,-2.51144731776444,7.5597349300874
-60.448177460166,-5.09050048099854,8.11634505784109,10.2432478314646,2.42924471103709,0.215843040880839,-3.58040759573487,1.30960946152416,3.10506786525574
-57.509321282864,0.841510247423171,5.32929876807371,14.2106649847107,3.85625663667356,1.2654589584115,8.30332691954526E-02,1.23751506973996,3.85146625575844
-50.7455767596384,1.75229853975122,9.75198949238971,17.7393185505679,8.27628834118828,1.00440392490149,5.67797264930851,3.22877230935641,3.5524994205362
-50.6420192073912,4.95076586433261,10.6575188426939,20.6882141988816,4.28139435934842,4.91505592025286,6.01370654023828,1.66089229273038,1.55832117675662
-46.8578173787221,6.66438199680146,9.78904881577945,15.281395171731,5.99801995278349,7.02840606199071,4.6142715710913,-0.23303632625087,0.701393648617778
-50.0141129980712,8.62774615420802,6.35163318749902,11.7192767872544,3.03899891800348,3.01155697730944,-1.48029668658167,-2.95432092957613,3.22168383748098
-46.3571016721122,4.5988852585047,4.98481645204689,10.4585815875456,1.49529117816645,3.70862963674803,-1.18470113396118,1.94733807418796,4.01537574476264
-44.287760766407,11.986301369863,10.1792162831647,12.8152326379562,6.62622735547796,3.43062643626705,2.02793446145582,2.94938371086638,1.01769779449071
-38.8068857683647,13.8186687813746,11.7022152064459,14.3056999857856,8.66780880845685,1.53441013862808,4.58228283719991,-0.270074139465979,-2.0423889217234
-40.3392547889678,12.5961385756744,9.57112931158351,9.84186764071964,6.45083225567378,0.696508383056926,1.63047999334498,-1.08597832580863,0.510470313315335
-39.5424265672118,17.3876385291415,7.66040516213321,8.32124328717594,4.86133793134879,3.12113086873627,-1.80553129106501,-0.440558750028481,1.45916096345641
-37.6746145545389,23.3905896613402,10.1664473975964,10.9957279486763,4.33709293559403,3.86036748510695,1.20548714689056,2.69553134562226,-0.633416606306075
-34.1401264476483,19.820225714961,8.03666390924133,12.3153509808556,2.78893878515717,1.00744504845191,2.33470219806193,6.94280311983023E-02,1.42992200425431
-38.7193841312998,11.8400452125831,2.43475870074921,3.7850263867356,-0.284869822891927,-2.08497216218488,-0.545300411648358,-3.40239962730169,4.62588878621017
-37.4603102944939,14.030969256467,3.56718282094111,7.12684152709434,4.03593517222698,0.507877748182926,-1.79976825726454,1.48149820173657,2.47242411930237
-40.095229539125,10.678136136316,7.96798730272812,7.41622495732638,2.61806366603779,1.43817566555865,-1.36256101578175,0.498607492588273,3.493247087713
-35.3143758228517,11.801459376232,8.72947984617789,4.69425249737804,0.307197953005416,-0.637454348003952,2.60634776593451,0.646380196517435,3.7131529816053
-33.9544739601538,20.5435162530584,9.50061167423978,8.87000466037516,2.66588022835838,1.40976348596061,3.22002796225096,2.10226610742164,1.69958056623558
-32.1868111012161,17.5146356774749,9.71502401565033,10.8858782136444,3.47679460414326,4.42136151948262,2.49791961691753,-0.243806298086042,4.23522198052469
-32.0217046522556,14.3708881578947,12.8406954887218,9.17161066729324,3.33426339285715,2.41277020676693,1.28568491541353,-0.588874530075187,4.54431978383458
-30.090857795975,18.4196819977141,14.0055556359322,9.39466716821714,2.12676688030788,3.37533818486958,0.658284986761971,1.4800561350714,2.99989872538664
-32.2405743260204,15.5243019945063,16.2400579489791,7.17405492243586,2.89816614431303,3.58021415303406,1.74922722741387,0.857042450495924,-0.32273565081437
-32.7111168392261,12.2839426615686,16.0322779281408,5.76105168191776,6.24722544428692,1.67117755724534,2.48456989016338,0.16396729246323,-0.176139536881887
-27.68074735987,15.0921594442421,20.9382615759545,8.04364267906665,6.92596431272585,4.06313902350206,3.19196616151712,2.19473934844114,-2.25286422588869
-27.8091880236829,14.1472527935609,17.7242750086037,10.4220366481483,6.18692100771872,4.34678784388366,2.07050097976556,-0.291471474424262,-3.25956412723607
-27.9362292376304,17.09379499245,18.472451452049,8.64557362081679,5.57923938617128,2.91252589809318,1.91242054991748,2.8092846858843E-03,-5.90090248270534
-32.790341264759,13.1800292122058,18.9037508184454,3.56518423116496,1.19079311858285,-0.323780606261197,-2.74350100371989,-2.44778138333465,-2.17004957440837
-30.3279394043725,15.2270901474723,19.8807884317439,4.12362999942618,1.73724680094107,-0.176450335685991,-2.12672863946748,0.310581281918873,-2.8009697595685
-32.2942562993,10.9113835175779,22.8630381361093,5.26440223815904,2.42658279540618,-2.30478796953697,-2.01033106699431,0.116779744804009,-0.219230686564594
-30.8980688253231,11.0018876143459,21.5427617249891,4.42064759692174,-0.361550747785684,-3.36939160737621,-0.902424858428912,-1.33512414694351,1.49920139393058
-37.7450870632842,10.0863542389706,17.1312778486823,-0.981467798153504,-4.06768022808864,-6.27094482135793,-4.05499205123039,-2.80408708567506,4.02215206406784
-36.2683592342259,10.4790132899895,20.9720005589592,0.422896732295336,-2.71757117535871,-2.21818529496127,-2.65652695139261,1.4591775945634,0.56778483014261
-36.4575569510962,12.2469762602298,21.4307325604563,3.37537174103947,-5.37594734006835,-2.88168488167014,-1.64488491709162,-0.336504047641902,0.594785663156509
-31.1496126313069,15.0452707990781,25.048645466099,4.57159679191229,-2.23158831934402,-0.219712363487535,3.79829543414733,2.70116964522916,1.42741234840923
-29.0969564750903,15.2891527484711,20.4291691999571,4.45835270555416,-1.84542755981545,1.47705732985228,2.74525231572547,0.380530023961942,0.273953005972616
-34.156071520822,14.9441781706512,19.212610854404,3.5380133742789,0.279109146743973,3.86663031311885,2.77028384467469,-0.31067933300806,1.90784375627816
-38.6005455649083,14.2051645836228,14.8223988766921,-0.430747628694072,-1.95774431581334,0.564579234892754,-1.85316551971273,-1.92556622470546,4.98614148121603
-37.9204354555925,11.8715934182824,14.2792168254877,-0.496636516355259,-2.39295172282253,0.591268880623853,-2.55874175634733,-0.309572540475511,8.35919217705787
-36.3596463284275,14.2261487600965,18.9125094682892,3.58839311628828,2.49254925280154,1.40732403140286,1.33724099362173,3.4999044322212,4.79254712907314
-38.4733358062031,9.85676377436015,14.9591976488715,1.39098924301652,4.42619910406027,0.273204553884794,2.46026764059691,-0.765400747567537,5.24723942134847
-36.6652350543191,11.1095465074526,15.0213685744661,1.82917813716724,4.26949046334954,1.87212650759341,4.02306538713379,1.29760404418753,5.09959093437349
-35.2786697966661,11.2206301329785,16.1162465083556,2.71320799403722,5.60474236714337,4.74933301754703,1.59936471227457,1.06299240023127,4.01512987872414
-32.9871642114385,16.1476386481802,19.6287370017331,3.32809792027729,5.71314449740034,7.71433600519929,5.09369584055458,2.81290619584055,0.769741117850961
-32.2398686761557,15.3879930555086,14.8955286392715,3.81676810938249,5.55694415358945,4.57336638947248,4.05320507191061,0.215495402989918,1.43483459545636
-30.9914330640351,17.1087946646424,16.3408881418424,3.4965840698368,5.53868676462615,4.98563140486905,2.70224475410726,-0.330071029658942,1.34400585588027
-27.8641960421775,19.5352171175154,17.1550303468789,6.89403379021129,8.39730964535016,4.85215107788363,1.0463978991653,1.1589426155928,0.286051154253251
-28.1145987503432,19.4587499414014,14.1915738576624,6.63336034449273,8.70875496413766,3.86014023479618,0.863910635476597,3.14758138506993E-02,-0.216982206119702
-28.0989459116286,21.838910573803,15.9235198086652,6.2277878924279,5.0977836599507,0.763861362857669,0.876727421749555,-0.317099879743903,-2.11825406956043
-28.6317471945656,21.1801138823216,18.6966800972329,8.26812293962904,6.63780759881455,1.41453831041257,0.586727048716323,0.869767906496617,-3.88265459025673
-26.3798511305651,19.8713275863222,17.2717970667505,10.3954469761314,5.01314143933872,1.32618189357106,0.13776776100637,-0.419991038407777,-2.63363807205387
-26.0058383043533,24.0746554799233,16.3325562287493,9.17428741290973,4.10418100079492,0.285235235569567,0.569134474719607,0.116231688499075,-2.88642026439369
-27.5394806606844,20.4171896078445,13.1324791774331,9.0511889501131,0.862433471814878,-0.217454042698847,-0.777196856312538,-0.472492734753046,-1.25774344449888
-31.4462991434219,19.8275862068966,9.66395783000219,4.40849439929717,-1.60265209751811,-2.16409510213046,-2.62944761695585,-2.2656764770481,-2.0831045464529
-29.7446734799931,18.5248570933657,9.01784167677118,3.13182054391131,-2.23038281655985,-4.03949419712454,-3.7249263814308,-0.949939372943013,-1.30192274380738
-27.0796557432224,18.6367101910172,12.3958540823826,4.27024019671816,-2.53109781645591,-2.70487468146631,-2.34083618954728,0.868197459972944,-0.6065018648387
-26.0895583986793,17.8422066308983,10.5275828862292,5.94373366350254,-2.71082679873436,-2.97221075801348,-0.217361397716335,-0.143761177603532,1.51465125877012
-20.6323960223758,15.9947798780612,8.90071572765645,7.34487469668236,-1.17316802947194,-1.27376412933396,1.90181005009414,1.18472298688853,0.609693929569138
-23.9462782400236,15.6146388992086,6.30445601811286,0.981347389966424,-5.25301238600599,-2.12742094896294,-2.05241796987265,-3.12769432430728,4.01090697527706
-23.7626890189967,17.1440405486992,7.17113853670865,1.58516209651376,-4.97100655687067,-1.31909635932213,-2.05972789688724,-0.150934389172028,3.70596576948457
-18.9688057164181,17.3669371000511,9.02174063273119,1.84857573286526,-3.45182646192971,-0.610202755932729,-1.67028319489172,1.56178734814036,2.36894116346247
-17.7697822227643,17.6281660365085,8.32350828691845,2.72729736688756,-0.958789012210167,1.49205187624507,3.33441747638601,1.94874713718475,-2.00159911100269
-19.8250236454533,17.8874476422105,8.53127955681664,0.20807998919066,1.57005810025672,0.605999189298745,3.76570733684637,0.295905958654243,-2.29158221861911
-19.0924836403092,16.0880963452687,11.7574115633193,0.237223940747928,2.7348146350997,3.85623690045356,2.47804667650607,0.244637188896294,-2.88577532466657
-15.4482992046031,13.5224234218988,10.0314774073447,0.122524961922487,1.44592993738365,3.57353190049077,9.68014892536851E-02,-0.445422237265184,-4.90573701133864
-16.3865149121741,13.4803623746068,9.83028879257968,-0.769573494268709,1.85912754668071,2.31412099855536,7.69573494268617E-02,0.276101367680608,-4.71262505569281
-12.8723345410294,15.0033188594186,7.04358768703155,-3.24487651077247,-1.72511546865061,-2.04248140055867,-2.5963160660453,-2.42415023370301,-2.16417291257571
-17.3645490499765,15.1581989656221,5.04743203252482,-2.91852200127223,1.3600409325995,-2.34532732251017,-2.14135575407252,0,-1.82813839643776
-21.0997841791521,13.7542418165037,4.9319574465132,-4.20121997765456,1.14850001040936,-2.97152691514979,-2.79873144530572,-0.365715713284431,0.46425770813527
-18.5908113725993,11.954184996939,3.05101154629194,-6.44157804068965,-3.00972394253904,-5.15881490340125,-2.95419923404376,-2.57905152408206,3.42117626959381
-16.7810815214696,15.9040190431659,2.06513499535964,-6.05584011675275,-4.55463220760451,-4.94569722216318,-2.46186761882496,0.478204501498374,6.33709520874512
-17.4101400726512,15.9867983999774,1.45938458494114,-5.29972155083464,-4.60925242759615,-2.21204539993498,-1.83960197317276,0.243819700631814,7.34215324598227
-18.8549414018481,17.7449571782736,1.63539553752536,-2.61437908496733,-4.50684584178499,-1.86218165427091,1.06068289384719,0.342292089249486,7.56564119900834
-15.496304482973,18.994957518823,1.36354217033916,0.307384126545558,-2.04116875043172,0.462112316087591,2.49844581059612,1.92443185742903,6.65193064861504
-2.98105779025909,22.2922001046227,1.99815533713279,-0.209933647201356,-1.96167506401255,3.30800363426117,2.60593045345667,0.353789818562255,6.89477161972413
-6.23925701874776,21.9543231755253,5.13864275340112,3.14327972391371,3.6442857333209,5.95943983264268,5.40580154299192,3.20723793788059,4.26521339391597
-2.95812018145069,23.5727876645138,8.49578963308249,3.1365422978925,4.77921086070565,6.83995338639909,4.6857203052269,1.17784932219346,5.44154535937902
2.36698401058105,26.2011707240418,8.71495357699409,6.59023349004099,5.64736848997551,7.033510993544,4.87277870172728,0.549349816010378,4.70122965310425
4.73834196891192,27.6560880829016,9.59909326424871,7.74222797927461,9.01683937823834,6.23704663212435,2.78626943005181,1.08419689119171,3.58225388601036
9.12614857599114,30.672049761431,11.3077185594426,6.82223552971327,9.11005080456662,6.45005505437828,2.198311665733,0.580163682139844,3.37795635572212
15.0172523961661,30.9476038338658,14.3878594249201,5.69840255591055,9.58594249201278,4.09073482428115,2.41150159744409,0.766134185303515,2.21150159744408
16.915804985264,30.6721114940806,15.1012787851541,7.57530346171137,11.3442229881613,5.16072231380189,3.59158799140816,2.28033368300115,0.521379689295164
20.2594023989094,32.803021775293,15.2558378047103,7.20610858879592,9.46556101709754,4.49013795604918,2.8798168924243,-0.153840381223971,0.268907983440268
20.6032601559422,33.4275406268953,12.9168203787883,7.63204131781831,9.15832452745247,3.45836642051885,2.1453001606943,1.56317411883875E-02,1.80140185454977
10.9581617843996,34.9804107208481,12.9195811818346,7.73169227702792,6.50837449469626,3.26757896441541,0.246033871701125,0.383688265741501,1.43384803204046
14.6923312557436,30.4555485399566,12.8712623702027,9.58546145622995,5.04748032332881,2.16365239027012,3.43833809491035E-02,-0.366339295203214,0.927100980864095
22.7123929261369,30.0595700273935,15.0620857584774,10.1616900743538,5.13147024293886,0.518675420996721,0.65595358631442,0.637318541248672,-0.5950791057663
18.1113411835146,27.3581728370422,14.9804161261351,10.1256112164455,3.70222532681368,0.268186807703819,-0.131598642850023,-0.406022353058576,1.00601237401458
19.433456993342,28.2288774783185,13.236739306685,13.7176620887895,4.61329631722477,1.76952558779451,1.75109942756062,1.520772424637,-1.08652924845833
16.931636055487,29.6618339688914,13.9153448900515,13.322771401728,3.89870370711518,1.41357945090237,1.14339050285848,2.27204342673347E-02,-2.07554237360991
20.5030846609351,26.1558187359084,12.0246029583013,12.3547483957286,0.800277495602195,0.918584772428839,0.686306087559783,-0.870270805976063,0.318996060553496
22.6958863705953,24.5786701160415,10.2931343693955,11.2760812102806,7.68610689312574E-02,-0.598641496228804,-1.73905979541208,-0.884214736079091,1.77217879259385
23.4845537792762,25.6426405843815,8.79103915430167,10.6076604363102,1.24607129404937,0.99599256556077,-0.555730507752441,1.18555841653854,-0.488425368480206
25.3447836913123,26.2818005129065,8.07982961072509,9.78558521637079,0.307992275355032,-1.09846438528839,-0.249001819389852,-0.562582664257369,-2.82781617332017
26.6453041029918,20.9996927302485,7.47794242141106,5.87637722692185,-0.308523913738711,-2.11953420413999,-0.351165430271709,-0.987025691513712,-0.513579441772385
19.8828098469366,23.7868843349243,7.83222914441309,6.2188578590878,0.600151890293224,0.317981711420783,6.1744021635049E-03,1.53742613871411,-1.41887761717472
20.0491204371719,24.0684002087619,8.31609001320112,6.22540140607252,1.55281982009641,1.74131949774354,1.11871795658982,0.556288950971674,-0.886009885487985
17.2278136983581,20.4941734198737,7.63784608893135,4.19340026557788,-1.02632199456434,-0.490822670919227,1.04803981186164,-1.05920897504314,1.62573375197012
14.7045479234962,20.0282447967589,4.04756883870433,0.759158790713731,-4.06418342503306,-2.91010869773594,-3.49545335454887,-2.9835962911131,4.46612860967863
15.8682634730539,23.0501103057044,5.75039394894422,1.35518436810589,-1.76110936022692,-0.516230696501737,-2.6567916797983,1.3621178695241,3.3658997793886
13.6670821302635,22.5227200130276,6.23821722274068,-0.30752657192427,-0.230488347185603,-1.43929951584921,-0.937611564502291,0.633216627729997,2.52973487576804
19.4669871516894,22.4077263322224,7.69721599286343,0.939153275266078,-0.32647346706149,-0.893930195388489,3.05596511008412,1.0909293652662,1.65714710510339
24.1674706004469,20.9722917607982,11.0405548974832,2.34891133119223,1.66994346004957,1.59972645898717,3.13106766476572,1.43853264785258,0.333378109391984
22.2146099169307,19.4900842926877,11.715949546728,1.79290179718372,2.45231774306022,4.27519299232924,2.33487074713418,-0.183510931134465,-0.5866232765265
23.7148606622355,19.9280443929508,11.2208061467163,2.45685712543449,1.23849015183854,3.25629611561681,1.56594914324045,0.312214159399971,-2.68674919202391
25.1319486866219,22.0879657910812,11.1912034208919,1.65729993891265,0.510079413561387,2.46731826511913,-4.76481368356733E-02,-0.177153329260849,-2.60965180207697
28.9822483043566,20.7328592235081,10.3438819722481,2.29193708599183,1.79101385156341,1.63013339671048,0.377215914977121,0.241930077941707,-2.13227542246354
24.4827292422288,18.4367469146321,13.1831016771744,0.920133395000129,4.76801927898541,0.332270392638935,0.203256980112456,0.138141720016552,-0.314622331491448
27.4158713750392,17.7530011875535,12.3511712476695,-0.203053181474163,2.38064472461682,-0.590084851617344,-0.726684264609058,-1.11063937139657,1.82255613189842
27.8148185281732,17.140189492681,9.32298977341087,-1.16553037898537,-4.82504511730488E-02,-2.76092841387609,-2.82797774212954,-1.83915680770003,4.59883196310408
27.506460596633,17.4229119100785,7.43031337029882,-0.376972677321424,-1.25072132875029,-2.67957949670071,-3.07097874902778,-9.78498130817639E-02,5.76310309355948
32.2781105617754,15.7536208421026,7.83197798229119,-0.841230899513069,-1.98009937857258,-2.1787319891904,-1.1961543730308,0.72852712985218,4.94900310091035
36.7237053361578,17.3466335382493,9.41595902495009,1.68735157838187,0.200846117687276,-0.315615327794299,2.57803390575494,1.95901274060327,3.39973261215943
34.3991153062889,20.8749040675365,10.7299327415232,3.63304548558444,0.901009783600525,1.78993358754177,3.657821743886,1.0115964974831,2.70242505181864
30.8459589151884,20.3788573174458,11.2560881364462,2.97382625521948,1.93083038287115,4.39663797080091,3.78917225307477,0.863871365839343,3.26497846312372
32.2377473074916,20.7833183090573,14.2264079328178,3.410708355079,2.68005408739384,5.44906770413247,2.85204251079376,1.00405655453813,2.07157090667551
29.2127965065917,20.2348320339848,14.1907847115921,4.3833730850925,2.5049541371495,4.71562659452019,1.81849465427836,-4.15316886784644E-02,2.36018653661315
29.9930332514642,18.9212167013036,14.9224211222369,7.60851596448138,4.04838938220291,3.28795106744758,1.44825713206121,0.490034007179291,2.23290194596637
35.7963672309403,19.3930086553341,17.34303013186,6.65066224191394,6.10109853900785,2.63131571669815,0.786688084352726,0.339505628026571,2.03350338034633
34.4444895662314,20.989946221276,18.1118852720554,7.37470485516874,7.5098768368596,3.16174806959327,2.220185295841,1.40393217035151,3.13274120656926E-02
32.2406149591247,19.6799702514104,17.7858217757351,6.20943704280426,6.68820340598109,2.02952779924349,1.58794717301245,-0.153391164901318,-0.658303749368129
34.6322830446778,19.1805198117363,17.7018849551367,5.06943961419861,5.05263035867474,2.30576615427419,1.49022744661612,0.240546242841581,-1.80206811805893
31.9771538132804,19.3441827694938,16.3942757481606,5.59027015789048,4.43352314071542,2.18413241086175,0.453343189457022,0.366139595051913,-0.403677566153456
29.3543011031723,17.6536396611479,16.2188813729391,5.4316673298387,3.74029029635139,1.99297614310676,0.749672739015853,0.144744505763829,-0.946894336510783
29.6832862602725,17.4253452185563,12.9498280431719,5.06127230654132,2.21021069786054,3.13176010717558E-02,-5.62556908140852E-02,-0.569516375045668,-0.306216543812742
28.5057551937114,16.7222300205877,11.1647248736665,4.02337170129141,1.42125210555867,-0.662666105184349,-1.27620250795433,-0.84865712146734,-2.53544357102751
30.3214001121506,17.962990290116,9.8509577074049,3.00504677862055,0.023020393707765,-1.83513856506212,-2.35752442227665,-0.921406014815683,-1.86878375586578
30.0326454403655,19.159916269954,10.4714743794177,5.76368876080691,1.45309899744287,-0.405313726740849,1.85551348436403E-02,1.76505720200163,-2.83835578311366
31.1934189920066,18.739338755407,9.58624182759203,7.09274773384877,-0.352803507076443,-0.955946136335841,0.460507548015631,-0.402871331513029,-0.723072534305197
27.6615919813379,19.871552481399,8.95816729591214,7.25484150576792,-0.122164759539026,-0.307157109698135,1.44503458426168,7.67892774245305E-02,-0.496803355458727
26.4370713089816,19.5978180639819,3.8939996759501,3.62635845920272,-3.53034367292563,-2.60140061569481,-3.49133766600055,-3.15528591403076,3.08327482432294
27.5370077413999,18.2148464050912,3.81536129540629,1.46888101582566,-4.15581447106448,-1.90437235712697,-3.3191177089787,-0.235790891975294,3.92603865286408
27.3596953999666,19.1288104843523,4.55527440261632,1.2431071113127,-3.48821942660714,-2.92127187223985,-2.58707120861282,0.784774772624197,3.22205246950419
30.2653569857792,18.3269315349655,5.85134144553584,2.11230024923032,-1.11537897668963,-0.728338953232668,2.27767189561647,1.73640228705468,1.4672335434687
30.8258060744249,18.2641994796691,6.4801660381771,1.42009412727645,4.03402613347397E-02,-0.499283814200939,2.8039404834985,0.304013563682075,2.56131427402145
31.0567647966282,18.8655190681049,6.28249087490322,1.88206940312843,1.3761868447249,2.99105245693594,2.45373415842448,0.427293208133702,2.07068384377601
31.3886187896467,20.8576422651294,7.20007408436357,1.96786590730194,0.183474556651391,3.77772375792934,1.30284298745196,0.577047738111776,0.669074408482656
32.1733549949989,21.1871903239421,5.86888525291538,1.74025658666883,0.691477367992,3.1214768476495,1.10890768545874,0.108115608540562,1.56391829466417
30.5692175209649,18.3589844359551,5.8823189444422,0.377975691655058,0.651921376432578,1.4460170955978,0.72127471435094,3.69884468897844E-02,1.49803209903657
30.9309908451427,20.0871022539418,7.97031226842087,1.89082576128966,5.00780956072645,2.49734930968043,1.51060846168755,1.36752818852394,-3.99028650257114E-02
27.9269516813432,18.9949582515855,8.73009535976639,1.60377788930966,5.18262079664187,2.02867636994114,1.35340146917916,-5.13300177944114E-02,0.55835652689694
27.413011981694,17.4637214543615,6.88947404732884,0.445001494837063,3.66120092909872,0.664627555596437,0.520318285306899,-0.807212013890484,0.822735321849928
27.4489377689733,15.9141107088371,8.32536375435481,1.28594849374958,2.92768176332628,1.53983650977981,0.137759865200268,0.988227793337439,-0.565270851834145
29.4723236096322,15.7090064286894,9.1960437082548,1.81757099174919,2.60450179080851,1.47592230908957,0.16114429532113,-2.79013090838696E-02,-1.92063501101817
28.5727320422455,15.8603070325509,7.63988685873309,2.49777595291863,2.03985036155022,-3.99187937681086E-02,0.812062318939757,-0.149980610871605,-4.07741964917083
30.6349431415365,15.3367552392026,7.62839236593597,3.91345035873295,2.00720301732695,0.555256217565164,0.366956866971048,0.543912883192022,-2.94246093639226
31.5060759681347,14.8503390110799,8.10034043669418,1.6559935676283,1.36858972531264,0.81602162371767,-0.145982904033345,-0.542873924374012,-4.9326254683143
31.1492772291398,14.7851724631458,10.4113353370545,1.66480606841276,0.94346643766996,-0.568484328037788,-0.389866895663372,-0.393874338056397,-4.22727923286102
32.4559060878046,12.8252615445351,7.89336181972296,0.201456057034708,-1.84619671864658,-1.95824576477828,-2.36231900885943,-1.41019239924294,-2.51152421536639
29.6386573606173,11.1048357371318,5.08008037763219,0.930406763135671,-4.23884998157021,-4.25074016384671,-4.25490172764349,-2.40181681985185,-8.26367668216278E-02
29.9853325308104,12.5205256914455,5.67122663285162,2.85051453014428,-1.6391335090313,-3.03166654005505,-2.07331397149486,1.70691942241727,0.573842818491526
31.8223533857588,10.6266457924697,1.76051057805931,-0.510458092650243,-5.37150672113152,-5.18855758099248,-3.31887735209611,-2.64766394942205,3.81673894657284
29.1199167916983,12.9086442187565,2.27926188497888,-1.93315838867601,-4.97815184319539,-4.41386565924048,-0.54695112110035,0.34550573551476,5.70801776545062
30.4383039542639,14.0513339685565,2.34040019056693,-1.86100524059076,-4.42829919009051,-2.5762267746546,-1.90983801810386,0.374583134826106,5.59611719866603
30.0344505465082,13.3744280554779,2.59836850779749,-2.20864298166802,-4.90756662521494,-8.27051116518931E-02,0.805631087601966,0.087465118077911,6.08566821565209
31.1738491304929,15.5302744191181,4.65518944389892,-0.387545102231729,-1.89066231283664,0.570568651261697,2.79938875944894,2.34851169898145,3.02424626254293
30.9892763872518,14.9951466407821,5.05673808038087,6.52892370981466E-02,-0.923871593981835,3.67641960757123,2.97903811042548,0.5587140909196,3.34246227090988
30.1114001357159,19.3276408052477,8.09828093191586,2.15618638317123,2.59782854557793,5.39979642614793,4.96098167835331,2.12847771997286,2.21443112418004
32.1074685450352,19.6659090780918,10.0007331502338,1.06645160926477,5.138255215236,5.29954826666366,2.93711262879477,0.269009739618874,2.20170654815951
33.803527861129,18.8390027762977,10.5819007824112,1.65960907484787,4.02030342970919,5.73656019518214,2.9271712611122,0.54852912308253,1.05387139291623
32.5631365825598,16.7679935030511,9.42734358257104,1.90735080140317,5.97865932752067,2.935470408428,0.267322377251656,-0.553255806084119,2.81985630012038E-03
32.0332548738965,17.2429987532218,8.4165916549723,1.78518514377085,6.46871033931376,3.23435516965688,0.863240169740739,0.86491744986329,-1.35412415227466
32.7585253048308,17.9097789285003,8.45061851335502,2.84195268760096,7.10128571112438,2.16645643851379,1.36150390581778,1.04837460443914,-0.808825156564645
31.2932827873149,18.4835090855916,7.88981409439303,3.23637988974788,7.25854067685312,2.15427571859773,2.15593115588149,0.256592778982573,-1.43250506287903
29.0968730227447,17.7828099503813,6.41491003141407,2.14181846437332,4.47622853463874,1.04288077081044,0.728739995781861,-0.581104931899166,-0.447900362982447
27.7206616324252,18.4362645852954,4.94758034953953,1.1030966788669,2.39286258099809,2.81977678646702E-03,-1.93831456301919,-1.61009254507413,-0.435937491188199
30.3277620027318,18.029460606782,4.0030832185628,0.999778960433923,-0.227274015382086,-1.37271238218307,-2.71028514104024,-0.498755943980637,0.172297507920582
31.5621270092697,19.6286546119781,5.2098787466396,3.930973707988,1.10265820384396,-0.815420482559366,-0.490813970350372,1.59235668789809,-0.291699666469598
30.4235129461162,21.3559132260322,3.5000699790063,5.83289013296011,0.184744576627009,-1.45332400279916,0.731140657802656,-0.374527641707491,0.255843247025889
31.0436144887298,21.3049223101239,4.04645224595383,4.59393310921184,1.14458066422474,-0.449915536302661,1.63240729900149,0.413676986290682,-0.599887381736885
32.7631325546883,19.85204989068,2.27815979971226,5.56965323485097,-1.31127298267873,-0.437846227045644,-1.55653484077804,-1.59788383764005,1.49819310547959
32.7401933881398,19.6664082877398,2.02836887458061,5.34787799233916,-2.27052839433527,0.17200115421827,-1.06482293499601,0.111461274279605,0.917716684677754
34.671171498733,19.0193040258207,2.99936790642778,6.06977641787538,-1.37046836455577,-0.292553042719458,-0.333387406234794,1.13441218094657,-0.837943514328388
34.5154733585732,18.8729185512782,3.71617471325984,6.15081359377268,-0.609776526954137,0.255190359723475,1.41611105527076,0.173663461431071,-6.25411822516998E-02
36.6782395073223,15.8129125979438,4.1028431048118,3.46736515023193,0.545176144617509,-0.603507748568351,0.868243489576031,-0.443656718510741,0.923209808683546
34.6256229386521,15.237372412677,5.45563114218906,3.41255978257837,1.53579141809577,1.47607859769743,0.234386771657061,0.502257367836554,8.37095613060162E-03
34.918285538082,14.3744568721442,3.31118773301938,0.854988366551734,-0.520842093460038,0.909371233145518,-0.40198469430661,-0.463095338210971,1.42628878984105
36.4200978152341,12.9026980984132,3.10594393957342,-2.48204746351703E-02,-0.762665493335137,-0.845024340988194,-0.574255526786373,-0.615999052309154,1.43733112205468
37.5878638878024,13.2251215287478,3.95094149857518,0.377158182935688,-0.221824886852547,-6.25803207241376E-02,-0.123484382857464,0.9482036095435,0.621333184332564
40.164057420097,13.0251143455765,7.38925290518347,1.45773242857221,1.88454848085718,0.914764612058654,0.87363910702078,0.537410315832755,-1.17263264364749
39.6967735455286,10.6324565025725,7.23022666651786,0.192515875584525,1.37439594656428,8.37025546018903E-03,1.078646920304,-0.407910449426913,0.853766056940055
38.6266023249258,11.6097043264846,7.37663687268184,8.45729068205547E-02,1.18180963910031,1.40623186242806,1.0718095838239,0.941357256963444,1.08894527082677
40.2450214379856,11.0609995495521,5.16958530983589,-0.778552004493357,0.410964236657571,1.41696464817791,-6.45085946580129E-02,-0.60504612920626,2.2967284132554
40.8769338412501,10.8478359858287,5.01826945502604,-0.051087837762801,0.994546928621398,0.617496473828583,0.486445063915327,0.144933974522712,2.8414833242634
41.2985654596884,10.0468432802668,3.40105833197434,0.285670904868211,-0.76703762645718,-1.18654647494474,-1.73314513544062,-1.26808639857839,5.14938676353984
38.4494511331445,10.9269874291785,4.40421388101982,2.37750088526911,1.31185817988668,0.846538597733709,0.50626327903682,1.60952992209631,3.91842245042494
38.4319686787439,12.3267296955911,5.42216438191372,1.96031255638974,3.06541483713275,1.07721498914583,1.52942656073141,1.17181305672057,2.36385807009006
36.6836820675071,11.4916472321433,5.93853798022299,2.89533625802523,2.70778631265935,2.24516311409016,3.32914743600198,0.582763888209362,2.12774053960023
36.9046269148322,12.0680997197609,5.2770263338355,3.14904508123694,2.84126804140412,2.7629738821484,2.40984022591915,0.673869729318194,0.449246486212125
38.7407478714756,13.6589226885723,6.22941000299491,5.58229581140632,4.15971420014547,4.89721045650964,2.19537500534805,0.954627133872412,0.901681427287903
36.5252531706226,14.7957064818069,7.39332758308576,5.8966659212642,3.67856116027219,3.77067160762015,2.05890809187618,0.444046896463605,0.545741089778402
35.5263298469033,13.4897063065566,6.16125896090853,4.50369119988034,3.94279975641286,2.3092702001047,1.06996720120511,-0.329056313500929,0.341876689351614
35.9002475181646,14.2772735741091,6.51851063263514,4.67516567748118,4.14286854922419,2.08341095999788,0.46895376999442,0.352912996034392,-0.102733345753603
36.1837543205165,14.2782654503819,5.73829093000629,4.16059688976568,4.4100176852245,0.447237288408918,-0.960592589407148,-0.985857195843711,1.73519467185576
33.2267981131075,14.1575237186622,6.54847087507288,5.0241161816929,4.20522605607676,0.893623787565597,0.778078125828169,1.39873853818838,-2.43811946785412E-02
34.6367088004321,13.7564008197286,7.13820475209565,5.5485244356423,3.15817901643164,0.542778922173446,0.517890522815247,9.16104912546411E-02,-1.41069565723909
34.1648832529466,14.2055557330097,7.00961446321909,5.62653719615422,2.07142172677037,0.340711874873569,0.964108133431295,-0.532894666794433,0.410451336761748
31.726629438595,16.6156912059338,8.2196598320474,4.63681316339145,1.31772454068801,-0.10283899569462,-0.531778848203249,-9.05835713372291E-02,0.522187646532245
33.8752714534051,16.1730749924706,11.1239095630855,4.92552533829303,1.20205644117321,1.70559920532181,0.21980460638595,0.838533438304117,-1.48315271664755
35.2781194333701,15.3548859105946,9.27612604970736,4.99300195097125,0.427305114937651,-2.43871405547564E-02,0.414581389430822,-0.336648570701497,0.489863432012894
33.5580274896739,13.2974180761525,10.4555293561572,2.83060925238615,-0.549471207816135,-1.43088103384378,-0.801916435258545,-1.31325230020572,0.330864383201117
33.5936547321765,13.1671729944384,11.3046290552613,4.661396616352,0.396579238970804,0.408773520383008,-0.34250025183841,1.29047308510019,-1.88534194355639
31.3921930326739,13.3441468948116,10.989546890571,4.54275597396264,1.38933061934143,0.519475012191758,1.48421432054774E-02,2.06729851790531E-02,-4.86080189979433
29.4102503593418,12.0470684143908,9.86044665651213,4.62585544805097,-1.18958230536546,-1.50548130349902,0.14641838113831,-1.17992834616952,-3.33222491579602
30.7246713233587,13.6366514022833,9.20030810137802,4.64895435456982,0.371937451199694,0.487475467955347,0.493278747335762,1.63335936016207,-4.83360415303776
31.7208704729784,12.1512888460612,7.34441500040151,2.09641585695549,-0.56050750823095,0.329773280869407,-0.994137958724802,-1.47380818544393,-2.62587328354613
29.7108458474956,11.2035751146944,4.4402535435028,0.597653695888291,-1.41307813268345,-1.92157011083073,-0.753821795446811,-0.939170093538753,-4.29435255083569
25.3251022386646,9.45108701708249,1.20624909461672,-3.18527763229739,-5.44734290903823,-5.10914743539742,-5.60836184129885,-3.10616106350498,-2.99640075327888
25.8390248503376,11.4597839535284,1.07856790150856,-3.74225334139669,-4.65215630357469,-3.44708969756822,-3.63739257319448,0.419997891688267,-2.31193027036324
26.6955306952868,11.6184182807978,1.70301464636944,-4.12005366270111,-3.21144656458927,-5.07910813477765,-2.58944707460668,8.14919117891521E-02,-1.49346401605445
27.6205398867447,11.7059761394249,1.66529220957723,-2.92044642366265,-3.69619000494805,-2.69668480950024,1.32387706855793,0.82687338501293,-1.88025729836715
23.6079272768336,7.51115126192761,-2.05860764496641,-6.07249731805094,-6.51685393258427,-4.48704195132968,-1.76669866184858,-2.69888769691153,-2.15177008638699
22.234985985388,4.95278684004963,-4.08778661030189,-6.850503147544,-7.09231264072049,-3.08895832376051,-3.60818820934613,-1.7265542434407,0.29177962597068
25.6343995638148,5.19616974873915,-2.32972874733064,-7.1550274887546,-7.65368712799309,-2.3666454632196,-3.30433004679904,1.1177245672225,-1.46758144395474
25.2042860680278,5.10771447223285,0.209913783400492,-6.27546541206132,-5.12290930373905,-1.51610652139656,0.327533034689247,0.911689890372107,-1.29887670801162
25.1571692721466,5.56059841990251,1.13800638762817,-5.2513027399563,-3.69081638370594,-1.91628845184065,2.44634952653107,0.435927606880707,-1.95775200313779
22.4225183065107,2.26371762099031,-3.45933906139101,-8.29375818671775,-3.56782208783663,-2.1990894350227,-1.60012464007294,-2.98386026462934,2.4668347768885
21.3524843653357,2.66820149817881,-2.29823837995098,-8.38831237257462,-3.22257347719516,0.290930749318485,-1.76391084232471,0.75195290128971,1.88933177559389
21.0354606658674,0.642695748409117,-3.38870699990777,-8.72452273356082,-3.97606750899196,-1.48944019182882,-2.87166835746564,-0.64788342709581,3.87231393525776
22.3463941978744,1.8673311134425,-0.662546184372584,-6.15506545637002,-3.70957441955938,-1.31596952971766,1.18881996077179,1.08105642475937,3.25115175842722
20.9960223116313,1.40133504023409,-1.00985277980981,-7.7936402706657,-1.21959583028529,-1.99684528163863,0.208028529626926,-0.233174835405994,4.20800566934895
21.4789327266379,2.48685055244575,-0.674085170126259,-6.23852591032471,1.95411490420895,2.4074470361652,2.30101253561895,1.4630520233818,2.67944631533895
21.4989517230525,2.53047872250732,-0.658194265672164,-4.80071496422369,1.03366289886516,1.8542979354846,1.42037310790226,0.18942055297311,2.16512750757402
20.7595751528806,4.316726413105,1.06267271899936,-5.18406712318125,1.3950700864566,3.72795578393615,2.90223410985206,1.27354250135956,-0.457254475433671
21.3738223827353,5.58298267121699,1.04646411097489,-3.15264570425103,1.44461747457009,3.14878013761417,1.93941000408645,0.485956948632139,9.11169278685316E-02
21.9119332671562,7.087896719846,2.17945694557939,-1.49063009010688,4.95779838652181,4.03808291150001,2.4284437229556,0.687181568397337,-0.574753618260494
23.7747625211153,5.41484764056776,2.7746089550929,1.56308272821008,4.23403461816906,2.60952548099072,1.16600487023671,-3.83915056052496E-03,-0.254480837154195
23.2979209189989,5.49946908886847,1.53661636306619,0.838454470931928,4.55263172372815,2.11924319030827,0.37246304253342,-0.313045009160271,1.58283038902307
22.1889598733429,4.1715445250917,-0.30939559153092,-0.559699412427109,2.22876319809123,-0.45935489625492,-1.64843741289539,-1.32733496114438,3.19931765729004
24.0059365189709,8.06064518264726,1.12826963713304,-0.352549779035707,3.46204986455247,9.10339805021816E-02,-0.596410502562742,1.03116672459738,2.15502259297879
26.0950626341076,8.29715760848581,0.210710956418143,2.30623693399011,2.05029482985918,-0.578076131743993,-0.260354899029738,2.20639744940505E-02,2.58203661516567
25.2386346141157,7.86504497767611,1.12554160160116,4.26903028570172,2.1757538434469,-0.25513009435414,1.3669254624233,0.317263069918841,3.84234719686805
26.6079939341421,7.64460571923744,2.46858752166379,4.64038128249567,2.40142980935876,1.55816724436742,1.83546360485269,1.50129982668978,2.40955372616984
24.7665040703108,7.60367543390539,3.94012564754944,4.01305092345007,2.17965546858542,3.10013450662,2.06891708666223,0.259830057097787,2.71011932735887
24.4938079575711,7.22521967843506,2.38770340845877,3.6115296748165,1.52195164103976,2.10956107519564,1.7763303574804,1.94429592183876E-02,3.55266071496082
25.057535542985,7.09569182457574,1.66315359301401,6.81446669391091,1.95728389219883,2.51704557675349,0.716236852859567,0.438238014324742,3.44621771019293
27.5961579192612,8.41540644724022,2.59721692718261,7.54225441606304,3.75577159317151,3.7001736772991,1.97769729317575,1.52708942262888,1.89933070699369
27.9085509997937,8.49441268397422,2.05723230859543,8.25061214560339,5.13356144461075,2.35286029330104,2.07944407131034,0.123222397918449,1.54424636017959
25.7060661203968,7.73753799871673,1.65879519086138,7.75962721812579,4.67397364019818,2.63860985179186,2.19104019186065,0.551704551431066,1.62303169277051
26.8845020470962,8.55295068714632,2.04292382715727,8.74070983388531,5.44710146817221,3.43077685346963,1.50155162072652,0.832920437061559,0.984170860823539
26.1720232247467,9.58982435895437,2.6920537890956,7.69670601566682,5.46467686517899,3.33141006648265,1.71118769525056,0.335791996091092,1.04636112713834
25.4028465571624,8.71686681251072,2.37888621565866,7.55132688640274,4.05470710807875,1.86392853987935,1.19775725799327,3.22173318852917E-02,0.415707508197232
23.0702727476316,8.53605820560494,3.113395726242,6.14710768766047,3.58733184381982,1.52076204761234,0.142701644193762,-0.2260310714602,1.53638631522481
23.3889164907051,9.24729847223948,2.35685008073531,6.28182834430506,4.17494721152652,1.59711008984391,0.436281207303444,0.628803875294999,1.60228543038132
23.7979155261282,8.9385503713421,2.46821125698526,5.82733367076055,3.95099730402537,0.97457933499293,0.608918408032143,0.205555153856484,0.806726508351318
23.2105929195346,9.78991121125137,3.37047439735794,6.2049240202887,2.8488533596716,1.03552578783296,1.22688971881849,0.397131598711896,0.268012387213599
22.728895742666,9.60862747939123,2.88289873371869,5.94070677851203,2.14962508344416,0.413986535087946,9.83218020834155E-03,-0.595623127357782,1.04531600109707
23.6511266471412,11.6501418246913,2.92369164798753,7.98988505275468,2.47282762016628,1.51313865992337,0.685785216378823,0.880185064552027,0.59653568186132
23.5151792991035,14.3204971475143,3.920130399348,7.67573349633252,2.33547269763652,1.57701711491443,0.981051344743276,0.693255908720463,0.242461287693561
23.3917739158947,12.3252930568079,4.61359537667022,7.11789900811541,1.43608082629724,0.80027051397655,0.994446266087377,-0.582014919255683,0.333019099926223
23.196778082754,14.4688710463535,3.23320421722289,6.69368699176564,1.26824513249365,0.267296000820872,-2.25739424877422E-02,-0.138008875663742,0.534078957494285
23.6941970573022,14.3252946026641,3.38569006929117,5.44035480352141,1.66647035024558,1.03450218423357,-0.541321192443009,0.178221168372913,1.29056708132108
25.7115468942801,14.3798248029288,4.93060441969795,5.60926362162327,1.47765166579986,0.592998235792013,0.478273727577738,0.437992678026938,1.05699513568085
26.6626354194191,14.5983658204435,3.68300168702616,5.91424622451676,1.61283765930202,0.241874834854367,0.955812110002233,0.342486635907234,0.474603142340287
25.6569339338419,12.1148523749706,4.61564386163791,5.03589775013531,0.735316645730561,0.331913763697826,0.291573475494542,-0.491232370272788,1.14331525679913
25.8098756863786,11.67609055094,5.56196288962828,3.62326236502072,1.38449447835228,0.531241707322045,-8.47128947314745E-02,6.22588744412025E-02,1.77948110800384
25.6139304186912,10.5888777094088,9.25307028409924,4.39572662969011,1.42782746747698,1.27412366077973,0.499031767138727,0.923739654065313,0.900987445837113
28.0198794116905,10.5340699815838,9.05976437347057,4.06518832462978,0.946037992885794,1.04593960493454,1.1912510406418,0.207876081636778,1.10295416130578
27.9593384918829,9.82905982905982,8.77155717392404,3.03191220350984,1.2876144237091,0.472361300763664,0.897183027360543,-0.235169170080417,2.60557325646083
26.9430967370616,10.480479419204,8.17022007037809,2.87368798372318,1.59436167473608,1.13039132037179,0.146410666774376,0.173168478288311,2.92366955617374
26.0029181269837,10.3197404772291,11.1976855542686,3.50977472260245,2.0958369057826,1.74836920824497,0.625742693401123,0.686913052852196,0.923070752044436
25.8286773732869,9.42499937363767,12.7582491919926,3.78623506125825,1.72525242402225,0.892942149174463,0.91949991230928,6.11329641971301E-02,0.895948688397258
25.949566076624,9.56178479995608,12.1313897026165,3.57169591927378,1.78909178015879,1.09092179398246,1.15180580993208,0.407224237826932,0.987618586592539
27.1867390897172,11.1927130055895,12.416084226299,4.56422945357399,3.4739405171479,2.53940714306838,1.69507398389211,1.23273627034434,0.281444386392092
27.3368520189931,13.0209355256445,12.4563434446494,4.64525369854413,3.87905662598596,2.84061923635365,2.10875878036338,0.481693678138375,0.319821057175371
28.1472943701437,12.3432562945887,13.9032411915502,3.99485304346097,1.73933347906441,0.914628087677106,0.448619860495617,-1.28177102998749,2.11094771566543
28.1719169816193,10.9553868082422,13.2806563597265,3.17551762327852,1.56838984271404,0.887992729187044,-0.759362909914427,3.42681757907781E-02,1.76605265379707
28.7897805890492,11.7290966594189,14.2676418264479,2.9847796007116,2.28800158134018,0.977960071160307,-0.743229887329521,0.497627989721286,-0.857382881992484
30.9530948179678,11.8386064594771,13.7963067637243,4.06432935370823,2.64434537706497,0.280654500056526,1.06609388900631,0.537224813593315,-1.32413874457492
30.9819280643079,13.6761915938117,14.4438576932856,4.69449822996734,2.48049052396879,0.318801462966222,1.54657826282541,0.519763734866715,-0.110993760879343
31.155580855629,14.0074829832679,13.6031683476619,4.99676450983539,2.90366997027241,2.06730792622109,1.54379102139316,0.494811052239779,-2.66137311283345
30.7087536418605,12.7559062803488,13.1756047806587,4.28824502584074,2.2097614062828,1.73540449663022,0.710559321454898,-0.304525423480656,-0.853549624467458
27.8404984423676,10.7379439252336,10.1776947040498,1.90853582554517,-1.12498442367601,-0.864797507788157,-1.93943925233645,-2.13532710280375,-1.85819314641744
27.6326341533879,11.1915281506682,9.79931161243083,2.45319014340578,-1.54663053711167,-1.34190746118481,-2.37797558266379,6.67466962875845E-02,-2.45717502079608
26.5266362848709,12.2855366661935,10.7445824297931,4.07902530239025,1.47095536225642,-0.111117093920866,-0.303491622162723,1.72794423586195,-7.30044202086261
24.0804146693792,10.845583641153,8.86270824690224,1.13964101308089,-0.644796888979964,-2.73413874629491,-0.280911512873439,-2.1123346145964,-7.55711950735519
24.8247686552471,12.7421736562315,10.5320929316795,2.44388659184878,0.393778302815515,-0.860897814530431,1.18182713132506,1.52441425477455,-4.38029139594408
21.5833659222842,9.10476035693789,8.89551389812948,-0.423063835406326,-3.32965966977658,-1.8933757243635,-3.75424714444608,-3.1808509017405,-1.44694942025526
20.6943919602096,8.11383575214732,7.44283190179036,-1.14744722355561,-4.43761298295426,-2.51907305465055,-2.16365549007793,-0.546914097208748,0.88445865206867
17.3597359735974,5.36976897689769,4.26877887788778,-5.31643564356436,-8.53227722772277,-7.8753795379538,-7.27920792079208,-3.40646864686469,2.73372937293729
13.4051388528419,2.18174150012978,1.6632061597024,-7.90563630071806,-10.7951596158837,-8.17490699887534,-6.46303745998789,-2.39586036854399,3.11770049312223
17.6849702204766,7.43329850047101,4.95261529591631,-3.15040074950711,-3.27600496239596,-4.58095037089277,-0.805617185127231,4.79612480116955,-1.39811902543485
17.5817323548813,7.19718832453826,4.60040814643799,-4.55248186015831,-3.45842265831134,-1.46819343667546,2.40816705145119,-0.109766655672817,-2.75292711081795
18.7342451330748,9.98744672450622,6.27714392735298,-3.19197400257141,-3.40710069954141,0.876704562710694,6.3849603660697,1.7766934267405,-5.17113961469542
17.7798223611168,7.10144331592582,4.41013199555903,-3.46025741190016,-2.83266170483984,2.66098523787985,0.149574406842391,-1.54508820263991,-7.4735803281385
15.5854438676525,4.10623459703214,0.972156677678148,-5.58072466047927,-6.52823658958628,3.02343872896019,-1.75030150490274,-2.01457710660165,-4.42189712128362
16.2932992247253,3.96460361794879,1.28220522592602,-5.64619280064736,-2.79412148581273,-1.41794356417551,-3.13921010728549,0.435928893993586,-5.22958051632776
13.721874238233,1.85844647229023,-0.758852394730436,-7.8148018610961,-3.77306497938593,-2.83085858425276,-3.09794071200704,-1.50445666804448,-3.78260362680571
13.0739503154658,0.191094362182541,-2.34490931024542,-9.16719155341568,-1.08518111261756,-5.45312850295181,-1.79778159729264,-0.728080195578134,-4.10746122065527
10.3148678976957,-4.33637757482835,-6.87120858609426,-14.1773881741217,-2.73981734551031,-8.07723929515811,-6.40679510254873,-4.07195075883831,3.47699042286071
12.2055991704933,-2.70193167541709,-5.57722587051576,-12.4162675488405,-6.57460897425347,-4.6264750901101,-3.52704949061044,1.24261426290756,1.62499931423055
10.7856639196157,-3.49092151073113,-5.7737649288264,-10.5201401436693,-6.89700762416818,-5.51815697853775,-3.20281168745318,-0.412608523203033,1.08853730553964
11.3043047232993,-2.45803225237927,-6.41963341557983,-10.5695937610151,-8.80661790623898,-3.93130948184701,0.856979203383866,2.20303137116723E-02,3.51989337328163
11.232027253447,-5.02262770878445,-7.77914465590853,-13.7169003657172,-8.29682655429815,-4.28340022377218,-1.46398214275774,-1.06931927613598,5.52138360228671
13.0519511893961,-1.38078391161265,-4.36085058865846,-7.4042658277456,-2.3830870076394,3.36015804929378,2.54629008272893,3.55610910984533,-1.64652576085381
12.0784500024293,-1.40521164549582,-4.32090434519728,-9.67452858199406,-3.40425072473939,1.59901532614623,1.98176409935273,-0.557118101479707,-2.92756924837642
12.1773912285291,-2.27134013427501,-6.24237073851251,-7.2984785072805,-2.8348155898509,1.07681576423402,2.10186153980294,-0.945483477199415,-2.14382247798413
16.7430131039216,-0.691640198128315,-4.44831053580835,-4.18548726051959,0.328263078650123,3.40020962018312,0.898068195723529,2.37019775589357,-5.35595528812134
16.3088317525295,0.496924553981203,-2.96361161811716,0.100756464766893,5.03993332137621,5.23247839802497,2.28258231961428,0.847725858012521,-3.45895360982455
12.8507019497391,-1.62387284120434,-6.39232767843498,-0.949760922250611,0.505993318923167,-1.67409008536932,-0.163751883146656,-3.4726316019301,0.824763651448665
10.2293455532322,-4.89222316145393,-8.59044801352494,-8.0332117275437,-0.952084352894063,-3.01586065756106,-4.52851804066378,-1.88414824042354,2.63157894736842
8.79434203931615,-5.05763769003731,-9.21757531881717,-8.06259397449462,-1.11265801637245,-2.19078910731191,-5.56663139722671,-0.136993929943757,5.66798462994932
8.10266903514492,-4.81190834888584,-10.6266723630068,-11.0550221482697,-0.986553639286756,-5.65905155937309,-2.98608144267308,-0.943268949699816,7.10487261934207
10.3923850739581,-3.57304832002798,-7.00785207284888,-6.30734007617112,-1.78242600090707,-3.58288390188462,1.7447229371233,2.7960373533542,4.40196930205619
11.3769861678803,-1.1260590639634,-6.08559131635221,-3.24554042714451,-0.283680264190781,0.818016945023421,2.78537205965948,0.923584982269993,3.59093739003329
11.0816698094805,-0.27580900361965,-7.1715759585582,-3.79142553698767,0.565706482866249,2.56410256410256,3.60664976049591,-9.04913626807157E-02,2.72882935604829
13.3988237030166,5.41033370575711,-4.45169382549487,0.549149398149128,0.942829436937417,5.3639564053376,3.5515525855345,2.74047684297068,-0.89276303307545
14.7020694795073,5.40174564768987,-3.77838776891949,1.6737433803423,0.506479260592757,6.63356619132844,3.05252163689897,0.410956747195991,-1.62125848287155
16.4765917357967,5.58919739355718,-3.66786172245047,5.78494229712402,4.11430664956952,4.21636615811374,3.4108811137571,0.279486038782621,-3.45746212022088
16.6816480966616,4.94282668227522,-4.23051194681941,4.7405773773439,6.02671572213976,3.46645901707883,0.836172836925392,0.147898070531175,-3.91746974099547
15.2892649168706,6.57966917039413,-5.26468478352605,4.24930373871212,5.28209131572284,2.65634230736771,-0.499514726981181,-0.930458266520387,-3.15638450502152
12.8936369340721,7.41808204026503,-6.55503206525785,3.44900932710817,5.40376700309485,-0.900805087900287,-1.60113584395972,-0.813596094738743,-6.19396556308295
11.7161575313964,6.06587637775952,-8.23721471175083,4.15861973303742,2.36499823945541,-1.64797644071232,-2.08384460259707,-0.326500997641931,-7.21716584330086
9.50671965043722,3.66856591437663,-10.5199529434725,-0.982332117164254,-0.138784228473546,-3.58128364568821,-2.7783951989331,-1.61716153725219,-5.97314308328679
8.2871004938755,2.9273546113178,-9.48153949916237,-0.754411156800041,-0.378565367795838,-4.07719252442182,-2.28553401649152,-0.330156865304698,-5.99286382525075
8.19934640522876,5.61056644880174,-9.66938997821351,5.22875816993484E-02,-3.34858387799564,-3.25925925925925,-2.0925925925926,-0.137254901960783,-5.51851851851851
3.9851252224981,1.01697221182953,-14.7126514971146,-6.54909696949083,-8.00709726426539,-6.60295001303811,-4.56503747038083,-4.07809258188497,1.45459904991894
2.2775624734064,0.244948652782409,-16.9848315834263,-8.99985050082224,-9.86177076026082,-7.7785572179353,-5.71431857124785,-1.43289211909334,3.40225628759041
0.615771357406845,-1.12026568112498,-17.9167555537618,-5.62900352281178,-10.3245484055097,-6.35259252425896,-5.85732323960309,-0.272715217278499,4.63442899891028
0.419477649073678,-1.23933948181493,-18.919309858014,-4.03971440804472,-9.69138016825393,-6.37490308619832,-2.06672298274645,-0.351204045500316,5.36294941967437
0.544192588834831,-2.36700717135149,-18.12495676436,-3.51765167062513,-8.40846726773814,-5.84084672677381,-0.257107939216457,0.365485276823399,6.36140383240712
3.24855284625529,0.592830163377519,-12.0985405538296,0.603446349149585,-4.7325838678676,1.43374382584986,3.0904275529133,3.07534139418456,3.55865722012382
3.57113067268714,-0.208529119006178,-11.6375930734968,-1.76721477387102,-2.57352736736158,3.29031145909214,3.89087532182994,0.477670701936814,3.22135783040744
4.98790493665934,0.216553981452403,-12.5689473713212,-1.78312642234088,-1.3075893078538,4.42916260283558,4.41428484838466,0.908094049449249,-0.623212603111101
6.11027824912275,-0.129596986320935,-9.86255031493167,-1.34264674387572,-0.822062239501822,5.08997655173172,1.71935662784248,0.342663218068896,-9.60994601956036E-02
8.1776448079435,1.17667463401679,-10.1120306986878,-2.842772204246,4.38854652769874,5.98093255936217,2.53220814837699,1.30079185704297,-0.236310520696135
6.9504319065938,1.93049568093406,-6.2349938761526,-2.80024387480373,6.16539243880199,3.43636863942679,2.08372675231061,0.452139569766005,-1.9483006997912
7.46509072102745,3.36271171831229,-5.49605654441236,-2.93119424212387,6.56326768090333,3.12082489333276,1.89684523552989,0.152458733784421,0.369564280480967
4.68483154789629,-0.500698649278061,-5.00532304211857,-6.09931909419567,4.16638942488966,-0.627120899594115,-2.30387916694391,-2.92545523099785,3.9867367533879
8.40277472406666,0.350138516336127,-1.65779868959149,-4.20825821203993,4.65019128446418,-9.61919000923442E-02,-1.87601688580098,0.868475440833734,3.90923881975288
9.68017080736906,1.19467367860616,-5.53820076385228,-2.16605909804581,2.76801382105429,-0.236870270064699,-0.845887638740238,1.16207685245047,2.61535201855845
7.79508061409783,-1.6012766191603,-6.77818742089914,-3.14312441534145,1.04495680404996,-1.98701370164531,0.760468827381276,-1.28597369724317,3.04407637704286
8.4724384091031,0.638183672373994,-6.03724974504858,0.993505447909398,2.59299017766089,0.368203531748156,2.35199398851376,2.45826847726907,-0.150287155815574
8.79448431784492,1.26960935916988,-3.74004201815098,1.96546833175144,2.89807932259063,3.83388966502789,1.85082489948704,0.654800627072924,-0.606810353101777
9.13087177316971,1.622936944562,-0.883410918324155,2.87769784172662,2.40002115954296,3.76216673719848,3.86690647482015,0.7945408379179,0.454401184934401
8.52653257871358,1.32358469089003E-02,-1.41041184661242,6.60468760754126,1.87419592230028,2.54869468077784,1.36117449611131,-8.41799863406137E-02,0.158830162906804
7.6358257414745,-0.975638410355556,-0.771112131665797,7.12798111736496,0.874710298939448,2.95414980081383,-0.147387083337795,-0.864564086680696,1.95341286539715
6.98973283878944,-2.2082459818309,-0.705262592055051,6.7671880879428,3.05434607321399,-0.150513358060525,-1.61801859915068,-0.662258775466319,2.40015051335807
5.88733905579399,-2.86212446351931,3.42703862660945,7.27789699570816,2.39914163090129,-0.610515021459233,-1.33100858369098,0.198497854077256,2.08583690987125
7.66881342187163,-1.30701056877603,4.0137125524621,8.65249422061201,3.07110621962201,0.452345720619904,1.38863290485996,1.84255841262987,0.852031869572776
8.06053462028428,-1.72427463645927,4.04533224795302,5.39641930214979,3.93855619750398,0.1585782927461,1.66560066814321,-0.379530713972337,0.392745571701178
7.98868636077938,-0.570395977372715,4.89838675885187,5.80819191284308,2.41462392625184,1.91598575319506,2.3674837628326,0.9108527131783,-3.34276136601718
7.80912884852621,-1.43258353237618,5.69463765453162,4.73293262290349,1.55227171316832,2.34389354051288,0.312869104175965,-0.223102968581853,-3.82057271844405
7.8470528882536,-1.75208105608341,2.11101067855041,4.30137475826117,0.655847977802069,2.04321870007568,0.581749768771555,-0.108782477087359,-4.41856554275625
7.93767655090671,-1.50221651341656,3.27803798096252,3.66233806920535,1.37637912039141,0.844833617903375,0.311721674838266,0.641718489742423,-4.89042748163349
7.66675091089067,-1.74754112171185,3.38029948821634,2.41307049135443,1.40161327688971,0.391209115225041,-0.300646574419243,-0.838756555253684,-2.83639771698154
5.34469865285199,-5.64707539910478,-1.8538187256825,-0.588496678190936,-0.808505565249425,-3.45836629854013,-3.11588941031116,-2.91864006329319,0.293706445284974
5.98798146460209,-7.15162894272911,-3.46528979297773,1.565902727367,-1.7372842039767,-3.97233881135484,-4.53014731165776,-0.721002963698785,-0.500499407806048
7.51814383109743,-7.31471299758082,-0.727952496151309,-2.63910270508037E-02,-4.40895095667473,-4.62282823839895,-4.42269628326369,-0.735100065977574,0.382120079173084
6.05212159142689,-7.0073730037167,1.28190347568775,-1.05187454364786,-3.85943530367662,-5.14188777442891,-1.31045121904355,0.148777662488816,-0.724673485185371
9.65876761841798,-5.81238450825581,2.69160114231833,1.52110416881167,-3.45892693606161,-2.91919777605576,0.715303706031843,1.29296563832727,-3.79869619642673
9.61151934298681,-5.96606872703696,3.8837259563432,-0.664577480008642,-2.92576183272099,0.292846336719248,1.72898206181111,0.293386643613576,-3.23751891074129
7.88809654415798,-7.95172792100933,-0.388919363686227,-2.87328579264948,-4.38178826110807,-0.503017004936921,8.17334064728475E-02,-1.52495885902358,-2.96105320899616
7.94632342872792,-7.26222100506641,-1.17212104614542,-3.54101054361222,-4.89771326851979,0.380665479939753,-1.07462686567164,0.150623031630837,-1.86827331233739
4.82328804242636,-8.36416322422594,-2.0555103936825,-4.45167034413347,-5.02845198002555,-0.729963335932448,-2.34970773816436,-0.964436407474385,-2.0040811586509
2.50722425321219,-11.4100953657753,-6.88402327533277,-5.48367290609315,-3.94925842266248,-3.94869512806502,-2.68860511358836,-1.86112534994677,-0.441622964394144
1.25524881622443,-10.6690565532029,-6.38959617618153,-3.87630662020905,-2.30557044581435,-3.34584115071919,-1.94708746538014,0.871638524077556,1.62880818368622
-0.234593164577003,-11.7737504380957,-8.0061276865157,-5.36907440277668,-2.81398740545613,-3.05140699370273,-2.22100371957355,-1.23571242835017,4.04517755593492
0.485030474872187,-10.5540175481682,-6.80047330937018,-5.99171708602174,-1.66718760465271,-1.9038422897457,0.91368801768213,1.26253041905741,4.39094907459087
-6.03813619100918E-02,-12.5480370414261,-6.98448706879525,-6.75706941599373,-4.13640544673743,-2.04506593983308,-1.06147048367165,-1.10435817998161,4.764484472961
-1.19835014682334,-12.9125340183204,-6.3996876821147,-8.02125119523828,-4.71701849578201,-0.443581924036591,-8.99611300023151E-02,-0.262528077491039,6.36913484551014
0.686244883382325,-10.0964259223648,-2.98728056921514,-4.66470701354359,-0.162083459245628,1.60270322243894,1.56094612785362,2.89112936457789,3.63121892255708
1.54136196199024,-10.2272109878408,-0.21786610742266,-3.38480261656653,0.805724282563101,3.88790489954253,3.72219626422106,1.11540927316389,2.81215703745558
3.66623714785249,-9.00011228085185,1.69971822852896,-2.398532863536,3.31495848281836,4.20625457811806,5.50069239858632,1.58957605958371,2.74606883350889
4.48747643415028,-8.42122273094532,1.10422838674926,-2.30218152437382,4.37543765149475,4.54780500942634,1.96337193643954,-0.743872879073523,3.88311338540263
6.14946808510638,-7.10265957446808,6.16702127659575,1.84148936170212,4.74042553191489,5.9877659574468,2.0968085106383,1.25,3.17021276595744
4.94130870455004,-7.28790015587389,7.79369505975166,2.8613994719374,6.20950724760623,3.50398167686387,0.839280223101157,0.325532569162422,3.28554614185584
5.60628639673631,-7.51397740363783,8.34575182049737,3.88619381295116,5.32145386135683,2.73523785366266,1.89395140408171,0.327636682625734,3.35510531934008
6.66087309475612,-6.42618139430808,10.0605202766344,5.21213319664667,7.78489542949623,2.6726753292709,2.16842642076944,1.52627662397811,3.52609969453652
8.45851114026309,-6.57164042124039,10.0544957715222,4.31506955858944,8.3563639757543,3.73796400479106,2.20108991543043,0.358811359594307,3.13804385587398
8.87657248917302,-5.64497834605074,7.72736646731284,4.5782635594968,6.16364198803877,3.07279851515776,2.43658486285832,0.567642812951124,2.22520107238606
8.23362130475178,-2.9844310639543,7.68950418610858,6.4221219540991,5.51970884600972,3.18103187191687,1.35721288838925,0.436833649023925,1.74733459609571
8.4368273316188,-2.64644677707163,7.21126069239146,6.65088479060041,4.37256816799006,3.24619215371479,1.3927590843785,0.394717332283482,3.47729608401548
10.3808628602162,-2.68720186183983,8.46473613044943,9.10411524909146,6.68181338373303,3.40600071377229,2.50473753788774,1.68892597377139,1.08372749983663
9.91398162997521,-0.579153490757183,7.24344053370603,10.75053667218,5.48536782782249,3.04256677609584,2.06122336120174,-1.60875969654853E-02,1.17238362885915
10.0420625794347,-2.46323306905525,6.52373459218463,9.6774193548387,4.87300530573543,2.17676370312091,1.358207750812,-0.320260646775198,1.32744255482257
10.5652952601973,0.664934540776433,6.35219332542946,10.7524657568802,4.5309386272482,1.71732714476706,-0.367277955755113,-3.07746638750801E-02,0.801654768811638
11.5690963712546,3.24037473318049,10.8882125069175,11.4732389912246,5.04832397818009,3.36044351332121,1.71604474662029,2.05994545023321,-1.34595620207131
10.5231751525368,5.82996434591917,9.53311553016176,11.8807154685006,4.09748432364159,1.07210876235088,1.40378619485925,-0.638988756781481,-1.773255958508
10.950442996775,8.0991636976193,8.53495525310197,12.1743364986608,3.61900786611212,1.15879806999499,1.50464860889571,0.071555283910499,0.606232266463929
9.95430744420332,3.30847950305613,9.54566269138113,9.40878412009477,3.03472236048341,1.31005236227527,-0.734664622613335,-0.166742986839754,-0.127421506361118
10.0013012752497,2.88082320674261,6.75361854617526,7.88072310864648,2.11257031891254,0.795279373786304,-0.648135172469022,-0.552541490660846,0.680166563231975
9.80566963838525,1.05278974256236,6.07132124611839,6.32525292998097,0.359110487829302,-1.3643193428829,-0.792847841330269,-7.21226084343411E-02,1.52409095462286
9.97605463390927,1.50911493269479,4.29953476128038,6.01570370520368,-0.697604957146399,-1.80526798053996,-1.70857527602983,-1.07678210729346,2.61475297798343
10.7313435047391,5.80501128601276,6.70838622365569,7.14352745933825,2.06803218365825,0.602579236700041,1.31332638556181,2.43501281715672,0.835708252865948
8.85762414528637,4.53870382552877,6.67324522058091,5.99944181966788,1.21454059765165,-0.127584075912522,0.494388294161039,-0.902557662021815,2.52825787931344
8.55624543280823,6.19249066677272,7.52275517863624,5.93001695142746,-0.606970466735921,0.675571551428451,1.80450679299872,0.254022857086051,2.13160471856157
8.63529400156879,7.57808221881274,8.04280153722441,5.19775237662984,0.791305506085256,1.50121113155701,0.118399826346915,0.759732219059405,3.48786155113639
7.75241985614067,11.192019654856,6.31431982555329,4.85401927991396,0.717816653346355,2.54812578318484,1.00938341769529,-2.46672389465878E-03,3.80714165901983
8.0022531899782,10.716367465896,7.33462320295854,4.99375474516911,1.59045823026622,0.828782052851992,1.46555313364845,0.71367343440033,1.38032377360339
9.00376716490461,11.7618179608701,7.19650018228217,5.30514035727306,2.87811398711873,2.46591323368575,1.46895126989914,0.763154696803988,1.3853445133066
8.55970523385139,11.6246696292547,7.27959464787225,4.80309173476889,2.81867695946967,2.08711566261542,1.33997887574167,-0.133365133292113,1.73228653060826
11.3179484490378,14.3612381002322,9.28861197580241,5.16272351541905,5.83487865454563,3.3703098110815,2.67813302951286,2.06032234844331,0.308905340534769
10.3343392818953,11.4744671244921,8.98129886177316,5.46729083002639,3.77919825107526,3.66751419813227,2.22892854596869,0.30511132761448,0.446736211771979
8.75959666236659,10.500886589072,8.23730631531649,4.20199736197475,3.05402153904133,1.36153024790673,0.735361617215762,-1.66301884786905,2.3829195112406
9.94030924128011,12.0201366414959,11.5243917056215,4.96703823564664,3.55363778017499,1.36641495864797,-0.574373726477287,0.768069039913699,1.92400815054537
10.2090809052198,10.0717669011052,12.3405578680446,3.17018324482082,3.01755896847041,1.70278934022294,-0.672216640352145,0.208124013205105,1.89608152719966
10.0569810047476,9.91108301928039,13.5637602710756,4.43016619063687,3.67026104808931,0.307954054015522,1.63861971951469,0.67056044786405,0.961881181060815
10.7548910600648,13.3192969175085,13.8175108230229,4.78436753329706,3.40659080693621,0.444749355350008,1.31532256156704,0.441910529677564,0.703555629154734
12.1403459097237,15.1431065807791,12.9152214435714,5.18958967461835,2.91640121752673,2.3274580590359,1.36617824024918,0.259550270168236,1.5417286047993
11.2776826537716,15.5314505052026,12.9395826669426,6.01350969951268,3.35719796037405,1.88768886296499,1.01934257813235,0.32127871751933,1.52783788360585
11.4197574340409,16.4720410568476,14.4022951266123,6.25102712550418,1.50253788038859,1.86079925624375,0.759720715771475,0.180774088734248,2.72663670981768
12.2351667490409,13.8558215067429,14.0601096754454,7.0192285062016,0.955541434253559,0.952717173856753,0.254183435712756,-0.248534914919165,2.93064087175505
10.9442685184315,13.2149669708046,15.0397947773466,4.87638717922214,2.75744448933951,0.698640305954647,0.119337348831526,0.186523336559526,2.40929891656721
13.1880542077965,14.2323350621828,17.4953060807168,6.74808990017288,3.06591935753722,1.51832022753888,1.02197311917907,1.08285464651533,2.04766419422603
14.2603643507107,12.0869549102096,17.0258900276136,6.79821716488445,3.16258640819883,1.50484627216961,1.57110027984212,0.307640986675083,0.926629477936952
17.9623365938386,12.9120577749337,19.1416034372429,7.34847792302771,3.82073315659567,2.65426455800348,2.71414206051742,1.34564402596216,-1.55315842398757
17.5752614658551,12.6244449424021,18.0668675773193,7.30458085434283,3.34566540602091,2.84719967439671,1.60012072931483,-4.98465731624287E-02,-1.14555656671439
17.2427398265816,12.213607377162,18.701197412488,6.33802816901408,2.78249300362434,2.35261733266045,0.979033811992462,-0.321603890443649,-1.49745377804284
17.1638324422301,13.6598384173278,19.5078741950469,6.30891983714216,3.18337902704279,2.00657625080839,0.363424386778275,0.732313801929172,-4.65210540218055
18.6957160432619,13.6717530619365,16.4486127178244,5.68546980297104,2.2324133751997,0.918121889862098,-0.383315889017422,-0.799684166069891,-3.59720156447971
19.1650184323667,12.9723003779332,14.543462313471,2.60421019398093,1.36362370114496,-1.57766201446732,-1.20158601925879,-1.13937097807616,-1.34783779517324
18.5477827225373,14.667894118409,13.4780677812422,2.66045539076449,1.53770713248151,-1.15883163864808,-1.57841658725241,0.362684233413196,-1.48265684705272
17.2393878140341,14.3703482902201,13.5329240915484,3.60166925935931,-0.217040976963841,-1.52021834508583,-1.4578074203795,-0.67999962739746,-0.962246048084351
14.7557113721145,12.3054216838696,10.2038086959014,0.376379780572504,-3.09175928889059,-4.87908560729451,-2.8749110396775,-2.55202686243509,1.65072147418598
17.4766666666667,15.9971428571429,10.1838095238095,0.471428571428576,-4.18095238095239,-3.73142857142858,-2.93619047619047,0.303333333333328,1.82095238095237
17.8215258919705,18.1500289440368,10.9399046494006,0.968566305376057,-2.91417034153964,-1.36625266496925,-1.0481035772947,1.16670353305503,1.01610041462922
18.5353186733721,18.5573884420152,9.76422913115547,0.754128690229664,-2.35207385389812,-1.50497039364014,1.68951122505999,0.226332520978027,0.639084151558251
17.5206922498119,18.7199021820918,9.3025771256584,0.345654627539499,-3.26279157261099,-0.971595184349128,1.24153498871332,-0.150959367945826,-0.317437923250564
17.7817770029932,18.490360353164,8.86152082285887,0.108542940244994,-2.35740229960671,1.62391515795112,0.159760171789177,8.41090316184158E-02,0.980645525070595
16.9531951511523,16.2993864112541,8.89189239748578,0.397990870996697,-0.728636635737821,1.78838671056569,0.403602963184659,0.47001272074228,1.33661328943432
17.1111359591498,16.216606565473,8.87773833151633,1.02172029184023,-0.711896309134438,1.00587966716053,0.930869650294916,0.379243190860907,1.41540640520318
15.9181045342989,15.3241384458898,7.17565158966414,0.690549733578435,-0.179169660604145,0.635025802297462,0.701281249708371,-0.147441699872169,2.21069232276668
14.5679711273088,14.0881749345411,6.15856391385371,-1.51298563442076,1.2275611539641,-0.318448800509518,-0.877031585403236,-1.11197603377915,4.42337178307738
15.1540673596828,14.1471154830484,7.73826696323043,-0.432747340697802,2.28285855211115,0.971122258103538,0.124705685276346,1.36850529999162,2.18328013177855
15.8527242687441,14.4640533131501,8.52262762942931,-0.968239170766377,1.93970888214066,1.31898357962361,1.08915369066191,0.819634302803196,2.00339668269629
16.4983737297635,14.7246366158878,7.02511990297508,-0.457101380032701,2.16606332347159,1.39565225380842,2.62362410187619,0.456641981660819,1.30285378268618
18.1128457956724,17.6718707203506,8.1991235278006,0.497580571532918,2.93070391673513,2.16287775038803,1.8962841230713,0.63179037706563,1.60549621108372
18.1123244224974,17.8064615231701,9.08010716496265,0.796508554673542,3.85016784057178,4.23599784947207,2.10489696893028,1.03053659285898,-2.71074947704878E-03
17.4441479430596,16.1800198544613,8.51100647546882,0.802375249319206,2.6293499940801,2.13663148116103,0.875235657883943,-0.79372307580214,0.590624686927923
17.7153508910837,17.7777878320356,9.60035833374807,2.552223071807,2.88883962302565,1.96404899037656,0.888142862959968,0.644729281567982,-0.230745216561168
16.2675954143085,15.510267014947,9.45617472065012,1.97086779857786,2.80710346829198,1.28609780873602,-0.375943259323754,-0.231733420403431,0.597246408358732
16.8283335654627,15.7424172308909,11.2518364431186,3.5363042902007,4.76778822609703,1.58012732672289,1.33841322328902,0.92776881708353,-0.122654182597484
16.3453588451894,14.5910045858088,8.5264418189622,5.40899541419115,2.90464680235841,-2.71082296066801E-03,0.14096279395486,-0.561140352858792,0.958727720423804
15.8097738744652,14.4928585979764,9.16408248262749,4.93220760995042,1.90724099685369,0.587156793951869,0.173385545168516,-0.199189660245822,1.22048937277892
14.3560697101758,15.0789295869178,8.77499285756395,3.6433226159002,1.28654546443973,-0.231278881517185,-0.935999238140149,-0.173232417136391,1.14006883947885
14.7591162562154,16.1381063792381,8.62195655211897,3.99767388393762,1.24825879393587,0.593700553128765,0.222694057134101,0.593249755442249,0.521572923287765
14.4693752699007,16.1508564848136,8.8194544407658,4.34720023031524,0.433190585864407,-0.122804807830719,0.633816755434007,0.213671368936231,0.197027493882256
14.196019815893,15.017654403308,8.63790348926192,4.76064746237532,1.72695417910382,0.949623417480779,1.31747942557181,0.515982940789512,-0.13112142380862
13.9585224807796,15.3897070991229,7.99048262228801,4.36824380229974,1.1485256562205,1.20577304095424,0.788046030475283,5.99308558931125E-02,-0.455742851903702
13.7131378711994,14.3960148322849,7.88066018912507,3.7614279885395,1.12766615701238,1.1272177808068,0.324175996628212,-0.252884179942333,-0.556434871114253
13.8919035275757,14.5708699200847,5.92548411111012,3.88544572304989,0.1834195868799,0.518866655305722,-0.211224023032838,-1.83868045527457E-02,1.09289372426968
13.2521033303104,14.570220254824,5.53420549335105,4.83833313878837,0.631672517980451,0.196640058902233,-0.38115847033787,-0.109543777105353,1.0792755744314
13.237798211181,14.1810507071033,7.25520245200838,3.7004176300837,1.01674105142407,-0.131293577817224,6.13898299008752E-02,0.189098600132629,1.73683927515192
12.6601728878745,14.6685117624858,6.28875150513092,2.64633466923061,0.925093902197927,-0.457829376561295,-0.18600722462845,-0.265981345362403,2.3268874791079
12.869613050418,16.7945677364667,5.76050787696249,1.8531377093234,-1.93880587593372E-02,-0.559548393496427,-0.431046143579845,-0.354395678717307,2.65300785441821
13.5141489555192,18.7230229390967,6.65504407269888,2.82269333652733,1.38362101471456,1.08107868318672,1.00211602187887,1.61341123132954,1.33748552720885
12.8032476704005,19.2168637239836,6.12535865616089,1.69001447949331,0.750179883275735,1.06775159230011,1.14325815248773,-0.123031277482166,1.65537029305428
14.031007751938,19.7714059196617,6.66622621564482,3.27783650458069,1.51911557434814,1.70718816067654,2.31412966878083,0.834214235377028,1.51867512332629
14.4174998133927,18.9742306290642,6.65770951609434,2.95410338483696,2.07419506390752,2.27397464775129,1.02216894766654,0.312183042006407,1.2302909756708
14.2341986208108,18.7069003382088,6.45539596784819,3.14402424561866,2.05736372820309,2.58444239469406,1.10862212851934,-3.55778099881583E-02,2.05253217376027
14.146508024059,20.1971650951243,7.00102434796314,2.56568521874645,2.49345555468005,1.31983295248602,0.611982244635307,0.336196254563614,1.94407235223561
14.0151962005129,20.228685777702,7.00432117375138,3.29352959938482,2.4943964556763,1.62841401126389,0.490228205161806,0.190061737295352,0.63747143612397
15.035056054979,21.5442886397557,6.64503141161363,4.16203880462325,3.43445211898235,1.49595640553955,1.22262330359933,0.700687237513454,-0.815660685154983
15.0060940434521,22.9994838497005,6.38334786361488,4.35474706466626,3.8025963661284,1.21533877242977,0.917359565913265,2.81930835859907E-02,-1.61394560036087
14.8745604558777,22.9208540821114,5.83749026224159,4.52520626831882,2.97835527646625,2.0112506079374,1.49348161984651,0.770412708796892,-0.991637363725181
14.8935713396227,24.036946225293,6.10102241936799,4.54098480326693,3.32060855637477,1.9069989135989,1.02671344346205,0.230162444874812,-1.06321308490674
14.1543511105708,22.214889811229,5.36703540975637,2.98482190924405,1.42924126912457,0.633433478630852,-0.095948457009883,-1.10579511314102,0.471927478596109
13.3569253919373,22.4843400055991,3.94999300111981,2.19458636618141,0.374877519596852,-0.82236842105264,-1.6338010918253,-0.754129339305721,1.92425461926093
12.0745750158708,22.0819813782888,3.9659307328772,1.67745291669606,-0.369436411088367,-1.64042110460605,-2.66584961557451,-0.782958312760094,9.65472243775153E-02
13.2473189328766,20.8808071674803,6.37152830606983,3.06600185185989,0.695968944396375,-1.00156929911884,-0.127369706875803,1.39411143327869,-0.803342042001575
13.0302122802221,20.1147554502329,6.17917301424028,3.32504351071818,0.664053853465458,-1.07463878508525,0.779069716974183,0.157984054027089,0.907974288529213
12.3313124678613,19.1807932797221,7.22196535288806,3.56712283779639,0.402300588974974,0.469710784334903,1.98211901356414,0.439030503113394,0.298160479476624
12.5073495646054,20.3242821031128,10.1473346294317,4.47840622813908,1.0531872433017,1.88792611380775,1.27378147437632,0.681524589390023,-0.300420159051016
11.3485516469868,17.1992195586014,7.50976652822495,2.31886228204236,-2.33075388348871,9.64541006205678E-02,-1.47632029808281,-2.62319919313282,2.98126852557353
11.7612000473288,17.3438040939388,6.88545998746664,1.21301891836224,-2.05441932416266,-0.80984789058289,-1.41460443225194,0.499581490943974,2.9488454847036
12.9615690660014,18.6072818770296,8.40190111615302,3.16092819200412,0.930342588012631,0.899804296866583,-0.220219789672911,1.85122260693778,1.66283145874106
12.3459236824078,17.208294378934,8.38786949235058,2.18388774239689,1.5083430629575,0.297274125518618,2.17914858967123,-0.166301177464022,1.71729661495244
11.9630488965033,16.9809777578807,8.38889917221608,1.96119789760963,2.35679510303176,-0.301325401300865,1.7717933596491,8.52320420822454E-02,1.77695893795709
12.0977675134719,17.0473013429134,8.55187751261654,2.63022838080575,1.61705585493114,2.89496193653236,0.566675220254897,0.647078949619351,1.75134719014628
12.7749872296952,17.0734718201941,8.63357738804698,2.75923718712752,1.92278222373572,2.86437936318747,1.19657755831771,0.468244508768943,1.54946364719905
15.1192455608159,17.2524232001049,9.32429630945885,3.16803533577875,2.09086947508261,1.63563362822125,1.71517297692936,0.609660646214913,0.774662486620041
14.9668565619772,15.7360384590948,10.2204621021199,2.37489146318218,1.30794807175076,1.6883034371757,0.963595162964061,-0.112666511361965,1.56674220123256
13.5961257850995,15.8707467168566,9.10567386385264,2.48778734112969,3.96895552688898,1.7459344005752,0.640768075792505,0.143802736481489,1.40503732526911
15.909883782023,16.660992371225,8.92461593426223,2.34201290376816,4.08717399071098,1.72120295063364,0.653174453060966,0.622070907677119,0.559863816909388
14.8390342052314,16.9118879946345,8.75419181757209,2.38137156270959,2.54233735747821,1.52582159624414,1.03328303152247,0.270372233400395,-2.62994634473507
17.3368543024115,15.0332504870021,8.03217572378586,3.29985893732787,2.55382212668771,0.768707597232482,0.737640223013374,-0.154497212332901,-3.39977833008665
18.3357381752671,16.1367673920115,7.69535517986272,4.66483731869855,3.12226327597854,1.54257404272001,0.783589247437382,0.66807342969382,-3.52927929806418
21.0137764486543,16.0637645616186,8.40809653107105,5.39087492753079,2.47625721042557,1.38556955584197,0.499255496189903,-1.54322918621726E-02,-2.13883223430391
22.6974632910757,16.0248613357743,7.61723239998829,3.84874209498969,1.80859112130978,0.556746793063224,0.440966866878152,-0.213168817163867,-1.73377304626599
16.3699060640762,13.9836236363793,5.06875145295025,0.8106386093006,-1.7543028852363,-2.70098068760062,-3.23222234658998,-2.99673678138156,-0.327182869393761
15.6657713803924,13.2267681903918,3.26692569123924,-0.575851608473059,-2.60806453014854,-3.51943118899233,-4.19958799447183,-0.95265413265883,1.12258468278182
14.5994267953711,14.6102338208022,4.32108104836792,-0.724502984900434,-2.20636231201179,-3.65839424893335,-3.42193653250104,0.53473161833044,2.52668254578938
17.0810087414599,13.7093027716096,5.85349637086635,3.22977977999308,-1.40050888850057,-2.18557808284569,0.998597786292395,1.40562334579272,0.582621926530824
18.8809820543686,14.6521252748842,6.20419482856157,2.93833661563852,-1.47214577688549,-1.7643630980991,2.12889038234955,0.199915780160691,-0.974908442826197
17.2684709276712,13.114293859005,4.18829850643125,-0.418527508789492,-2.87915828027953,-0.328256869638827,8.42238020783961E-02,-1.54323920423622,0.962742845295991
18.8978712979796,12.882235889237,4.45811145923319,0.244115232704558,-3.05874667457463,1.11012261633079,-0.838931222252306,0.494677170498148,-0.175350378421586
21.0114008162715,14.536884001754,5.78431207204776,2.0529058589402,-1.0882214052012,2.46441461193377,0.875720983573398,1.89690356528486,-3.68797854757649
23.7224359734911,13.4921778335226,5.25644502449195,0.922049526263166,-1.3775657214529,0.579247105883154,1.8940998999983,-0.500008474719918,-2.57207749283885
21.7046738285361,11.6328117281697,4.20090461197473,-0.90761875716794,0.223790521762663,-0.984506479616146,5.58402453534551E-02,-1.36980417255494,-1.60433320303944
22.3426236871939,12.1084040983081,4.60696027892452,-1.11484246326282,1.56616970759984,0.95356249064191,-1.46349810699237,0.405552822399522,-3.33383243139185
21.8285694604101,9.68532176054489,4.10170965561483,-1.64722799857061,0.403842096879054,-0.175658396083848,-1.60460500540322,-0.6397754327956,-5.15436842626439
21.3554321036296,7.88603898804442,2.30487372443955,-3.50480893406704,-2.71419128044163,-3.82919856935854,-1.91656926222153,-1.68104750272514,-2.58504830822707
18.9865434966033,9.9827770674043,3.19842036133366,-3.47459617442133,-2.24985430094898,-2.63997981959412,-1.66531840679175,0.651079042822484,-3.40065934257109
19.1350317804009,8.9478417266187,3.18065935601032,-4.14192917510652,-1.07127889921075,-1.63049172312637,-1.39563106796118,-0.372808549277101,-1.2231962003213
18.7898850249157,7.50214637859463,0.23853568299094,-5.41241447677044,-2.97173861091688,-3.44880997689878,-1.0917764933927,-1.37633761428912,-7.34636797337541E-02
14.6792738893403,4.48303880670185,-2.20111939790375,-8.85032478880785,-7.66192912295675,-5.43448163161551,-4.37091744326979,-2.57152843661058,3.06540715488637
14.8109866800884,5.01923388039041,-2.02944401502761,-7.7443331955205,-6.05417842569791,-2.65364634825907,-2.94260394384426,1.0007909259226,3.90294979417952
17.5154317513631,4.59328161651816,-2.54111756945977,-7.71700126515597,-4.81749787264697,-3.52037531460062,-1.73564993449102,-0.187747346999402,4.29027450733205
20.5303398594599,6.04675829760904,-0.618729836036593,-2.65877049542583,-3.30799487338138,-1.23834357183895,2.63976665046184,1.83983736244308,1.78547752684846
20.472461868235,5.6790200003543,-1.17008272954348,-1.90348810430654,-2.86674697514571,-7.35176885330057E-02,1.44909564385553,-0.209924002196663,2.99296710304877
21.6507377229685,6.43250385377671,-0.802906848711738,-1.88548777802246,-0.60735520810394,2.97423475005506,2.17705351244219,0.552301255230124,2.90772957498348
20.8469393492468,7.94389491758539,0.311839072008444,-1.47918117374323,0.554909194711275,3.7563416649006,2.13616251962512,1.79880540982402,1.16344951969861
20.256350480927,7.10770346578254,0.46754390509247,-1.49501804555422,1.10690911602688,4.11378196826054,2.52119705054482,0.184340948729903,1.14662660380942
19.8697407841605,6.28457296687073,-0.882723286005815,-0.527984021536204,1.88789023490079,1.75415743997222,1.41548347878945,-0.575745734010691,1.36511658199818
18.406907642956,5.92292542807261,-0.139752487594279,-5.28909414587588E-02,5.27060381674795,2.90599172665273,0.57836029481324,0.964937175881733,0.100191783413742
18.4552240083543,6.41167205930187,1.42091657678941,-1.50822590861624,4.76263845376886,2.82556965059148,0.862821632170915,0.469929638950234,-0.178898532860829
18.3130325482366,6.81020440446517,2.26208748220385,-0.896540814625127,5.0414922680302,1.15006904689629,1.53442297743897,0.10560113553285,-0.261223861581267
18.3292643368105,6.28019736055861,3.18406091543885,0.633824458368186,3.42393252863949,1.13362812217233,0.741809366090183,0.167739402113614,-0.927901934338357
18.7917105725325,6.68996890179649,1.46281494427168,-0.128933323052945,3.28030361441654,1.34673211853299,-8.48132822740248E-02,-0.358957224977945,-0.858413220591635
19.2162792595806,7.4767920889053,1.0241121712123,0.222521017067097,2.46448470060613,0.100091499954891,-0.477689905364127,-0.286528027767877,-1.27025993719579
19.6335011190478,7.3179725082964,0.778188428788259,2.06016275500142,0.868226759391855,-0.179219153296682,-0.453621684660038,0.191653017999102,-0.673572463705979
20.9307808374198,7.96526182229691,0.120451973526283,1.44113713521484,0.708137581015739,-0.261908027845396,-7.11566818696141E-02,0.023147354343128,-0.927180137855359
20.7937342213874,9.80320354302552,2.18294143495979,1.31226359007057,0.778914172963748,-0.936592595145583,-0.288215476611036,-0.504053972548457,-0.58590889116742
20.6740116655865,9.26766040181465,1.40807949881184,2.37113847483258,-0.476992871030459,-0.865845755022681,-0.77079282782459,-0.288615251674221,-0.957442212140845
23.2450071792194,7.54949310359832,-1.15955271287472,4.14784840969414,-1.66296828090327,-1.28660314145237,-1.50459034938868,-0.704868816081444,0.368533263716651
24.928020443489,8.07293352844433,-0.192521032706994,3.94495452446011,-0.965195132584818,-0.678140229557592,-0.196405986281785,0.791235544735237,1.77542378368579
24.9579232017307,7.99783666846944,-0.511411573823696,3.9017847485127,-1.37025419145484,-0.935857220118988,-0.140616549486209,-0.232774472687944,2.85776095186588
25.1016216122518,7.7739449986566,-1.3269312439872,1.94489465153971,-1.16832352507822,-0.58936201561809,0.402152904774688,-0.159041073332239,3.29956057861482
24.3271067991659,6.72238847640404,-2.48043483950896,1.49977751991415,-1.54994459809626,-0.966697784796315,-1.05961593829885,-0.664822844778688,4.52332551017738
22.4144583118386,6.95301222055081,-2.46405146590255,1.57232840725343,-1.10847635438298,0.367180082973153,-0.194210952977541,0.625550011487918,4.63071741005823
23.7280299945711,9.09931460369166,-0.135297909880548,1.93700800760044,1.05523887079262,1.74445236156352,2.12829125950055,2.16264590119436,2.21142100977198
23.6617170739915,10.8379253775291,0.544735624447914,2.56341227442898,2.36066125436421,2.77836200731923,3.57380221259412,0.821940857275058,1.12648803264206
23.6055409192355,9.84427701240078,0.191717147987167,3.38210863692044,2.90386454784957,3.19416710016277,3.22814760122832,0.269326934371471,0.860839360327554
22.9963731672809,9.56624082336198,0.435303397703714,2.9419498086418,4.07883039861771,4.32757519730554,1.59722541036631,0.513766522122027,-0.134806325463371
23.2094100489313,9.81235421094718,1.31215326546763,3.19316868233628,4.01725230880141,4.42577239713457,1.50356937176571,0.72754693216329,-1.08054806325846
22.9743972778953,9.09996265405204,0.496286152952406,2.94244574463672,4.09353085190257,2.16357525208514,1.08635213079382,-0.15311838665505,-1.43947881654841
24.9825296995108,7.93110046254701,0.270789657582101,2.54400851885128,4.01400951715417,1.1139396359522,0.334847426042383,-0.242088449635626,-0.869355429103861
24.3303497155026,8.66219678567862,0.489551791834425,2.89904502046384,4.65427744318369,0.853492163843875,-0.38889628323297,6.65490965959532E-03,-0.551941569893188
23.074640588432,7.62997325309262,2.92293547308593,2.71355733868273,3.59536944165832,-0.134988298228018,-0.714643931795382,-0.478100969575376,0.7752423938482
23.8830413275756,7.63933973051423,3.62595339914807,2.31077566167262,1.246068079296,-1.09235144564839,-0.694028506686871,-0.221569752587422,0.233297452157256
21.5606199030823,6.2916542116276,2.6060853566632,1.78215820916887,-8.79922196353226E-02,-1.46050243978427,-1.22220772058049,-0.517848948093018,1.37587834338858
21.3076645490479,7.12619273407799,1.54793175504997,2.60156597487391,-2.26588004263196E-02,-0.876979497981692,-0.403662333520772,0.334427109995879,-0.165325321629086
20.9358544858363,7.61280986377914,1.67212470252659,3.19828354182611,-0.211629589664463,-0.555004872499445,0.144711142339702,0.325809190412258,-2.2216924511809
21.6700188690982,8.55205590229539,3.9849047214216,4.68824517386525,-9.28940220208695E-02,0.769278619860233,1.49874551599726,0.845169718207648,-2.81336180977459
21.7485416283618,7.30397646547545,2.77090611262473,3.19462784361575,-0.702859912748432,0.232754441974347,0.413692814281181,-0.763451284537081,-1.25904691861535
22.741487360303,7.67684570308444,1.50048382608839,4.01347237622981,0.158229819468495,1.35720485570353,0.702689906930967,0.615061319246309,-1.58728181104618
21.655654746894,6.08051310502512,0.8103427985407,3.01188614851801,-1.05075570350196,-0.165599098871911,-1.34959062557792,-1.20416603621325,-1.16886064457558
18.7719485852386,4.36041662211006,0.418333083816316,1.94666039309621,-2.35045019997007,-2.2721731505443,-2.36242701627564,-1.7704300960284,-0.901255426994876
19.2745070428545,4.83206813711058,0.2543193756374,1.56773386928156,-1.87752559195395,-2.89480309450353,-2.74716130931806,0.24151806478318,-1.70513460578363
19.2026915508157,5.63236632175881,1.70380245032691,0.219640703358074,-0.518842971709102,-1.27510103895555,-0.6893924966673,0.82270043801179,-2.20063903171883
19.6111694877346,6.00294555782029,3.60303333375534,-0.321985761730541,-0.570121578110022,-1.61288280646671,1.34280300632578,0.283583790148006,-1.8458266340883
19.0756263210047,5.09434684426073,2.21864992791619,-1.3732069421586,-1.68152996261849,-1.18268457917097,0.336816320281685,-0.775698192163927,-0.652368983979948
17.3348354181234,3.93045520075279,1.12483705833098,-3.42069596595274,-4.08195858044353,-0.909451911705026,-1.99285214824021,-1.49561028669099,2.40678873263753
17.5516051312105,3.71991057281153,1.9070564997504,-4.77697466953181,-3.88660979792059,-1.73471381129127,-2.87035228234681,-0.574330924008596,0.821775086279865
20.1462601960233,2.45440186936108,4.67253726822303,-4.28178887470522,-4.19481165754344,-2.25015686189662,-1.75166057249183,0.320214630346811,0.681537895670612
21.2284978481726,3.2017300606639,4.32902107974015,-3.35994634404303,-2.29198643123396,-1.88053810733772,0.393391030684485,0.644043457885664,-1.44544332804512
22.1434105706544,2.81196358017029,4.92361167592002,-2.91726774225307,-7.53395631161369E-02,-0.656652783069132,1.39292578624967,0.434914750715953,-2.63731277476468
23.2253196995625,4.00541192140068,4.6296374349853,-0.853937130670093,1.22358316403516,2.3502238107682,2.59595201766883,1.53632815463595,-4.36578519224122
20.5431263132514,1.97116875064587,2.77806482725362,-2.80002411215598,-1.74253384313319,0.815076986669415,-0.148548103751155,-2.15545451414005,-2.99636595363578
20.4538616925259,1.81888511625907,2.41543817423818,-2.08492715004084,-1.84682167877252,0.676924399363906,-0.403575880001733,0.181372759702574,-3.01070185240898
20.4732344229184,0.156174339421803,-0.862885037364065,-3.96412352605014,-2.57905780631764,-1.46664281881595,-3.49996291950042,-1.50023338902678,-3.10690962391648
19.7289050684112,-1.33656923780381,-1.84129998944814,-5.1216102142028,-1.85976574865465,-2.70875101122015,-2.11037248074285,-0.783915444409268,-2.29503007280784
20.302253014597,-1.61175163951767,-1.50465411466046,-6.27556237218813,-1.52448698963402,-4.56508708835766,-2.54477822438473,-0.243283266342288,-0.820640293350252
21.2003249159968,-3.13108940072529,-3.22474688067327,-6.22267398763366,-2.57713425866331,-3.08892134103308,-1.74975254007076,-0.713306020267308,-1.94772048346789
20.6398865575078,-3.19677397912835,-3.53931712937318,-6.70196973389758,-3.07003744488511,-3.10415881948905,-0.790109232712203,0.166618660403705,-2.51346021757917
20.3535201185004,-3.70223628938944,-5.30820453020812,-7.12037783250565,-5.17763800656434,-3.20653372893488,-2.15524809890639,-1.60101571750807,-1.26649527934483
19.3782961642997,-2.87092535594073,-5.42865885486977,-5.20051478661553,-6.76152420037078,-2.34893892758787,-1.37741418723112,5.35486077362013E-02,-0.806379034145115
21.2532328448146,-0.798990374787811,-3.74165681630331,-4.14026324910903,-3.20573779962138,-0.827430521610063,-0.280402072575697,1.24692268723837,6.57678395264724E-02
19.9899502492067,-4.13669471844852,-5.38069089773245,-6.96873259967133,-5.32772599490267,-1.98641020185511,-0.546851304430488,-1.87097387517485,1.21049700997278
17.2678221579778,-4.73196874446007,-6.01882787179593,-7.71570004500144,-4.19922452078021,-2.57826385384991,-1.01594141631781,-0.412740405376552,2.50553426699942
16.0686925434117,-5.52814460820079,-6.38041733547352,-7.2263059973734,-3.71735006566467,-1.28274113526923,-2.61655479352109,-0.317835254632998,1.09897125346563
15.1540583207825,-5.70278901812771,-5.29949735977788,-5.09989293944728,-2.93055580758133,-0.812934366437427,-0.210945580576679,0.51715690722024,2.17205901032498
17.555577266389,-0.829995292696577,-2.78352621435105,-2.29725288877441,-4.75171194855587E-02,6.57246138678943E-02,2.30435825243582,2.10762849606097,1.50678118144434
15.9118863915912,-2.06463155540646,-2.79771888627978,-3.36352454433634,-0.934809348093485,1.19601923291959,1.91389913899139,-0.718774460471885,2.62462260986246
16.3592824992794,-3.09970954080839,-2.73075985011418,-3.14316755726036,1.50595330480477,2.44429170084922,2.24784372852043,0.855856854615205,3.10503093057804
14.6464236421206,-4.69225009697528,-4.24841907751707,-5.36882177297864,-0.235446943249179,1.08702515944539,-1.56784209719179,-1.71353053142451,6.50997266650429
14.6773878449899,-3.14486910808797,-2.45710936667496,-5.34134905693888,8.43604589208804E-02,2.12588356480658,0.732159982950298,1.5620004972827,5.28229673569425
15.6255058514711,-2.29465164606802,-0.288307995187582,-1.60691239199388,3.35732254183527,1.48441430602646,1.34310401399977,1.46603959313137,4.0612490429837
15.4648431200778,-2.38708524557297,-0.537824209062824,-1.4064495321278,4.11866999646971,2.55749794066499,3.37207933996678,0.378307466342396,5.1629380717651
16.2128452046605,-1.65758450283217,-1.40597917482055,1.40898983686514,5.68197946728486,3.0115222337392,3.13237881010036,1.31780978637204,3.47602437776066
17.1746301966215,1.86330932205207E-02,-0.673755711678304,3.68045939044376,6.64989688276819,6.11207805572142,3.20319811636366,1.53807714947551,2.58322428739059E-02
16.100640601212,0.2893037731791,-0.527578746715802,4.31214443258927,5.03498213992012,5.01726966401121,3.23800928639809,0.414134555775328,-1.15637164148262
16.3740551085101,-2.39638776076551E-02,-0.733630989918366,5.28424522193914,6.00484322579018,3.90274869880348,2.24966156278115,0.309848733277833,-1.09939543761404
17.8263410267356,1.13100887317698,-2.90108542038913E-02,6.47522265830601,6.54153318220058,4.90946541284518,2.13436998785689,1.42194629676446,-3.64003332103825
17.6126090552768,0.996304901720353,-0.166674286854354,7.68114917972142,7.84865475977704,3.35925582632621,1.44146241099966,-0.290952620443994,-2.0458125683219
14.3166807790009,-1.52159187129551,-1.78154106689246,5.91532599491955,4.64690939881457,2.58255715495397E-02,-0.701947502116847,-1.85817104149026,-0.761642675698551
14.199224333238,-2.2945741726008,-2.57915598240456,3.987131952948,2.47633107061639,-1.16990003370609,-2.94821635044095,-0.77694674010897,2.32017373570158
14.453139944653,-1.70206977465854,-1.7160978222519,6.09667450253566,2.46553563761727,-1.11161649868434,-2.27254371012103,0.367279791534706,1.50355164659524
13.5901869199074,9.46212140761881E-02,-2.68595219048112,5.38179659879745,-4.3009642762846E-04,-3.77753692377831,-1.58877620362486,-1.1771739223934,3.40550351388781
15.2176588151926,2.36477741898526,-0.786703271989713,6.94666627062762,-0.20028260214624,-2.08854018594032,0.546533880432988,1.34129937581418,3.09037752421849
14.8211825034876,1.30972137490882,-1.67106795619471,5.95773908814382,-1.16040460578239,-0.767488193309746,-0.359213484584094,-0.540100084897242,3.41892739365446
17.6317775637257,2.16331619526556,0.300228924554985,6.10256987619726,0.816872865559995,2.26756234962493,3.0485745380853,2.25838868804129,1.30432788334437
15.2093977720077,1.54158639752075,-0.986263506156283,6.36778624675434,-1.05075801993465,1.48127983918253,1.30371052851998,-0.434290979143977,-0.864394002847823
16.5424416863541,3.70096163444579,0.46417994875719,6.20528732572454,-6.86287558646429E-02,3.29334841779522,2.50515755498617,0.683791967524024,-1.35053072904534
17.1998353570694,4.22844206626878,0.889483432805109,8.74418604651163,2.77834945462029,2.99773615970364,1.28956575427042,1.03972010701791,-2.74500926116485
16.3818245570612,2.16116989460223,1.852608130685,7.09155786564364,3.31497638347463,3.30590103747705,1.49949466823422,-0.220695914031719,-2.8917352474063
16.5663010146329,2.8603181790117,3.77040070797917,5.91491901459177,3.17026487476589,1.28753421556318,1.0376834262899,0.218156372841578,-5.62267179814361
13.7553017117559,1.65134591662582,0.999087514151964,3.07245813548725,1.77850250933608,-0.871930921441742,-2.63353554470336,-2.63142330894405,-2.29726761182175
13.260982304355,1.44280431913718,0.371874169923735,1.96899362079796,0.636655324926106,-1.36901976161263,-2.20847721322051,0.194369605821818,-6.93869978960861
13.0480233281559,1.6979782547052,-0.290332273860367,6.00979342393198E-02,0.795662791337421,-2.82248678480284,-2.82037066035779,-0.37920950055231,-7.12837680558318
10.8884688090737,2.96340349610247,0.111297551029092,-0.728956479259143,-1.87421677534461,-2.97784668974745,-0.556912554958462,-0.37212463626515,-12.4789193092755
8.22993218047408,-0.279564733846536,-1.04367926379834,-3.73901476328587,-4.14113439605732,-5.9576509584142,-3.44200449222584,-2.66916719366728,-5.75964411104084
10.508997829452,0.953830455123289,0.39908681327234,-4.32855697472305,-3.95454820605503,-2.35128287169552,-2.16319753716306,0.861733498214283,-10.3637181227786
5.50244653860093,-2.37495469372962,-4.7005255527365,-9.00190286335629,-10.0715839072128,-7.45605291772382,-6.65322580645163,-4.78343602754623,-1.81814063066327
4.75213955650344,-0.391454533854651,-5.99485959587673,-7.63860407039801,-10.4708391436305,-7.67551654681504,-4.48737228738868,-0.584219688476914,-0.561889918792549
-2.13173873580904,-8.00615447339937,-13.386465012207,-13.7601988069641,-17.9178659314951,-14.2581869542637,-12.2550708880789,-6.50830708298347,7.46642462954244
2.18623744093594,-2.78972042632557,-9.79965660707426,-8.86897847546499,-9.550673596231,-6.11165360817108,-2.14782556379842,4.6510766895441,1.5494333091138
-2.21698044947398,-9.14625028339337,-12.0298684572305,-12.1543203623576,-14.407478691229,-11.5619678836905,-5.85068665615096,-4.23040003087178,5.23518033466949
1.9007230961621,-4.19414232119866,-7.36616722117881,-8.74914054460631,-9.03247241667319,-1.85180912476291,4.92739043962586,4.33673116235286,-4.33949987771507
2.3977452395683,-4.05352764602094,-5.05304644714831,-7.42237803900002,-7.88249581815265,-0.5650649618478,0.974313145894925,0.686510391604226,-6.59150798560987
4.04991599371308,-4.42478275793544,-2.7261395046339,-8.31255758495475,-3.55581449966578,6.94768124582226,6.36957346485284,1.4484309793507,-7.65044351706321
3.00099805402252,-5.56403724245422,-3.40386552247445,-8.81978972505663,-5.4008850323798,1.5257921768971,1.23959221062129,-0.90462887429532,-2.96226079744061
1.37054115748848,-5.56833912413711,-3.26683840448841,-10.2043435612068,-1.17252317085468,4.9747435392048,-0.01971012366958,-0.579844335860512,-1.67673563682034
-4.11619706420071,-12.1807209736473,-8.85756597830229,-17.1956025720805,-5.85375030752087,-4.53635499727452,-6.80597965297172,-5.23822617135303,1.6970328456414
-7.33875636584864,-14.6353190528991,-8.97204423467536,-18.9346586727635,-1.08280754776226,-7.05664746690741,-7.65619020517903,-1.70786274298163,6.0714741293874
-6.94370405872658,-14.3911421067818,-8.68329803934995,-18.815198094614,-5.67605502927037,-8.28422334489149,-6.69477143681561,0.318379443740738,8.76546047644432
-2.36841734491163,-10.033955299234,-5.68598627698696,-11.1723736303991,2.63846294739511,-3.05268941937847,2.64128081455146,3.97037482329625,5.0918859515233
-2.36545705441391,-8.83433409167195,-2.98222876962669,-10.569966061239,-1.02702047514266,-1.7053295043449,4.97986051542162,0.735184425465259,4.47404244209899
-3.32746737753829,-10.4192656329303,-4.35061023332589,-12.0765957850499,-3.50249737929334,1.66871421727436,3.01108523344449,-1.74697966521361,5.25754075732494
0.376971003297901,-7.8803128628057,-1.43341489474878,-8.88448960901402,-2.41215187999834,5.72394621571991,1.51250942427507,2.48662099844123,0.271049089487834
2.80130937606792,-4.89757010018166,0.881310814942711,-3.09762765517365,1.33500602528823,8.05904782460116,3.54862497526934,2.78737027644383,-2.53421824133528
4.050158869191,-3.73107981892039,-0.631454759148949,-3.35569270095501,2.50570901241906,4.84517515831058,5.78632428978098,0.613579182102973,-0.62296386005211
6.57649898929501,-3.2793249472336,0.234715596985298,1.508694740318,7.4957273729256,4.28244407655478,3.52698113796906,0.148147487070569,-1.19231953449562
5.36490840675064,-3.57134809941191,-1.62231585588427,1.11173700457403,8.14898267276538,4.99493026295037,-0.221265857010876,-0.989612672089409,-2.49611320159529
1.98539553378263,-6.86400686400687,-2.27093452899905,4.96072108975335,5.67848954945729,0.270316399348663,-3.22257741612581,-2.36273139498947,1.10755917207531
1.75262963646428,-6.62714522974719,-3.90477947960878,0.314172356523341,1.76831518730393,-2.60011072153534,-3.38669496217016,-1.06108138032856E-02,2.44417789260011
4.37774030354131,-3.76975829117481,-2.78808319280495,6.77504215851601,3.53951658234964,-0.626869027543566,0.211354693648109,2.52501405283868,1.30410342889264
3.88837957087825,-3.52483188742216,-3.61921880151199,2.13251200158967,4.79070040509599,-1.20670734185677,2.09818948737519,-0.427224979564557,3.26380013458038
1.17486111496261,-6.61425547452003,-7.46004455413514,-0.849948698039448,7.81083904125442E-02,-2.56001405026669,-0.182098851020958,-2.34001645360177,6.58282724642505
2.07405650047449,-7.56989561281846,-7.73550989123292,-1.01649755456602,-1.4654354332433,1.09542667347983,-1.45585444193006,1.28567778669977,5.33433097306373
3.48377450936242,-7.05761557791209,-6.78336290518694,1.18482558610813,-0.770519413846839,2.38586315286997,0.283259328643866,1.29425645552062,3.3914562861955
5.90833425812895,-5.81378315392297,-5.58561757851515,3.1574741982022,0.52114082787703,1.28731550327378,3.95472200643658,1.42803240483853,0.246365553212748
6.01340004198447,-4.78754110978939,-5.52489328948289,9.33848226156321,2.95247008606814,3.16064306206703,4.14246728710376,1.47864040305087,-4.45953747113567
6.03922656964819,-4.66157001678165,-4.32767151325402,11.6157652129796,5.99542949321146,6.17625504642058,3.70800792683721,0.846888022583689,-4.30295435130459
5.71735477052617,-4.38070652644709,-2.30599975744555,11.4360089398638,6.11410454096573,5.06419030128727,2.42597758103918,0.11564649422201,-3.22597411597568
4.58602110728301,-4.71233377905736,-2.08633688896245,7.25731633484182,3.1421366006211,3.28020941769858,0.406378354363664,-0.560566926115813,-1.84416500790542
1.98777841739363,-6.46238320860823,-4.16817960412698,5.01527697825799,1.94881105256167,0.245760085019713,-2.11619359695346,-1.66452641367399,-1.65876987114201
-0.521379297717186,-9.53085018241409,-6.43003950398014,3.49630823175058,0.958074512837662,-4.66769508237243,-5.68390407353325,-3.37408850173259,0.599197103346609
-0.152705654187393,-8.18583870295352,-6.78837805751157,2.03411181497695,0.680605022520685,-4.49643384718559,-4.03423869207833,1.00912608865084,-3.06680079388816
1.30511842741287,-6.30762482768497,-4.91120181893048,0.461893764434187,0.61317292371593,-3.3335123619242,-1.0750666881501,1.22724099038617,-6.67955672520903
1.23272170575315,-5.75225754920013,-6.41743027667458,0.703778482838194,3.54995451620857E-02,-1.87881342770294,3.06006079297109,0.855095294091544,-5.51751680681592
0.337259775580422,-7.66061490246932,-7.51787611894599,-0.90821490967382,-2.95924064768285,-1.68674915797626,0.629491543740207,-1.47286612272834,-1.71421624250284
-0.51281351243129,-9.72252557242183,-9.3990025845437,-0.97238906483202,-4.93292927086747,0.595628116923287,-1.66539259582834,-1.05383859342581,0.924156383094898
-3.08295702091457,-11.8690339288886,-13.5715554558289,-1.33929823577259,-7.92733664301276,-3.16382913078845,-5.34644115969672,-2.73469273272936,2.97216690507579
-6.39076468556958,-15.484115412654,-16.2639565667805,-3.95963626597091,-10.1125158270345,-7.15765644783794,-6.5130644975636,-2.59659287111997,9.28567317653379
-4.4067987657394,-11.7428529830313,-14.1010045979495,-4.44014446672709,-6.06281202887457,-5.83972459268931,-3.21574668539035,2.07447832764265,7.78269874742275
-2.37313138809862,-7.10473389317243,-8.44752310138035,-1.44403670565382,-8.33802920142829E-02,-1.7441141302107,1.99700380708916,2.45376287927725,5.69963853269011
-0.807938719290893,-5.6591779043188,-6.93330447837908,2.44951510151082,0.50180568893456,0.915693939107027,5.99416588893547,1.58792420164202,4.909399952209
-1.24888775899325,-7.27224028037551,-7.26588461747988,0.495741705859924,-1.43093210336124,2.88637890646282,3.3389928998166,-0.69140532786139,7.68036463345983
2.14118008469927,-3.99447041011125,-3.30897680644242,2.54843876856912,1.10152941434621,8.49669760603867,4.20775459153447,3.33048076712088,2.4457463849209
2.9412789988322,-2.46239520331862,9.01992226308614E-02,1.83753682045562,3.22799923308873,7.22073100587384,3.352186568595,0.708957174977776,3.04803653286388
3.27412685616207,-0.416092372506712,-0.242720550628922,0.893731741780004,4.74605362390451,5.39229708995396,4.5258714101197,0.531384634055417,0.417392661170785
4.34745238258957,1.00263013133466,5.14336794334045,0.893471085745718,8.06659561300971,4.67965687959845,2.07273258612391,0.846627243347326,-0.884875885305652
6.49594846412641,2.57131293371671,7.48585546008752,2.66364241928547,12.095584205334,7.13255815914399,3.24713104041418,1.89971078526438,-1.51816656407836
3.43345984801104,0.361980483040476,11.741447407877,1.64883180973107,8.78905747993043,2.38735767098759,1.16519161404742,-1.60899253763312,2.14360986643134
4.79561244381297,1.21698021455724,8.62964983276036,4.50637878614891,7.70021185096855,2.9578792914621,1.60643079746454,1.28928862897325,-1.22628305149966
2.00318541442759,-2.40546268360375,10.5196369145506,5.70698503545823,4.26534761158663,0.415657736283947,-2.37956500533061,-2.07440402967874,0.776067092251847
1.24789163548382,-0.701993244561614,6.03653486768792,4.31125313815695,4.48902783257959,-0.892775843454212,-1.21797345520295,-0.456143850079564,4.05586461373028
2.53560680328606,0.395131703432895,6.58752616730808,4.35158587800147,2.45212827439177,-1.54157016691426,-1.23890698779501,1.26887363919295,2.79802905052806
4.19556957247465,3.86299393563215,7.14219810268326,5.4885464809052,3.7535333540232,2.09862356464046,2.8354903917934,2.03361823839761,-1.02079331661369
2.0180917602435,2.62814283329123,6.06198118902165,4.92450350404773,1.22823616040276,-1.24150744690415,1.26633759584223,-2.07845470852403,-1.60539756065192
1.28105739702499,2.81952552477953,6.56033304922499,5.87247675379799,0.338788499179792,0.770090671966216,-0.048826661070155,-4.62568368033068E-02,-0.705416761250468
3.92944500235432,6.12293370780431,13.6176312488801,10.8611860006751,1.16216565340044,3.89777609247322,0.642128817457897,2.71019197193134,-1.33842813865982
3.24242386383986,6.02342907353963,15.1197897796601,13.1700044559383,2.78641896647218,2.72187032803202,2.7243689850039,6.08006529823568E-02,-1.87274340042226
1.32580251516898,5.88920714552048,13.3618351920274,9.78229551540625,-0.202959221721296,-1.03132097217044,1.07157384495441,-1.74612724992373,0.464391037591948
-0.215370023103342,3.31060708241056,7.35738806197435,5.02965144863533,-0.802307722429376,-1.63159108411613,-4.41443283718462,-2.68494628802151,4.42226447438839
1.39066220366473,2.93229580040719,7.47437799786053,4.32770281928294,0.51891024535009,-0.710428241140127,-3.5788847096173,0.860536940543164,-0.182028365368036
4.19772691757014,6.70267895983882,10.9599570893395,6.9666470978287,1.34222518805091,-1.35658505475755,0.32225230285804,2.08598181365116,-2.34994995164103
2.37361648672508,6.63704420452232,8.24803082773139,3.29624159706662,-1.19253751612684,-1.90848441637807,2.45934338290216,-0.483380865077743,-2.29170910572403E-02
2.82618597746136,7.51062824752007,6.20318510020919,3.21040556042917,1.4833153384169,0.462244415952495,2.22349686213644,0.620824617045676,-1.25345839800256
3.57581843408986,8.15204936646098,6.7633051528952,3.86790055041439,2.71748867713052,4.2349823542402,1.34582772571782,1.20707830384041,-1.40707747051056
-0.690117108163012,2.69132708180285,3.15846333347736,-0.552266539907532,-3.7046800051856,-0.182360312864624,-1.82446739553175,-3.71245840715614,0.443801045762931
1.797523431384,3.30093812038564,4.02323459064821,-2.58945447153416,-3.85887970519923,-2.40650153325807,-2.55052831445414,-8.78001098582545E-02,-1.72918640006574
3.13569178785796,4.27586616746895,7.97824924228919,0.908404010561262,-0.182529777823045,-2.29223441917311E-02,-1.87750978444507,1.85543641596414,-4.32255983156324
0.699178241333963,5.30726256983241,7.4197461261169,-1.00584285787503,1.83443527582732,-1.26936941554336,1.16259204209592,-0.617600328020093,-5.56011139015599
1.90809047264858,4.81776996416255,6.02178984380282,2.08896815200486,2.02515383054972,-1.42715869903308,2.28928595577793,1.0531476097099,-6.33536750287375
5.59291334856209E-02,1.66152548862702,4.73590693392188,0.777845179554027,-1.86459126559025,0.441840154536497,-1.35133390983365,-1.8013483223411,-6.79022702925954
-2.90965586750523,-0.983235699290067,4.7722581411828,-2.80974785329805,-3.7071594875203,-1.75961339559613,-3.0469743716138,-2.30096519063944,-5.33473585993513
-4.22591450564564,-3.15534949754876,2.75560682357637,-5.78850462521353,-5.19488009938109,-4.51784644734801,-4.98192062823044,-0.8048093347235,-1.31901772443932
-6.89553804824662,-6.79513734996427,-0.426929095398756,-5.6409815751151,-8.54174769575877,-5.88746076684427,-5.1208878677967,-1.93610535741744,1.13063849417043E-02
-6.52520157196807,-6.98812902410743,-1.64325709619055,-5.34487192791687,-4.41134668573723,-6.76388443959157,-2.51587083150976,0.234170904152362,3.55858558969106
-9.13022607475514,-9.78703370350882,-5.53970847526471,-10.7678602749084,-6.71716192638955,-7.28488742418787,-4.03454355793107,-2.29813435246984,6.58469264356993
-10.6128654318233,-12.1815257011084,-7.21611619430187,-11.6422115599197,-9.52633340772149,-5.63536784943837,-2.80164397827865,-0.728074090604769,7.02782117086959
-7.25557723606478,-8.1678071413799,-3.80088300617747,-6.1082087203604,-5.26476697448995,-1.33664835313054,0.354731096744021,3.29733569520999,4.61869779068617
-7.71143941141093,-6.8106485061432,-3.82112607907244,-3.93327273796119,-7.00238311650138,1.13051067428179E-02,2.02813614966152,-0.58017807804141,4.97876900953698
-4.47629836179855,-2.11702683861973,1.60770303241546,-1.00731962356223,-1.27091321017777,3.43630184733356,6.28790519344718,3.65153363541303,1.10404322063437
-3.82686644725448,-1.8720769097523,5.39624112246664,-2.53377793175127,1.60705006062704,6.17789710722328,3.68006235925862,0.606270569894336,-1.15234713320629
-3.92825493909749,-0.999982624107313,4.13459366474952,-2.35790863755626,2.08901669823288,6.56634984622334,3.93781168007507,-0.311028479088107,0.722837135757844
0.175766561378615,-1.27720836287846,3.9824663185715,-1.89475493671975,4.97690109370635,4.41479189496981,1.36444702292701,1.07050001074367,-1.49165216270225
0.885207345282544,-0.970066638236669,2.9265687123356,-3.38231049886066,4.52984936398606,4.74264373311967,0.529401375840515,-0.235193776410841,-2.28818560493476
0.311565411499048,-3.34534203245797,4.29641376576141,0.277521611349085,6.63638635834763,1.09198720987357,0.797228231359942,-0.040938747015773,-3.77110500142207
-2.79068952374276,-4.60923775185206,3.71989713439559,-1.2915153400304,5.77019964163516,-1.16578097687275,-1.94340639361426,-1.66258504593465,-2.44809624155017
-1.39346524746839,-3.69003053461452,7.7414735970466,-1.60004830334502,4.07386961547087,0.717649697241529,-0.121189642382733,1.55648903686579,-3.47180292235237
-1.00425784385581,-5.98802917670053,9.03919310368896,-2.14113705371167,3.52711757931106,-1.51423934666527,-1.23460021638224,-1.15345688060587,-3.3578508358636
-2.57453590022792,-6.8674863448203,6.13480164170748,-4.31455185882373,-1.18278764046429,-2.34176964075525,-0.626881857897973,-1.05229746469932,0.598226920652282
-6.21263485040506,-8.79612007003935,2.25075346054465,-4.09040630891657,-3.4110603081911,-3.91889047616914,-3.83559558089231,-1.58260301025959,0.716515228187709
-5.98416497882526,-6.30751197955728,0.391609145331015,-2.03798429072489,-3.38301799515877,-2.50953200012575,-2.94290679971796,-0.283826811753671,1.79906678462844
-4.01620959887053,-5.96868884540118,1.58253581034589,-0.704590336791499,-3.96616894083586,-3.5966722962407,-1.34886380898766,0.512469953265591,2.2067036610103
-5.51986890988458,-6.660136236215,-2.86105079741973,0.186433256442786,-4.79490084730077,-3.47452003593241,-0.801708143928289,-1.03418544917775,3.51424431333426
-1.78576123824465,-3.16003050036373,-0.568814254537806,2.87518514947808,-1.69154316064401,0.594669447925895,2.42030903529453,2.92163685285328,-0.651200294486276
-1.56778700150731,-1.94839553051759,-2.58555910770419,3.66780345304421,-1.49219885906368,0.711417811234176,0.482430203243192,-1.46329751048229,1.60246861980498
-1.43331701054806,-2.02976040798141,-2.65179087423956,5.11256104501118,-2.29004265981991,1.76727237434764,2.27195524909894,0.782611380951741,0.487918933107459
-0.137700704240729,3.51333511105673,-3.68819314818781,2.76931416306388,-0.204146758350547,2.15905961347632,0.246112687262034,0.90926179308175,1.50334197423466
1.46089171085682,4.30592380686575,-1.79929528328218,3.56413968741278,1.07931551772258,3.39493790120011,1.92270792631871,0.242028328216566,1.59564261791795
2.82786668313426,9.12142491663285,-4.31347813045856,-1.24036205162588,1.50193200063517,-0.655468708647252,1.36739770982914E-02,-1.14861407625668,3.61257653016215
2.61830053346289,5.43878305697419,-1.38901652903411,-1.05598515581578,2.55396990026564,1.5771945717199,-0.109405838770804,0.787284415794712,3.11150205464165
2.49184530891242,8.98837929081625,-1.24943476905652,-1.06285368091561,1.7406917987734,0.485549843491391,-0.671252902982223,-0.317846371327107,3.19690231492254
2.5521542145429,6.67065754793364,-0.601646884528579,-0.214904649520224,4.5948250615859,1.48107633206429,2.36352047408225,1.90054953573705,1.95610604833848
3.07978246219487,6.33812792150095,-2.34836095479695,0.352833614484217,2.05046980096235,1.57058174622593,1.9161183151551,0.332659429714428,1.82597834065184
3.34102461493925,5.74121533601819,0.558114585905377,1.21073827789083,4.25503835707413,3.48661972430587,3.02897427819735,0.820356069442906,1.4052908070737
1.87083274975914,6.87132082999105,0.907404813744344,3.12286464898543,3.79429328104509,3.01760908593183,1.45193258550954,0.30515624933685,0.671004214466696
1.45874545338523,7.19077701912238,-2.09218726735158,1.36004934805268,2.68351307085274,3.09786654755068,0.890817433475849,-0.23482866441197,1.81183927849742
2.71523794236668,12.433576358675,-1.43238516841402,3.17397291520585,3.13680102053748,1.91857665436052,0.777230524884053,0.706688406592943,2.47446544281019
1.96901675624407,14.080725050058,0.51301507008115,4.37896511750448,4.43334387185162,1.79323427126146,0.677837496048053,0.205290336178729,2.92760037938665
1.90890809785095,14.1587496169169,3.51051011968983,6.25359468343694,4.06886678785384,1.38581606136045,1.31570661505715,0.408901800595291,2.31025319165908
1.39082117049892,10.2323796996602,2.26224504422465,6.12441926154521,3.96925775090853,0.666531758277892,0.193930808860105,-0.422010303628182,2.75044477609422
2.10258895890089,10.3708779729572,1.06675469238354,6.47908274974511,2.97838912938108,1.77959586167704,0.877053701258536,0.888335478263766,1.70145910982602
3.76840508499728,13.0979076324424,2.87061616844465,8.68480931260202,3.96750152516942,2.414714175007,1.8124783590826,1.34874441458228,1.63646556414779
4.66191587828152,11.4563623704796,2.89388540770774,6.54298234836384,3.79735430233034,2.84432977024204,2.85538763975918,0.64463283777695,0.529549084654146
4.29540996791162,8.74264470541891,1.51865803317165,7.71392930710457,3.31757638427259,2.25808569482401,1.7964563278102,-0.192037816677739,1.01558460743039
4.28110716307923,8.18678658471536,5.0516572160084,6.9936238829486,3.55199776794872,2.67682031166656,0.462001788923436,8.20607085120827E-03,1.15295295459583
4.63360120955152,7.92741047511051,5.00788837943105,6.01447846308074,2.73545990895495,1.67299380433533,-0.31800029581422,-0.133938109089704,1.39648967115317
6.13061005978115,10.0017845120576,4.45641329299253,6.99772069141731,3.78843798415028,1.61011656108303,1.16155512114403,1.2856598233333,0.91334571676549
6.36878063088938,11.6840419941091,4.61617433177301,7.64066274754241,2.95930547577437,0.526759633834846,0.709271865820931,-0.449354892590726,1.67846070487201
5.89575793026968,11.949532247123,3.88054123658994,7.17776234172972,3.64737566872616,1.00537418199101,1.12967498994626,0.290035218562249,2.73786746934117
6.24949296643033,9.7987279541804,5.71731053169569,7.60509791832299,2.92375837619459,1.13981146463747,-1.37913130952449E-02,0.143997533788724,2.55463793746856
6.49810571526975,10.2781660892644,7.93614133187462,5.91543588808524,1.70141210316254,1.37725642739925,0.539719200145858,0.106566178407166,2.59770254664803
7.87081320483244,13.0424647734489,9.41370801147827,6.36891221696179,1.86803205555868,0.905079214526279,1.06141838612961,0.813044072374186,2.31253365914041
7.57503515864462,12.1799161000549,11.4066262525893,5.88381420208908,2.35633035903887,1.65075345676588,1.22243902829919,0.30651126078299,2.7285512234407
6.77732220451768,12.2012359786017,12.3692752958481,6.84018867849927,3.63558005195381,2.66490587821301,2.42055694160536,1.31821902046917,0.717626731299205
5.97239251671083,10.8986275362892,14.3084285883796,7.02646046750781,3.73136099355299,2.49100185895661,1.58683700510226,-3.44104734406475E-02,1.6291579322074
5.85847096830249,9.69566281999637,15.0541456363593,6.50379532870469,2.62237071791348,2.53193052297339,1.430850769729,0.148495691255332,1.70533083734192
5.88006536461196,9.41305406721869,12.6290401143881,6.81418223528117,3.57816256304698,2.26026428672438,0.650110774162112,0.536586898794834,0.404207846895983
5.86365462395618,9.95229978977584,13.7499853740157,7.09613757005847,3.98450815739899,2.65607875410015,1.38966352435518,0.710237799003874,1.10611444150192
5.39468932054081,9.87037356908438,9.89746086082629,6.88331265800921,3.2190694533863,0.712513543645874,0.599060973886289,-0.652057849033481,1.44936639291489
6.43746424387718,12.110963654266,10.1300258027858,6.85933784525334,3.95175696344411,1.60304184877153,0.925086301172606,0.862817134917809,0.807553249866705
6.64015781053416,15.1694599338314,10.6087199639645,5.79674127459964,3.38065578353862,1.67673692549043,0.439182367468661,0.223280160295739,0.176294248303087
6.38534278034906,13.6599622067206,8.96162378081464,4.47220472533364,2.35445088243005,0.402580584583019,0.33998302041072,-0.752344474395623,1.5226857484908
7.8995791365935,13.8105690335572,10.4463620968333,5.98968479606834,2.43491276053219,1.09401340127841,0.879531225287301,1.39953477427293,0.45982509672915
8.08864501749063,12.7964120979475,10.2041606042782,5.68910008358357,2.1646596291366,1.42865987679161,0.348264867040213,-0.311503575519309,0.871436089527305
7.99385385138057,14.2612267589104,11.8772777812095,6.0334177527951,2.24612391129779,0.80108406942986,1.32149916610042,0.231638767064056,1.66857125208476
7.3188411414927,14.8113405019033,10.1210180713084,4.42363302297096,1.32026761971953,0.175983998635559,-0.484925071130087,-0.405460930777027,1.67921295614354
7.07456463180124,17.5630941875118,11.6646691818276,5.40669690511882,1.19463723491578,1.49984778009425,0.411957162620959,0.583830777708826,1.87326825771794
8.10725709524194,19.9357962683501,12.8960414098709,5.46960498577304,2.18453964926023,0.457720383532821,0.536439073653824,0.356346070401396,1.43498412186421
7.62901072595867,18.3196765333211,14.3369546870445,5.42589267903451,1.42974420353237,0.863907686169821,1.03500130430113,9.78225843576003E-02,0.313032269944293
9.65345970700145,17.1139869221481,15.4454595854883,6.28488756237043,2.21077973464568,1.64118687961846,1.46309418027994,1.01387528194846,-1.6901718651508
10.8745377606649,15.4439403758911,14.6742404025771,5.14353246159125,2.55766078304295,1.65148107201402,0.720140292020886,-0.394952537074459,-0.581373184400137
11.3495540071268,16.6738539988046,16.2006249196154,5.58758331631071,1.93868827405676,1.83882218540291,1.39131618965477,0.773205625789663,-0.240586486302463
10.547853935902,13.7391258262101,13.6145791533855,4.255407748393,2.17067058351442,1.41468363630857,0.307391788247938,-0.074198017852953,0.199501813308701
9.37887201138085,12.2374680678568,13.9923974729628,3.31252963761797,0.943814724733464,0.312055435730342,-0.312820277484582,-1.01953405840331,1.22106986064583
9.1743757121613,10.8835628343537,12.4444272774677,2.19741594082543,0.354197647694997,-1.71922980358834,-2.10857683616911,-1.00310936866298,4.19011568396454
11.1613014552217,10.7740092413291,12.2813812144103,2.3824223018962,0.495427267672607,-0.58477289721418,-1.29340261134651,0.72473493490807,3.85605000287593
12.6510135826906,10.0577131633032,13.0465118042758,2.77758818131489,1.25019907628603,-0.241166700794035,0.844083452779096,1.11217285130328,2.94291629695357
12.690556699473,11.8053535334454,14.3479985643312,3.7603188695997,1.5146305986361,0.199104596029242,2.18750590324348,0.365339932372445,2.49088539206983
12.1246009407409,10.6534182141036,13.668322723237,2.92271945897955,0.505884353098962,1.20633961123599,1.47344957213291,0,3.26463532123091
13.3957136978531,14.1104681122402,15.5555473172612,4.52986731815098,2.75558587247862,4.02160575065896,2.23360754495946,1.87511816803402,1.49030744078624
12.4010028023822,14.8470874055257,14.2685191680728,5.62691763802377,2.39513219933466,3.7128795123338,2.27292027425685,0.405403908566281,1.05117024379618
14.4508415015526,13.9554072322353,14.184522559756,4.51231955326195,2.69670950607598,2.85878465737682,2.50258767713157,0.235008969386218,0.61551722232659
14.2318949564653,12.1041883234173,13.4105972471045,4.73831272716551,3.60736956185168,2.43034820368774,0.56584020819972,-7.40937341030147E-02,0.581322480997353
16.1327499030462,14.5390486086212,13.7963457556178,5.23257941066713,5.27977579886291,3.16142628216856,0.90917073384897,0.74928839554232,1.63760491135127
16.9179180532066,14.7149176477464,14.1355844288673,5.76593622951239,4.74059679357693,1.46842341733544,0.834298279899042,0.159627122730241,1.62512830440928
17.0968401975973,12.3151179445208,13.5007746046593,5.18656280143814,3.64283417614219,1.0402355967379,0.880564730642188,-0.02740346672123,1.24557890736896
17.52187442797,12.0889621087315,13.1521142229544,4.6600768808347,3.09902983708585,0.611751784733664,-6.44334614680658E-02,-0.196961376533044,1.11843309536885
17.2949002217295,13.5042421799124,12.7012515805098,4.46354290740503,2.99426435286142,0.577962654156969,-0.332777482545672,-0.108116032324855,0.979274706345854
20.0477318377837,17.2658944140071,14.616165470371,5.20370623681615,2.90098703393065,1.61121950165945,1.4809108645726,1.78076471731664,0.230379910871775
20.1227840639512,16.670740298765,13.9778298563685,5.71578508475551,2.64941842911161,1.59914022400183,1.81947579543657,0.14736963179158,2.37229163371928E-02
18.7887274131441,14.5530265574871,12.4508746034782,4.59875061801463,2.02744887169474,1.23025510922167,1.53087186075633,-0.402386168020588,-0.937216931255113
20.0228091453811,14.689451675386,11.5982694013505,4.36161546677288,1.78381998877645,1.10606252602234,-0.578193732915762,-0.322948534602908,1.62922467008135E-02
20.1555564427443,13.945275780595,11.5505921379756,5.09387464749371,0.798832782268154,0.969777916501824,-0.974496147383012,-0.246073887495607,-0.554936539794647
21.2417666874969,13.8057476961091,12.4693832108662,7.02013345687792,1.68042177545054,0.229850381767122,0.48304494293247,1.04689666070493,-3.20713110809433
20.7856891310129,16.8421506551003,12.5349470673212,6.2861598832822,1.64942970698367,2.37172899043514E-02,0.744938514722688,-5.89338718835076E-02,-2.68256922933182
17.9664845173042,15.7715846994535,10.176320582878,3.92786885245902,0.491803278688525,-0.946083788706732,-0.374134790528232,-1.37632058287797,-0.172677595628407
19.0678733031674,14.7228959276018,11.1446153846154,4.18642533936652,1.22895927601809,1.62895927601744E-02,-0.79348416289593,0.633484162895928,-2.29900452488689
17.6983043671852,14.5497412389871,10.1537237498084,3.39892991919649,-1.38833130168833,-0.55803327031584,-1.5620551974832,-0.821903809516857,-2.55038357944219
17.7379856926593,12.2027961649203,8.52652201015167,-8.57104692926454E-02,-3.22805663569711,-3.31339606399716,-1.85075247113301,-1.66448989284337,1.05598266496483
16.8341253927987,14.1706638898428,8.8688504613885,-1.03392377766114E-02,-2.32042036386731,-2.7565146429455,-2.00765842112454,0.480405298120852,0.29577605210975
16.586382314087,17.0848751578317,9.19912709013015,0.929473845547512,-0.795180019414215,-0.172976286921671,1.02180085101487E-02,1.17251647653873,-1.95017990993556
14.9893108162683,16.4891311194187,7.52726019733307,-0.510931867105859,-2.08522447285837,-2.35310245684498,0.143386970681621,-1.52909051163585,-0.850318081949167
12.9219879405266,17.1888693307367,5.27807947267892,-2.36545447736041,-4.28148758473466,-2.61713044455264,-1.42429122504776,-1.08198194824163,-0.621699561814161
13.298305906197,18.6243840827147,7.16997481256287,-0.51586514807717,-2.17360973424685,1.04494819318691,-0.612429229176315,1.96359203695137,-3.11538489781831
12.6992717606603,20.2345976275155,6.77726479489275,-0.763583614983036,-1.06253727716539,0.294903797300572,0.631410752023095,-0.273918133822264,-0.240046536629186
11.4722981070559,19.9470005433933,5.25156132528418,-1.6629323884741,-2.81671269381648,-1.98896837153215,0.622296990494349,-1.09125285653671,1.42957101703872
9.83356003647181,16.8839030806714,4.1893992615955,-1.9622277693906,-2.38935142972452,-0.857610499095672,-1.77650558287619,-0.402834038355189,2.4401727926339
9.33144902958357,16.6613906161673,4.00150744299981,-4.69267005841342,-1.56849444130393,-0.625588844921798,-2.36065573770491,-0.849444130393818,2.64480874316939
10.4872419686743,13.0187628139294,2.62398957074048,-5.43405350301091,-2.63005309372312,-3.21556203173496,-1.82246762647183,-0.559738965335596,3.34213807399772
13.5011551435257,14.7777179087843,4.95936699611016,-2.26415512138233,-1.1307858666529,-0.240624146559295,1.23928816586827,2.61623401067308,0.928174430362932
13.6795793382577,15.5285975862588,6.20938416207072,-1.35107862455647,0.962854511362352,1.40942232398733,2.6320714214947,0.57279569063896,-0.75736726808379
15.1852743548775,15.1163299700147,5.43712199143485,-0.508145651396756,2.59872908869386,2.38204673626767,3.74305996337558,0.587668804307387,-3.77260755688824
13.4747841156083,14.76641896258,5.1195441461552,-2.23007108030313,3.67150326029156E-03,2.57666098807495,0.51621335839746,-0.64838747576809,-3.09874875168888
14.041849412524,14.9025273935429,5.01224825077378,-2.04846493479824,0.395317794434754,3.23405160400745,6.19746820588816E-02,0.118815366787447,-3.5589602921978
12.3081648548141,16.5344800476822,5.66738701974937,-0.374071676960038,1.75334671654288,0.919638580209674,-0.240239581390763,0.287044248693671,-4.14733231679447
11.7130507766427,14.2687061624867,4.05458868072426,-2.14117481762485,1.055612865536,-0.763147094383987,-0.705837113943322,-1.115880780451,-3.26666888511754
8.85849457148057,13.1042639655486,1.27790077030388,-3.86895736034451,-0.590616849639107,-3.9205131315582,-3.37387032207194,-2.52737004912962,-0.83171589737369
7.94837986117427,14.0534539722955,1.23215422387924,-2.11572853202387,2.08390167015315E-02,-3.19784183565213,-3.61803219059743,0.051529204934684,-1.85656694249947
7.82243989246616,15.0897192636898,-0.136508648716482,-2.97581249263272,-3.03246928555404,-3.69029647853317,-2.84120507857804,-0.35781236334877,-1.86777293174187
7.32065538749118,15.054838155912,-6.67594941537757E-02,-4.53621225704314,-3.96284357296813,-4.32677818681214,-0.632117038930328,-0.325023365822953,-2.28088580311671
9.52053328440816,14.450509127603,-1.04348224933493,-3.16293612206831,-4.78167140629302,-3.37698376295754,-0.880653151087072,-0.195318472311414,-4.09710118337766
9.33531601923562,15.3177776588506,-0.97860075382839,-2.06882315614033,-4.1170039526296,-0.838691427304492,-0.530967362135791,-9.93891390606058E-03,-5.25424506303564
8.78167611223498,11.9037324150285,-0.951248513674192,-5.14616180490139,-5.27510539401145,-1.89168738514755,-1.19948422564355,-0.992170730577382,-1.73147304538507
8.78426813910684,12.8536278213697,-0.317737091930633,-5.24614937518163,-5.96803254867771,-1.90332267751622,-1.37518163324614,-0.369272498304764,-1.60999709386807
10.4900919752026,11.5082215524914,-1.80710192226612,-4.88998891300615,-5.58370680366652,-2.33412451787192,-2.12448664095317,-0.749152859975954,-0.565280532175706
7.82248261294115,8.82724537175425,-5.10671369641895,-6.65550706442677,-5.1362069309101,-4.2721348717642,-3.23748032123712,-2.09282397720252,0.888782606962784
10.947214679669,7.48064376868548,-6.79112215708503,-7.05942635352406,-6.48569918459732,-5.54562583466812,-4.1242187909769,-1.23137504892013,1.9576119716122
13.7913829883359,10.9352840188102,-3.98439556381437,-3.66539248771328,-3.31731770270642,-1.76198127624804,-0.633684681959438,2.62823962945356,0.531933700789256
18.8606647763075,10.008270321361,-6.2314902331443,-6.71156269691242,-3.23527095148079,-1.63634215500946,1.18738185255197,-0.245352867044739,-0.070888468809063
15.1659940009737,10.5709282786563,-6.3339196256105,-6.9942836502976,-2.71526610864205,-0.568494118755595,2.69131711607016,0.309373871256502,-0.871978893478023
18.1033835700318,8.271870740909,-7.24672605526696,-8.29557350820709,-3.34327532739448,0.880952851245372,-0.556224939261656,-0.621407549331385,-2.86487447409485
14.2450683603411,7.80910547872025,-7.34967650026711,-7.78100947745393,-2.50212698601136,1.92002532597297,-0.480797768148617,-0.170158880908558,-1.93585405908075
14.7293637674533,8.20603602230584,-6.81094346553498,-6.56318753248378,-0.851123694298886,0.529119137778089,0.46464007002817,1.24737687428925,-2.79292058914328
12.7406006148026,7.14235043745566,-7.89114841964215,-7.77843461811302,-0.952155749980289,-7.09387562071304E-02,0.238433041696232,-0.85008276188223,0.351540947426502
13.0937434402563,6.90015723581807,-8.39686795755822,-7.11799023316053,0.626566912355872,-0.879649249268281,-8.63410789466504E-02,-0.496263173945597,0.417447234907142
11.2740612405087,3.71924858570946,-11.0894205780798,-7.28354542607664,-0.801194063843384,-2.94937022893002,-4.07266870828808,-2.68583025259981,4.08242944815217
16.3470035873824,4.27257649921514,-10.1052002921558,-6.50288725773063,-2.71575744613881,-1.97406915698531,-2.39172279097545,0.778813056619313,1.57578496689035
18.0615075376884,4.24160804020101,-11.6791959798995,-5.72341708542713,-2.07839195979899,-2.87316582914572,-1.50231155778894,0.376683417085423,2.35979899497487
19.6986238964466,6.84674353576927,-9.26042288479059,-2.94660529705613,-2.98469948788747E-02,0.350309466210063,3.43593892362312,2.3100003141789,-0.741462188570176
16.0187109777117,5.60737711060539,-9.29080503744956,-3.18804453717544,0.160131891883362,0.415711857253855,2.25920068154656,-0.430305157745702,0.179852568223678
16.1835097549634,5.20668487541077,-7.92588337807371,-2.21826266699489,1.25663779056818,3.92230414854584,2.80203656597153,0.929974484313526,0.469676189136491
16.247149588031,2.99859366433867,-9.458600497382,-2.90404341366133,-1.66019116630515,1.55133919703794,-1.15764466585625,-1.66972564536506,2.99303188488706
15.0903306888697,4.28795852643154,-9.35590291414658,-1.35692404367293,0.345613070457927,2.30539627680464,0.423768753436492,1.13973764826015,2.93103448275862
12.0074067040167,3.56961985249898,-10.1027126262147,-1.3499825910803,0.101683917323464,-0.747000917924861,-1.25700313360554,-0.742253030734647,3.79395752223593
11.9009279637161,4.1736713425749,-8.07214258436124,1.21733721264423,3.19452591959747,0.179529679484401,0.89725469198455,0.493312913144633,0.668905538254398
12.842880644672,4.10581706031744,-7.43885222247718,3.60527840761036,3.62083516449325,0.467480544330923,0.973464061947014,1.21576055039807,0.556154058563418
14.4056747874655,5.31876321108419,-5.68790211840217,1.81637943005262,4.05088485334732,2.90605279804978,2.51029885979664,0.82120870812954,-2.27500655732646
17.2846006799373,6.06906972218724,-2.83459819980693,3.11466214901387,2.84299248711285,2.84757118927974,3.08528214344311,1.0801921528676,-2.70868389021798
17.3721948820774,6.02326051240217,-3.232532696992,2.9066110630382,3.35146550376811,3.65527783389813,1.9860253952038,9.52987233783016E-02,-2.20330648450632
13.0314905199925,3.48108691571242,-7.16866904449034,1.00158000125149,-8.79951192040548E-02,0.664460922345294,-1.39071397284275,-2.59566047181027,-0.794302609348599
14.3583713977405,3.76518547454488,-4.38826855615675,2.26181866000395,2.64355857406413,0.553078092306033,-1.36529067541277,1.10499588092191,1.16765228019012
14.599335317382,1.48843120692786,-5.39008659819857,-1.0037339059182,-0.499696077425257,-2.3279679815594,-3.54405298515121,-2.05206943644072,3.61115277437894
14.0400966335143,0.810639098923857,-6.81376086342672,0.487873748941112,0.878486493270169,-2.78409625702004,-0.279233206789441,0.639255796442137,3.764942114015
13.4455648540458,1.45116213803775,-5.87052188046913,1.58485770971301,0.996285367935686,-2.25294578508143,-0.779566015599116,0.611569539237509,3.19388196590956
11.1919263595687,0.180947312400219,-5.92001261506318,3.06782567559577,-1.36321526422644,-0.800662290816626,0.122602645221064,-1.13850945144187,2.98188555772376
12.5839157096325,2.67612741424923,-2.3060572232502,5.26011958466501,0.886945085865453,1.15417552337405,2.51861820072484,3.02287706635266,-0.206826418729828
12.1499563814509,2.32759244656253,-1.08455903361104,5.2391782189156,0.15999817144948,3.48529350140761,2.26664076220081,0.354662613379672,-1.5051256557068
12.7399993952771,3.72358116892934,0.268723732349656,3.76137634928794,0.850769509872109,3.62833731442566,4.12685574335561,0.786517703262478,-2.82896924984127
13.2798483080073,2.94545358398773,-2.34752424012359,4.23272029522525,3.41873562306654,3.0950303497301,1.19925815967697,6.15682141818285E-02,-3.85915609997468
13.5509457219528,1.41829582473616,-4.32340972862891,2.03193366739527,1.0243885632912,2.89554375662732,-0.487694704646124,-1.34671112319076,-1.04582569316577
16.3091740061525,2.08021269504387,-5.01971030260774,3.56777547494359,2.94102999260624,-0.207255076983188,-1.36114101390257,-0.075853059598286,-1.27417816274694
14.6454098208484,-0.261842878801942,-5.34360592840124,1.52077725177141,1.37999319285868,-1.52812587023114,-2.39603638726445,-0.958801324298399,0.237089637674437
13.0965114605658,-0.515365676257006,-6.0649788602834,1.69390001516924,0.212369554140607,-2.91132987681789,-1.60638508901241,-0.565151945359578,2.13458628777242
11.4623030684006,-1.76560719757984,-7.44391623777157,0.209405571052543,0.339842061839472,-4.01406513966918,-2.55411935724668,-1.00931127961339,4.34172789062192
14.0864304034476,0.200776024479959,-4.62751985516274,0.531534215097265,-1.18956893116748,-1.05687880323563,-2.12768426712953E-02,1.53464063412727,1.27931852207183
14.7210958266235,-0.693816573213545,-2.36200306552065,-0.600298791253557,-1.86181874624086,-1.2906229991657,0.235152596961658,-0.307328146524112,0.499796278690738
17.4587617926803,-0.484633341693514,-1.83782532363553,-1.12592363938031,-2.09094592248182,0.236528852275582,1.78843593849478,0.563347674261567,-0.933382208245714
20.596221442798,0.727758799940579,-0.152330465712316,9.67298457273195E-02,-0.822584514846505,2.08997398957298,1.55757901190844,1.30318713416886,-2.91979420154083
19.8282256637335,0.841551165181241,1.29753257951435,3.72202830774792,1.6386714411046,4.16106573888944,2.96557359148432,1.12733968167904,-2.67187788283047
16.6257963973049,-0.193274357916607,6.87537241600656E-02,1.2417686513575,0.29525904875403,1.26315869887397,1.0080059892133,-1.44268231195856,1.10731692411118
14.3610058959122,-2.06994011421159,-1.00581869008043,2.17727892259636,0.17027487229384,0.497310738128044,-1.38768229257162,-1.0853575193152,2.01511237755461
14.2047003653416,-2.88689989327974,-0.888816184088561,0.68628138315689,-0.137489970632444,-0.942176314334013,-3.44114416582926,-0.875184034025839,2.92390144344995
10.6131335320885,-2.5780637062608,-1.23764318217481,-0.640593127255625,0.152989173073891,-3.0076102306606,-2.70045504471992,-0.716303153930654,3.3708614467284
11.2165115964176,-0.158616554152075,0.901019401512659,1.8647116853976,-4.64243573127612E-03,-2.74522699576378,-0.196529779290865,1.37919028183454,1.57339884325977
12.8389175793248,1.48014945051625,5.21263453757608,1.18283510198224,2.64371767603692,1.09518970317678,3.00601050989222,2.34904780074273,1.09443413939395
11.9313278730716,0.186971068687268,6.19161885152831,0.646829061511199,1.91020846895674,1.97530770744705,3.51687281425522,-0.185835616853145,1.96698106066342
10.2398080627278,-0.163479695594741,3.67450889866909,-0.125258748245051,0.630456418659402,2.84083813618011,2.18275667636698,1.55154340726618E-02,2.82418742644358
11.4130991639881,-0.444759841070452,3.64042760698714,-0.468288092048578,-0.784781016496334,3.26093968798504,-0.451590623612501,-0.280821060061556,2.99378019300755
9.92755720771505,-2.73888601115207,2.98759864712514,0.503900179773912,0.284895944422439,1.54902647856425,-0.632255705536424,-0.36602273073525,3.5836710442122
13.4226457399103,-1.21113602391629,5.40545590433483,2.45478325859492,3.21636771300449,1.08258594917787,1.25074738415545,1.8863976083707,1.75485799701046
14.3944708602905,-0.768348496152683,6.20023829938866,4.02993218489361,4.7002884090732,1.92903726304616,2.18849407406583,0.671469772724747,1.28392147255658
14.0304582726082,0.161197721150012,5.82188755906903,5.37951390422353,6.18145416537856,2.74661779210645,3.3726390790384,0.849048270988816,0.391217300416616
12.1443467623673,-0.708911503968292,6.50768970014959,6.21660857326032,4.75936065320079,2.90675824054354,1.40087398029491,-0.115695536510412,0.790340528072741
14.1101113762635,-0.662595004430782,7.16058552513045,4.95070984442623,2.66876500674729,3.45968723456673,0.938369839793205,0.205544177290131,1.7826085357827
14.2554426065752,-0.511208390868763,9.70010576725329,5.35850691894115,2.96882804007404,1.7245938243676,0.213003496195324,0.123027881423154,2.10579663307578
12.0516147001481,-0.103346673116678,9.18209537212131,5.0218420628289,3.15720421595789,1.26764589471831,0.537256109180991,0.209625166747284,2.03944764501518
11.969396471136,-2.78613822911668E-02,8.8089625667665,3.73635800409856,3.39688905670891,0.389692754940817,0.299876456765361,-3.26271450514839E-02,1.62805787835573
13.7230530768022,-1.55549137808129,6.91471666660573,2.91211382321867,4.01941896639334,0.78414312714085,0.457325432192631,0.280756140626651,1.75289803945941
16.9691014381758,-0.506847681975649,8.40579605431905,5.42070525163561,3.32684269658863,1.75138814128153,1.42372538465152,1.17842989209167,-0.21928477759033
16.6161924972125,0.335575297629766,7.95201956623386,6.8471028306298,3.10074452397223,2.06236737042766,1.88864511023991,0.439161241592635,-8.09265187210013E-02
14.9630252161202,0.800192505917034,9.59476786156814,7.78894743080023,2.41242956115116,1.99868550064109,1.75482072886476,0.144738590612454,-6.39292037940814E-02
15.0018036216723,0.610706298246874,8.15236995887743,8.04415265853834,2.09869417790924,1.60197676935286,0.148257701464529,-0.437558617704354,0.378399826852328
14.8155865805376,-3.59270250267656E-02,9.19659986635147,7.13402935956486,2.29250346695791,1.72270085003342,0.112092318083505,0.40310122080032,2.08376745155215E-02
13.1067117544406,-0.751623811558215,8.03940594202794,4.16325732615983,1.41418237376992,-0.219766692493181,-0.807742159723679,-0.774795258542664,-0.299780595361373
16.7005633447922,1.18968341102573,7.44479041053977,4.89300048595239,1.77714583970772,-8.09920627778478E-02,0.210579363222417,0.57702345170174,-0.20913950432859
16.9082316580115,0.720562074356262,6.82934718154212,5.03207489532982,1.96797901205729,-6.39700993692744E-02,-3.12662845231852E-02,0.16172216132684,-0.37807047492408
15.3416298617525,1.5348457787249,5.81667379406258,5.30278255932209,1.69691916814306,0.376973360309637,0.742806421124885,5.03110299745472E-03,-0.56563972271436
15.9008620689655,3.19252873563219,5.77119252873563,5.69252873563218,0.571479885057466,2.08333333333307E-02,0.21372126436781,4.70545977011475E-02,1.64188218390805
14.071771481694,1.6562928962066,7.14591791527159,2.82306971609519,-0.964506453042059,-0.300681981595946,-1.04621351325835,-1.09886917428661,2.59174795006066
16.1555276599429,1.1535797766427,6.73498686982367,2.81901999826854,-0.436109427755178,-0.209577814330664,-0.376951490491454,0.667330389865235,0.581118517877245
18.0351583496571,2.63489211877218,8.60344224268858,1.97941580718825,-6.13268976164104E-03,-0.379505272309462,-0.431813508511805,-7.57567558791144E-03,0.463919943146347
18.5402699723522,3.50024395092069,7.84654583566742,1.91293662697193,-0.595240246480791,-0.568857406169256,0.477420987007356,-0.183595655866582,0.893763891649651
21.8598372271364,3.75056101155242,9.33593901848599,3.89085807379554,2.39211792021091,1.61535987786734,2.03095016803843,2.21789511999464,5.79564690374587E-02
21.5488954412395,3.85719494108195,10.210575871382,3.61578841177866,1.66577584589626,2.52627331325153,1.87886489375635,-0.162825518298399,1.06615317633649
22.3002851148529,3.64122151092939,6.19111661018165,2.13997525418258,0.208008320332804,0.577761041476146,0.767478975021073,-1.31834238886798,2.44194595370022
22.7660697549993,3.90859243991683,5.74026263155815,2.05035028313506,7.89977342013443E-02,0.461777664467885,-1.60939929404753,-0.124241891062126,2.60297534193452
20.3268282897753,4.94970770288858,5.22409445208619,2.01348292067859,0.275103163686377,0.885846515359927,-1.19748681797342,0.243222718936266,2.59162941311326
21.8962685644657,6.8031151217617,6.49442845285818,2.23426987126282,2.74109523725432,5.79228989704513E-02,1.51871015593268,1.40109841594999,1.07192681936179
19.6141816946446,5.09976429219363,8.50859650536034,2.62430697351876,2.90659596599924,1.05490625974089,2.46354934628734,0.83635994298183,0.224500302952822
19.1581128957724,4.59347999607904,8.61666970074639,2.52447101987089,2.95507694892943,2.3837363991542,2.26715772079932,4.23604206634845E-02,-0.436207306997523
19.4352868711897,4.06106293177666,9.51431031224409,2.98105257263648,3.16478732265223,2.53693943402698,0.91097438912571,3.28972695266312E-02,-1.84959648349187
18.7525968652563,4.90043749541731,10.2317363994092,2.81456548988663,1.19831147020109,2.52616068965759,0.307259351333617,0.232190305269152,-2.87706483521472
18.8772408009225,4.70978788831812,11.0563650976692,3.48324422546039,1.27861061606736,1.0605584093371,0.183806828109158,-0.081420134884872,-1.40126498235314
18.9087376469437,4.43347171551977,9.66823220251325,2.92105226373687,2.56111879901036,0.223997428048247,0.148865685411155,-2.09669979452151E-03,-2.18231503613312
19.7395902924774,4.90122996645546,9.38579033607831,2.16000112518372,2.07772206555602,-0.438118411521883,-0.70499792544252,-0.620960766250109,-1.74755096730637
17.3237583481011,5.940745864726,7.59057667416644,0.778740109751015,0.458187289848936,-1.88445122712183,-2.0384877323473,-1.4066528081354,-0.18684057578276
17.5936411384692,5.11750304677473,5.59959448237185,-0.085201842085392,-1.78744117657632,-2.96229189360196,-2.87637104862975,-0.823258305382099,1.33770487088506
19.6069605897363,6.7950808052169,5.87574425857669,2.40501842926,-1.19187694924866,-1.42117947263963,-0.79316699744826,1.41657215764105,0.248086192231358
20.225851049768,6.35326648066048,6.47151497397462,0.962778518071309,-2.0452345142702,-2.2310025400205,-0.190769472597435,-0.800588741743142,0.455488909291616
20.3118513534793,6.37158767195844,7.3131540146299,0.796269522023562,-2.25818457706457,-1.77863349413802,0.452710537240366,-0.175716105758902,-0.263395221667124
20.0447256268554,6.5484462131469,8.28174287051359,1.15529294928357,-2.31272929921517,-0.18719032326055,-0.796987807622645,0.178973954109784,-2.04944825294985
21.4119992621078,8.10829986803082,9.5656369286657,-0.385619616579866,-1.52048360318428,1.32004654396844,0.69709525904273,0.693547700472541,-3.20344538888338
19.3261684225412,8.76228522944212,8.61733719861416,0.123382592095022,-1.16806900940394,0.247472247755073,1.21332107756486,0.345047019727065,-3.86728416884677
20.0185636962382,8.90417291976358,5.86463438053443,0.838922594365461,-1.13942687255062,0.453423615013123,0.449867351365964,-0.592473523617142,-3.26465002809449
18.6639731316292,9.97050507370143,5.19569991244816,7.28402681096049E-02,-0.631880355374396,-0.264090824279137,-1.14535042268885,-0.897765274927159,-1.68824365249093
16.5705053393243,9.60604248118107,3.62483223434673,-1.81478671879558,-1.44825523720605,-2.09232946256637,-3.16128844021707,-1.64118573846064,1.329725156095
15.9579848563701,6.71091499483241,3.42344257368409,-3.76794915962383,-3.41061520080336,-3.30946220322957,-3.05657970929508,-0.490372140412092,1.72546490064283
16.6272557102982,6.61993740829139,3.44548600512649,-5.00218813552465,-2.94129544978137,-4.02285958053993,-2.49006145167163,-0.343114360420855,0.917913658746475
15.9943973471954,6.36217253523716,1.62271059577815,-5.01077150440787,-2.7255950061394,-3.37482629570537,-0.800694081922261,3.41894167211922E-02,-1.53742086804355
16.8635738191958,7.61058006401764,1.67088219514064,-4.28888961885054,-2.16871603397242,-1.7172347593134,0.413523269352193,0.720107158368828,-1.65372809658852
16.427558505316,9.04591884479445,2.20344229371073,-3.0827316637753,-1.45624428623874,1.31227549867189,2.12965829008271,1.38605950229991,-4.04408324275298
16.0652394780265,7.80546328387892,2.21932397086056,-3.1012890813584,-1.90876272688625,1.69619760630057,1.99883269323611,-9.94372428502539E-02,-4.32588034385109
14.4010757351039,7.53488304296016,0.894988284253525,-4.2807114719569,-2.46959918663931,0.909564640674595,0.156695831526479,-1.1460660236064,-3.15250148496632
12.0280623674542,5.72933779384093,-1.66671644911735,-6.185220586039,-4.0547806087398,-1.56142656590698,-3.73592401206726,-2.45863078347621,-0.466337106843104
12.7631227361796,8.74836708033965,-1.2662549729826,-4.08118579656791,-1.75761534350692,-1.68153613205866,-3.00828335609524,0.602695801911992,-1.73089483997387
11.2017164162309,7.04758403912948,-2.31693685718787,-4.33642658344649,-2.34506867915469,-4.21452202159024,-2.93133584894337,-1.07050959857765,0.806445563049039
10.6682231552786,6.32825591685339,-3.00954604507539,-6.25294195176139,-2.39724350887763,-4.52147389429684,-0.85744949257216,-0.394268607256493,2.74895972585724E-02
10.3726586546059,4.18939969747822,-4.15515904969034,-5.32536140815605,-2.35094030086618,-3.25511916497973,-1.38843945425676,7.93931503653467E-02,0.573813053588495
11.0228334139836,4.89228495440445,-4.29397223378836,-4.81838676884874,-2.77737140027684,-0.468521998777125,-7.12723617035049E-03,0.306471155324986,0.570929129014238
9.61811535091696,3.35017674249977,-5.15159068249795,-5.71656243391039,-4.92688600864075,-1.76138251910933,-0.288150699416905,-0.676379951055918,-1.33047826218315
9.73239268917068,6.33818539024826,-3.15086027266773,-4.8862892183128,-3.27811513960826,0.799994046555933,1.11106149907722,1.47347740667976,-4.27717747216764
8.07821464604636,4.14414143087327,-4.78639300073787,-6.48726790850361,-3.30876263044558,2.74820425557553E-02,-0.359525351243082,-1.17608083485174,-2.7173340159923
8.82521297013367,5.44238302075266,-3.33381969463993,-5.20144711194916,-0.202401128358243,0.570539225039377,0.934936080900583,0.622168348354402,-3.3723544750852
9.0945711568229,5.2621174539826,-3.61798549075922,-3.94882601965647,-0.503907051341816,0.567688032673775,-0.241323362115582,0.303612390667848,-4.44564629529476
6.84084219712251,1.58687023718849,-6.50134535670133,-4.94624314403929,-2.04119126264501,-1.34841867959842,-1.66839540856359,-2.61646042967211,-3.09336354485225
4.15576641257576,-0.775489102337344,-8.16770777860272,-6.06280878654419,-3.22556820611295,-4.46829435156283,-3.90037977586614,-1.55952996419922,-1.87400148489643
5.01025502109051,-1.42138462133818,-7.73576873959986,-5.22851282845092,-2.8466390619558,-2.79323555589955,-3.75178979141675,0.446190162919382,-1.93258774815216
4.68489257657476,-1.57040696616423,-6.61963705633873,-5.31870820862872,-3.21592708603553,-3.49005137894586,-1.1584461643894,-0.051495100221852,0.505658653306332
3.76835580398616,0.19126728236516,-8.2120022171391,-6.94846712935132,-3.35927802456028,-4.65247905818429,-0.418055631455272,-0.816203851888856,1.28031976766879
2.52461619277451,-2.11938211677536,-9.48547911227671,-9.73628187861147,-6.14763001259939,-3.19210701971271,-2.06290212372673,-1.18449999407553,2.70985477137452
1.43323456242375,-0.363656530764227,-9.60996054445482,-9.95341393462104,-5.22587903468602,-1.90979099652981,-2.31385380849007,-0.297501148806025,4.56472135511575
1.51253275247024,-0.618745462007146,-11.662641664299,-8.28716418852796,-5.47518704422767,-1.9706727278467,-1.09306436846925,0.386715913754448,4.63703949237618
2.56796477427258,1.16725671557844,-8.83262771444972,-3.17778899234542,-3.28295766671933,0.503114610741071,2.46395179961708,2.37573338777963,1.75627833872018
2.55756052816167,2.23574572390987,-7.46494723778838,-3.85021544248572,-0.694888733013196,1.26413479993524,2.70941086693439,-4.50926132903761E-02,2.72135848242159
2.63105272872701,-0.586045653110187,-7.09138312926844,-2.52030394388728,1.0732633975266,2.6383590721713,2.55029840644805,0.223804836030278,3.05905063680552
3.55623411211591,0.551600816793515,-5.76187968586029,-0.604639356869818,2.10222042059563,4.3654506949943,1.65783322409921,1.48166950170292,1.4506040710868
3.30885819125307,0.219861445805848,-6.77610713248631,-0.225895379138421,2.59836254134187,4.43154691194606,2.1499658705646,0.455561966609719,0.760652720738254
3.56247775817552,-0.229043469043156,-8.0945097712594,-0.924124145346058,3.01201626397922,1.72596557912033,1.54992390456649,-0.388048852511149,1.00211250009464
3.59363216484635,1.98779110559155,-7.17263166583498,0.650965943412859,5.0051214323502,2.64926255126123,0.963504635552865,0.89484367437445,-1.02728804211206
3.91003085786355,2.6014634164543,-6.61746323735182,-0.27947448349458,5.80851706883878,2.96825035540648,1.05819710973385,0.550740103655564,-0.885437849576311
4.55098809506027,3.44899696775061,-6.95139438660433,0.806608212466575,5.3669320507267,1.42986242848821,1.36152478826535,-8.02873915186674E-02,-1.3943866043288
2.97734894305049,3.77455236840531,-7.10596442900771,-4.00473082220383E-02,2.84485597939997,0.754910473681061,0.245897957961561,-0.226061440804837,-0.908362776214144
3.13543661845129,4.59501703593475,-7.26229342289225,-0.493273710685235,2.74486579281755,0.992169842084936,-0.455041249826654,-0.148057078815104,0.531506171543815
1.80636796833833,2.00614885381877,-7.8126836221374,0.955308978008932,1.41817892330612,-1.037950786424,-1.51598436629277,-1.13727259286778,1.39050529021302
2.88069871625946,2.98347325226819,-5.58031848812258,3.15212890110304,0.6290705116139,-0.893347889922073,-0.585024281895869,0.693069306930705,-8.62101419267388E-02
1.72729820415522,1.85151522037159,-5.34322524938081,2.13744158391844,-0.42150469222205,-1.41410469070721,-1.03577298582865,-0.596847614503102,-0.471494467040826
1.63772818093573,0.819619500145427,-6.57319730923072,2.44752735527296,0.232288475847668,-0.916689643711025,0.365618283935846,0.26552650166002,0.630389375918297
2.80790583392678,0.979094505363403,-4.36677640777459,4.48198592877889,0.626381861770952,0.528696119042392,0.960825034395075,1.28631989470819,0.869477679553468
1.53706951023903,2.1136107860329,-4.47585967090037,5.33543709829992,-0.204144965358919,1.37143540830864,1.27235406065275,-0.280418908460051,0.613930463588525
1.16465273303417,2.41445962901422,-5.47398088176004,4.88506071943964,-0.899393747574421,-8.62845279407373E-02,0.242651685562604,-0.774676809808552,1.48982106322131
-0.587879410522464,2.30699861876877,-7.25812281923374,3.57407851329293,-1.66470706863159,-0.47372806867344,-2.05396314433676,-0.986267593575565,1.39188536161242
0.851268269613337,4.31864757944046,-6.16831690600766,2.5684430198254,-0.136247963787305,0.626440362427092,-0.386974244255438,1.35760023421138,-0.233085359536983
3.3440649961743,4.45554984678734,-3.93843401505883,4.09294038937085,2.49501920240705,0.86198293037232,1.89917165362479,1.52029836733335,-2.52126310809163
3.79191301342628,1.63359953028438,-3.56485902957649,3.36344616665241,1.28911664480357,0.610184355943338,2.33742971917397,-0.535119045407084,-2.15719865179728
3.18167474151214,1.90937610217001,-1.79577137977761,2.00330418963821,1.9680347496798,1.46795121679568,1.08741252250747,9.50418592563866E-02,-3.23699207365744
1.03164744602522,0.830872115496473,-2.39691969362059,0.48786528913524,0.641730495708658,1.37277786742823,-1.52814419796822,-1.08381150386352,-0.140355090874301
0.421361524425811,0.862286262485659,-2.30093489588231,0.625646620642957,-0.903669983634619,-0.233629916668236,-1.23925434058801,-0.249054758187389,3.32649874908296
-0.366679559226146,0.442138951455716,-3.14578451224414,-1.06515292850697,-1.41780234947938,-2.5864749467234,-2.1375105226037,-0.791375636096146,3.60536633828561
-2.44935319452778,-1.63543415345583,-4.06123952691667,-1.78849499039098,-0.800246112710512,-2.20475969828404,-1.20511671363571,-0.161036711812642,3.47710164303021
-3.91542227474331,-3.36599702266763,-6.60000920824445,-2.74405684556239,-0.833729799413742,-3.34527847265919,-1.98322564803021,-1.0198130726377,4.52201537776822
-2.02410435449261,-2.1131709590256,-4.31014720417298,-0.410007027618175,-0.125144216495751,-0.140552363271497,0.892545087619742,2.0507867550067,2.17179707846505
1.22666550153468,1.18151663772041,8.37438603006669E-02,2.86112719235964,1.49573816571817,3.21940527295036,4.13366976518949,3.1145433957043,-0.685243239503789
-3.65997379458763E-02,0.462986685015339,1.97418986480057,3.45391726995236,1.51047118502633,3.47990308389393,4.60790700738583,-0.520082276210887,0.436268876314832
-0.482292098704724,5.61572991642379E-02,1.09855422482739,2.50285374510457,1.13562538309921,3.36026192057962,2.33291368292781,-0.28519098987335,0.872456863486393
-0.464720176784559,-0.163716586766122,2.13639133403322,3.07170492838316,2.18594680312162,4.32637599019168,-0.816747546086586,-9.91109381767926E-03,0.421405026025799
-0.47007415254238,-0.33361287664784,2.32351989171373,2.61704037193972,2.23156485404895,2.12563265065913,-0.498028483992482,-0.202301082862524,0.156691384180799
-3.29954356314077E-02,-0.286693674041747,2.56594504426888,1.6710355067549,3.31677451285906,-0.6899712206478,0.115850640661387,0.327388044653834,0.259564093633711
-1.23315525949464,-0.871298529979823,2.85513340961598,2.53664118242971,4.05366994876429,0.434373838450817,0.727357534855587,0.602365734026184,0.108229052030124
-1.23205228035192,-1.16582856061653,3.65103738365366,3.42944262915445,5.16326693980919,0.864910889071647,1.07486191262837,0.148457569516726,-0.182661029160285
-1.28924955221698,-1.77760719377125,1.7611580217129,3.9335453448843,2.73312132178236,0.41963665606609,0.294257411265845,-0.459114669006119,0.38344847753775
-1.43482508134471,-1.80757846183225,2.44952221463249,2.15646093618021,-0.862657823414046,0.156446246391829,-0.778558784860697,-0.467135270916415,1.43923201786278
-0.751079631261586,-1.78043170623791,2.26055223001906,1.07286642557035,9.03197024934747E-02,0.258892102693865,-0.494747196249729,0.42965850376454,-0.409546829120236
-1.35667873978487,-0.541288244180328,2.4061299892616,2.0443004568371,0.824854849571385,0.108112043390432,0.416795588155007,0.452104908723589,-0.379302185901755
-1.44136130998383,-1.26893746081278,4.75897114361119,1.81136174742274,0.693340721191,-0.182995290240753,0.738542745075158,-0.142532188215406,-2.95271285049775E-02
4.33327628459813E-02,-1.32401618242001,6.32221368514196,2.96847632538171,1.00029495410005,0.38198376660028,0.41730543043271,0.107421554954328,-9.50407655697576E-02
-1.19471285257579E-02,-0.742894173783655,6.44674295933994,3.76950006697632,1.2497420506341,1.4188120209835,0.543775365020979,0.578530648005011,-0.849332227922251
-0.603995549892963,-2.22028029799561,5.16829262023918,3.1705176737543,-0.758207179652864,-0.411231012693079,-0.723693148230406,-1.41874699379114,0.293736437637918
1.52042766367161,-0.621544690195955,6.38974250291406,3.79248226898525,-0.421305718868876,-0.380746365187654,-0.345668005247139,0.482327449182046,0.994983063729342
1.25071560623242,-1.08699219305506,7.67786233376968,4.96165809154654,0.24540279970683,-0.029535849593242,-0.719799593790917,0.207844867508006,-0.975412316813921
0.121009775548725,-1.03696629950649,7.99029005897403,3.01248733406717,0.750843788043356,-9.51311789705468E-02,0.730796987877143,4.19160367111617E-02,0.415879981629836
1.45031785037482,-1.03114239915872,7.46884482110191,-0.283345078522361,0.145323893365855,-0.856607672955517,7.22968112724611E-02,-0.177820944897411,0.278963453596762
2.24892276489734,-3.59432259576134,4.96791175641491,-2.67249490212452E-02,-0.571840690016214,0.292876153657474,-0.399043759358295,-0.262856347907577,0.548044502531541
1.46094733643034,-2.21240538936888,6.12526954080378,1.42802356039886,0.749649054255498,0.985180682788463,0.73734786321076,1.17331654582555,0.419687694467355
-1.69386672951171E-02,-2.67594120073058,4.24203146173333,-0.3144700406528,-1.12347551994345,-0.985020326400754,-0.848038060448956,-1.77782360219172,2.17109526895658
2.47441914489706,-1.08530339493066,4.18876293561863,1.31652020515501,-0.26061800587299,0.414157583149117,0.851545740637882,1.42686543326836,0.276952003455552
2.5601252571595,-1.65055437216669,3.44748484351957,0.680903744970591,0.830921040653948,0.278187412383705,-0.64121470315146,-0.314599377355394,0.998416079523734
3.38612779901693,-3.08938649189878,3.82596031312579,8.44711450937616E-02,0.355725468778445,0.545057345712718,1.12215547059895,5.46149645003062E-03,0.907700709994533
4.92981596506651,-2.87041173673061,3.97361253224574,0.983585294499118,1.19363299658448,0.417933678248711,0.741111703584147,1.04699592154376,-0.392353254838659
2.34336706743938,-2.94813020788283,3.40981172332265,1.40342530922931,1.11942450191736,2.12496035521725,1.01959173081913,-3.31574546607874E-02,0.296254649251804
1.35342537156757,-3.43007724551333,3.06737806864497,1.43486979751105,0.865482766359465,0.276187097755034,0.583504064981789,-0.435094222151435,-0.81914993737829
1.16916687396575,-3.25405495048256,3.67478197543415,1.40747069872412,1.5228371494392,0.988546274564945,-6.45331083687531E-02,0.401979976710401,-2.24459850672549
1.72293725621791,-3.25716326950347,3.73597745568172,0.876082022638124,0.269535943538166,0.899535618796067,-0.115824682564598,-8.44329461685897E-02,-1.23221585968253
1.36544325362521,-3.50747105441155,4.58571909124779,0.775137719872545,1.77200172172448,-0.393898729323929,0.074149898541243,-0.244513811774995,-2.30407245711062
1.72807830792782,-2.19630164650755,4.54783927326563,1.31770911939516,1.00148767814408,0.295379573532275,0.326642375110503,0.653644092767874,-2.50964834738363
1.29197551815881,-2.35548304920822,3.62957529042076,-0.809492005445286,-0.232117635465828,-0.825915423048993,-1.14744944324615,-1.56460425038049,4.63505341260529E-02
2.71398593403676,-2.58601295956865,2.35809567362835,-0.443295433171922,-1.29042489240312,-2.29613757647952,-1.96053121692341,-1.05033726595143,0.998336720130101
3.58019639934534,-3.08043020808977,2.01696574701894,2.00929389759243E-02,-1.39846855272386,-1.24758884732288,-1.66515665185878,0.941445522562543,0.382496492868826
2.63238762370555,-3.63647134177722,0.977426628211333,-1.53500409112282,-2.7275386250125,-2.35841197791905,-1.4446661754851,-1.34433185114979,2.16810997530518
3.3788914198937,-2.99518617629064,2.17506689961739,-1.12642000427568,-1.82822094934796,-2.5742530464206,5.56575329337699E-02,0.444154484670227,3.17837686415876
4.56067647724041,-2.11690974223531,4.12839351247237,9.30229164690756E-02,-1.18595098604291,4.63290603591209E-02,0.14518870884192,1.03018320042609,1.87140220190714
4.4767726339928,-2.9307159184687,2.7138151888935,0.257432684091746,-1.19952676204456,0.988468476363652,1.37333946789943,-0.097860935229217,2.22414536000408
5.73087071240105,-2.94240742425621,1.54162496588118,-0.589937221362935,-0.615776544445458,0.381039031935212,1.26394322627604,0.333727595305252,2.05113274497316
6.47863947846192,-1.89923646418049,2.48375629183232,1.5890387131142,-0.845433823875802,2.12210050262184,0.662069265418386,0.426884288266487,1.896337419778
8.49120300080379,0.440475127266229,3.77601143163347,1.58113780476914,2.11699562382782,3.08046798249531,2.16736625881933,1.41895150486737,5.57292131821004E-02
10.1523333428825,1.81338986449709,4.57966883433122,1.6547540607901,2.90235482854441,1.83702409258887,1.60462084968631,-0.239565130203113,0.219153751396564
11.4649454007694,2.53439019249934,5.05234882067804,1.89284476815419,2.22219047040709,2.17575344080528,1.42740284837594,0.247545088569698,0.27897938553095
9.22503040180308,3.02769862808521,5.95304749100429,1.01814836079898,3.67817239694592,2.00990688667706,0.173317023939864,0.164758158560126,-0.167611113686705
9.69678433492422,3.26189781852582,6.36304794691059,1.32367898828534,3.51511099414623,1.86104571351347,0.686378411442966,0.275618274025023,-0.695624959990894
9.05916502725997,2.17579914381911,6.94263445217633,1.36353412048658,2.12617064349241,5.56981730285148E-02,4.71292233318277E-02,-0.394528725618667,-0.483431578721868
9.55200308716966,0.725341946917823,4.92196321122815,0.890062458015917,2.14744093644146,0.218674517987047,-0.194020038017933,-7.61073077307913E-02,0.258336072719997
9.98290172051437,1.12848644605138,2.16685071064725,1.27774017739466,2.12125529868558,0.2782032557974,-0.162433655113452,0.307056602429393,-1.15591493605957
8.58895267217021,1.97327293965513,2.39871973022886,1.24097577703873,1.42458589488498,-0.167892520209625,-5.00105379347824E-02,-0.281845103075303,5.00105379347824E-02
9.12867528560685,4.08193961966837,2.42846399025894,0.338072556673712,-0.248898757296846,-0.700497797514592,-0.228485477921414,-0.254628800630293,-0.102066396877139
9.41422969428868,3.32619373078317,2.26207005421076,1.69628346015995,-0.189791444675254,-0.485779992609254,-0.718624316984009,-0.180463320740373,0.689922397184342
12.3696055825026,4.98554836042496,3.10736980159734,3.36432743744452,0.228802776995701,0.257670417083941,0.231653901942685,0.664312112647942,0.145050981677964
10.6931906229165,4.29933149539614,1.70099284646016,1.35394706020144,-1.05447141286917,-1.16943258194138,-0.62886282141378,-1.11933978413247,1.57990522010199
11.1864067894645,5.11102145450781,2.0219150888493,3.56468307382508,-0.394528725618667,4.99855398973901E-02,0.483431578721868,0.926874725525831,-0.133532799440154
8.71605513631718,4.43169800498306,1.47663517897792,2.73996666009428,-0.4072487407912,-0.102170678807663,-0.590080481815413,-0.4072487407912,1.11742458190683
9.65936219490469,5.65045430251202,2.52271512560129,2.32460359878852,0.278638874042407,0.6851950828434,1.12773917691075,0.607518261179411,-0.408337787279531
8.92426280614097,4.35803813550275,3.09610744560459,2.54094335190998,9.53743443013771E-02,0.144840888547255,0.326336842255108,0.123844297824184,-0.535946875066725
10.6968130585485,5.76189648382759,2.97868868162161,2.51677197563407,0.684005690586769,1.55533244166617,1.03736132742516,0.309008794865701,-1.66531260975844
8.96902830461877,4.43893073823681,1.78472472980655,1.34211871708609,0.170535596177428,-0.133711347946236,-0.33713850565055,-0.772951695881758,-0.391123568591421
10.3941686579546,4.94820287738156,2.74336847927052,0.757634846239475,1.18236416107097,1.10507618892301,0.37722202919925,0.834922818387437,-0.565478511816545
9.12580857519034,6.52405690079569,1.74773885168012,8.87286049573537E-02,-0.388903199954201,-0.410012021294867,-0.84614173679089,-0.915192626939147,2.29585265327151
8.00344911482261,7.95550498762039,1.17176878050177,-0.163510941279168,0.718088532051013,-0.538834743033788,-7.69252787199666E-02,-4.29350392855219E-03,2.29523564180728
6.46631189681609,6.77009109768197,1.73969513845043,-1.16749346080996,-1.04843510417606,-1.69351492739244,-1.76314602687832,-0.835933976729506,3.05691350229999
5.93296077354611,7.2990133267292,1.77306873692183,-0.923503210546529,-0.119161704586638,-0.392659351860827,-0.319798430080429,0.51612810601085,0.407016183738723
6.46564479956644,8.65734649709235,2.21915590782517,0.137627599681964,-6.52483179839313E-02,-0.568694356198762,0.347634481061943,0.661040336296247,1.20299357856717
10.571101807842,11.4486169256543,4.04412407623085,2.11701833723302,1.72180427460732,2.24432622997262,3.05888689533123,1.90751990934559,-2.70109575721965
9.56744675716229,11.7069536597565,4.2097605165316,1.81072866351646,1.41234737169779,2.24373659966353,2.55117922960963,-4.89669717774915E-03,-4.09643695327503
11.3055228813085,11.2838178457402,4.37426482944042,1.9979135159357,2.0798325211449,2.9662381672548,1.8137707948244,-9.06710356802829E-02,-2.66131742564275
8.85192691968099,7.2079414613919,1.19786807365226,0.184809846039443,-0.827533449867205,0.405366277386342,-2.20699417688126,-2.10940599899195,0.450406974873738
9.61383309669849,8.58755429976642,4.32389964804239,1.80171293083099,1.52796812299844,1.18869367004766,-0.727872294700213,1.44235681244077,-0.107102215677086
8.81853931372619,6.52413029568868,0.970172323309306,-0.860178721629912,-0.465136341742214,-2.7760803456531,-2.67794879905679,-2.02841141920502,1.87420470312511
4.60365798063422,3.73310964824303,-0.160469738689622,-1.19987600065647,-1.08681777567061,-4.27141268075641,-2.02483633910173,-1.45990991812397,3.89175586717482
5.59008221661163,4.6319673723053,1.22138063485898,-0.731893283845116,-0.2039230918625,-2.73407997237867,-2.08418750854175,1.38502262215605,2.16115319047928
5.84433839726413,6.00162985263713,1.22808328618149,0.733789549726532,0.192166031451177,0.448387406719418,0.999619226567315,1.05371040579061,2.02414886461902
6.62700106158985,5.99921703340304,2.14187213661709,1.01820926369398,-0.840807372582772,-0.107217047510553,3.29480808501184,0.892299770400326,1.83644462627453
7.82712094053886,5.43696103199581,2.52282895572523,0.851763510366529,-0.880343810424409,1.83972450002117,1.89335666803099,-4.41054013238677E-02,1.38420391514827
8.36709189583874,5.99509945026784,2.62895536848904,1.0520736065378,-0.274515035139334,3.74597179024524,1.35467202123102,0.51041542339205,2.19331194315924
8.9781908433226,5.93934273292144,2.43333157311085,1.53068947915017,1.51660769921319,2.11543539103343,0.182359050183953,-0.28550808822234,3.66267096160955
10.3231657336194,6.94326723521512,3.56755436962625,1.61600306946406,0.995483004586755,1.98398995448123,1.14511937773592,0.920839219379467,3.08376497671743
11.8492505471975,8.64260382899732,3.62189344194165,3.20006649488821,3.65237026570249,1.80332751503062,1.34305821073339,0.70962513506775,2.26636743966974
10.0363686985574,7.55390049941705,4.64127238241078,2.72956653383681,4.57305932100162,1.36530530565368,1.14152470113281,-0.490368385334197,3.30241703934432
11.4762601592503,9.2953276036192,6.85745103292867,4.78815859079261,4.48896308662585,2.14623824343728,1.51796203549125,1.29811688891637,1.71685319153321
11.9860489915404,10.0869730590676,7.04036894779918,5.38139435371308,4.56837794056218,3.53325929925728,1.94084745244669,1.13598157977852,1.23718412410556
11.1488955660224,9.24726598451627,8.60774998646528,5.0988712035082,4.06008066699151,2.99151372421635,2.77495804233664,0.364422608413188,0.904458340100699
10.0603478637804,9.42503589715803,8.12291728752947,3.17215735146704,4.0218363089594,2.21614152962532,1.41353526049146,-8.39858036899575E-02,1.46196255858687
11.7982373392987,10.5864081071611,7.64695577177046,3.67793709403551,4.0286499743956,3.19684392097674,0.796768455380954,0.5174783710212,1.15826213513732
12.5354595558437,11.2467579834657,7.51539957853785,3.53379802236991,4.07177014102771,1.68787485816178,0.194520992057052,-0.240449559626084,1.29072783271196
13.8731038369417,10.6258931506665,7.82517393375422,6.15728844489471,3.82654259280381,1.22206493079549,0.943972197435773,0.6675567423231,1.60817438326479
14.5163291517023,9.27872733552644,7.4632221026193,4.81809737466006,3.17394847238011,0.896351216764082,0.464439369703811,3.58808754933675E-02,1.30378358802047
13.7247375711353,10.1820730628661,6.56864872081575,7.14507434789139,4.09539226648421,1.4408971812887,1.16586839338463,0.465946829992825,1.01466931459754
11.8426574125264,10.2933438130699,6.99589025584323,8.68141822808081,3.04667257261991,1.14500003330425,0.719371748672823,0.218808906887975,-0.116231824206852
11.9099535231084,11.1581214533864,6.66313255582896,7.29760547320411,1.82540158834944,1.27428034167518,0.575126527836124,-0.109357391959556,-0.263057872732012
12.7578442765834,12.2454571866251,7.42334002429877,7.22657281707252,2.42987692145158,1.58272146215203,1.08651154191537,0.97789340235592,-1.25257514130263
12.7720566572988,12.704197658368,6.92194891044928,6.14372204954038,2.25391182302372,1.28700384313646,0.607420795307465,-0.264484586076665,-0.298910614802522
13.2475342397859,13.0023625039237,7.45559979513952,6.3549703447934,1.92337557203985,1.00447719275057,0.895768970245657,0.181070230798461,-1.04511886864147
10.7741244961039,13.0961312113846,6.68360491209118,5.01712163193994,1.26736753658562,-0.116367079786464,-0.994621773647689,-0.910930836609274,0.423456135612655
9.94032994032993,11.0488224773939,6.155877584449,5.04437647294789,0.348660348660343,-0.263751692323132,-0.986812415383843,-0.256731685303124,-0.323923181066025
9.1560738477175,8.17614058080522,6.40617581962007,4.14808326256595,0.298560357336288,-1.2684636010458,-1.18454574024914,-1.43763665906559E-02,-7.68968445547065E-03
9.8912992954707,9.28570954268677,7.29230993977303,4.1335484770613,0.527566950204847,-0.299806769059136,0.425307277037389,0.694568948916648,-1.26994561644654
9.18953392858336,9.02658590499597,6.93029965073027,4.05600336581164,-0.260449709832301,-1.05615696435845,0.112527631042946,-0.571653722093478,-1.92599221322151
9.59117878499118,9.54934375446158,6.83703927512509,3.34315017779888,0.414698040726063,0.421670545814333,0.690942051842234,0.564772912149748,-2.04294399086269
8.48760463618803,8.82163554410819,6.93919027688346,1.2465792015454,-1.58295771624812,-0.324975853187366,-1.01215389568576,-1.00846479931315,0.305524254131777
8.79366321272975,8.79834425018139,6.35216782187984,1.1846368350837,-1.00909793064708,-7.69027581341446E-03,-0.134747006643736,0.301926915630979,-1.00307945392415E-02
8.01092245661115,7.71802037199574,6.1956693535641,0.699803947284349,-1.77422663424902,-1.28628068157743,-1.28258157373498,-0.575043128234614,-0.465751305616924
5.7555989840457,6.43074555519994,4.44786424889518,-1.05885317009063,-2.11055652777873,-1.96381513989801,-1.5191649019114,-1.24440782529945,-0.374513982990256
5.76212588550317,7.27383655899401,4.75612649561062,-0.366742365183192,-1.39477341287325,-2.08555062197064,-1.37240280649425,0.446056333254256,0.427075212690232
6.90568296181379,8.95692557683884,5.75685335704995,0.329335611377289,-5.01526311742373E-03,0.304593646664672,0.57441480238191,1.35646149782504,-1.57178346099963
7.29947266167083,8.55244458266036,6.46783637464093,0.280890422639756,-0.717273757812274,-1.00318008085692E-02,1.78398857712281,-1.27069476908503E-02,-0.643038431828883
5.96045732201741,7.1858613979134,4.70363262879075,-1.22337693929402,-1.18182063895346,-0.467930698956697,0.322314719714578,-1.03552894751066,1.22472836369533
5.60875419494624,6.2505553391157,4.48030511185384,-2.61368218882214,-2.9284313122407,-0.375921862932054,-2.21212928978108,-1.15168788916457,1.14006848612849
6.23882007492659,7.31411792500591,5.66944547571636,-1.22987613486787,-0.636538526443691,0.425259036754528,-0.931182287623602,1.24067636437275,-2.44928954740289
5.47954046727765,6.17182882338155,5.84640573940337,-2.8907624683239,-1.59416548341293,-1.59688300394719,-0.542824726719342,-0.646769887154959,-2.23923692023398
6.34646580911802,8.33754030276718,6.23069001029866,-1.67302760445062,-8.17834857939001E-02,-0.647200177702374,1.51854768683994,0.922167699898363,-4.14167726822965
7.07889282364683,8.65661578924532,6.38899365506377,-1.01332069463867,1.96756439225792,1.2099102496921,1.10777713620085,0.828746799995992,-4.32530397951998
6.95252576448725,7.33468491299207,3.3887480993411,-1.33907754688292,0.310863321507005,1.1272174353776,0.528467646561915,-1.23635749281974,-2.21828011488427
4.08569263717292,5.0772749132452,1.08153740230354,-3.49856244788657,-3.47849553511191,-2.51078596561639,-2.80002629457537,-2.39315233900628,0.571215051568514
3.68006282271346,4.83783539615141,0.745672251680022,-3.92919935787403,-3.91078340757624,-2.29052725213174,-4.10536703336415,-0.430516272055702,1.10009242722224
2.85267888490977,4.09627132926057,1.78112492100274,-5.74889403834001,-3.91966856260095,-4.32062355171689,-3.90773119865179,-1.0441682466119,2.77894810757672
1.28344671201814,3.57718472004186,0.979940694226414,-4.4765393336822,-2.08058608058608,-4.52084423512995,-0.831327402755972,0.638409209837788,2.20233734519449
2.37538227620643,6.15684987127875,3.86578433574649,-4.07692174784457,-2.38609464899702,-2.26860410871331,0.549786616445215,0.945107728458625,1.64348532232147
4.07624774669401,5.22388573158483,5.6724828335925,-2.57736923944903,-1.27354790769358,0.567970717342551,2.01731089430448,0.44687702109508,1.93956323705466
4.28615617266978,5.61073687104757,4.43841077811383,-2.7904179268628,-2.11919164146275,1.08812207863623,1.48130327192741,9.48583997800304E-02,1.94287874621942
4.63456709993681,6.17794250772883,4.0063538695407,-1.58300169094916,-2.34819888294875,2.70381061369498,1.14437972910653,0.606350453481818,1.94612875125968
3.35468984137929,5.25902588381468,3.21747114823374,-0.256346364557974,-1.01958267767602,2.15487962643747,0.777913934524154,7.78255274556924E-02,2.42453825227076
2.92988736694306,5.66972982345202,3.6475703829116,-0.302236002461416,1.73658211538004,1.61691161721759,1.08145413254187,0.400488201236813,4.01338133752181
3.6035123952997,6.76966273175802,3.86606461889431,-0.93310655300653,2.87795033780819,1.90265994424982,1.21050748847537,0.736023649948365,3.90959834234381
3.66639358355837,6.48521811249002,4.23379959745527,-0.821272162717065,3.97588777295669,1.90585038417063,1.23055968551614,9.81076352014345E-02,3.83395198457248
4.0307339695475,7.13361837872615,3.93288923439847,0.820287368646794,3.94796804632212,1.90897758953464,1.4378484880978,0.60951908642505,3.12131406819643
4.63098118413949,7.86460312064678,3.77316990262142,2.48345364019916,3.55955023228223,2.36714589456985,1.24772550038992,0.544546866356058,2.82004625649025
6.46584691416133,9.0408111235316,6.0830996319612,3.15611251658789,4.98846201617279,3.85852405326431,3.05053833029358,1.92190778764881,0.600105901041364
7.63509761064218,11.0124160866755,5.45391952764959,4.3912609976389,5.5039346296122,3.7624997158233,3.07722786425771,0.636880616549807,-1.10877635130089
8.93939639917528,11.9596733607156,4.39177232657434,3.52582106271408,4.95153984771986,3.69238761628001,2.57122911830122,0.025325908729313,-0.799389580661392
9.61309127302621,11.0542101141522,3.96786971115883,2.64437996146184,4.80394609858097,3.02683697972684,0.585220976971336,-7.73362534809473E-02,-1.49700890666683
8.5463880101644,12.4562438417259,4.29134470777369,4.07677747238501,4.66310999325832,2.7427008245605,0.201278328060988,0.253137478608113,-1.43001607633668
9.05283609827736,11.8525449831374,3.56031216900275,6.09164928423365,3.72341462463693,0.59652611263817,-6.59557738919022E-02,-0.24237934642052,-0.524722043524316
8.23171632845417,9.97297146404021,2.75244422696088,5.48419832311415,2.58790842482421,-1.12120804090736,-1.06866167695152,-1.08015619406687,1.02793824488577
8.37711072488814,10.364195166976,2.42894970264105,6.77624925128387,2.32093819450581,-0.805831312208897,-0.983559339231422,0.337126828422089,0.449066027762224
7.01194167711288,9.35706274328693,1.62664115590156,5.43973081744409,1.01405291284556,-1.5197598469354,-1.53130566734842,-0.786105429834398,1.7790459853533
6.98943824067132,9.2606110826132,1.48331557695089,4.84387536334819,-0.601744071341205,-1.45076220915704,-0.123965855134225,0.320930171381965,1.61221376053875
8.1566596008061,8.57113928019676,1.92868597856726,5.05704403152528,-0.568317290890269,-0.527489899303324,0.210342721455939,0.66989584115859,2.11093945461138
9.40469340718997,9.22135210956268,2.49948800967418,5.41669511057366,-0.117676506633116,1.01747918718692,1.45730325755876,0.473306612314422,2.18741771584049
10.6560875869597,8.78020169764903,1.30305153228302,4.61395591326023,-0.27761938122159,0.447058440183118,0.905521432411736,-0.237214682546154,2.41906841102006
11.5640790450292,9.11474623460051,2.08600052506539,5.04646180473401,1.62057219162058E-03,1.74794916589149,0.766854761079037,0.530899449977802,1.19500993410753
12.0050870658438,9.00688954400862,2.06265634151946,4.81459068859844,0.400299010740436,1.58663383157671,0.451752157634321,0.157271882958657,0.922273387720496
12.9917154463743,10.4113488788664,4.06774781690817,5.2163899817676,2.60275725298277,2.06730000319867,1.83443687426032,1.15503950356652,0.12218916930556
12.8407008703619,10.969868173258,4.83757062146893,5.64303710490151,2.80863490609253,2.14059398381432,1.85110958416043,0.547793556268126,-0.793696238611487
11.6063616898756,10.6862773169932,4.84125999382793,5.05441923650813,3.55657787152542,2.36193166814606,1.68618505403746,-1.04988880723064E-02,-0.549441809117488
11.1005060534239,10.338543334828,3.53148420985202,3.89276792005637,2.59560566267375,1.18089808468387,-0.131317660623931,-0.672282364999047,0.604061238870032
12.008888347351,10.4656121640817,3.97185997967095,1.8991948542497,1.82833176750495,0.913845236301139,-0.796167621661657,-0.112547255418133,0.345016657635089
14.4339514140033,10.9532541883378,3.77908834166102,1.6309278877487,1.72165923351181,0.122040049582754,-0.417555876452026,0.36516171903952,-1.72165923351181
13.5962957381107,10.0257489811035,4.38694658128565,1.24159470526556,1.59111387591109,-0.800046175009694,-0.116399503618635,-0.370362056968409,-1.43206662027789
14.7124686492297,11.2309336131443,4.32288734196653,1.54994369657574,1.29849772227057,-0.552477350667963,0.231291907662385,0.235130777499101,-1.79659108358499
15.4568839818405,10.8323304871604,5.32845599893029,1.775833635779,1.61951697834489,0.600434248311084,0.348290067684159,0.482002890743885,-1.87484479761609
15.0758120436498,10.864528910831,6.14516927894678,1.64981066960647,0.100656664909158,0.343830385530996,0.34766492514658,-0.370991707808085,-1.85272172426465
13.3410050613901,8.76820003705835,4.09364709400792,1.01747918718692,-2.18741771584049,-1.7518195973643,-1.61528884381207,-1.73003969144049,0.831862377000424
13.8582456870891,8.58613297071156,2.70144539039855,0.607695085412385,-2.25380704054446,-1.45287272561657,-2.18451418551617,-7.54739078242422E-02,1.63830430949508
12.4517877619097,8.17881528197645,2.58228656311895,1.24960908996143,-1.70827686854997,-1.82945898050661,-1.94445168351922,-0.135189721672041,1.7235875117273
13.8178620906699,9.24997647761155,3.96895693618457,1.3305560692629,-1.18487948425947,-1.91066683537897,0.192721361897626,0.402638400866917,-0.732925179337939
12.9761970652489,8.16709914145344,4.73161059688032,0.319065463768154,-1.90950912755131,-1.88769546829368,-7.94407889381975E-02,-0.348367394114228,2.27903902691634E-02
13.5652616850752,9.89032245584851,4.47866091520462,0.824999516412949,-0.540005545131568,0.824999516412949,1.03358673295033,0.97845780864139,-0.272743099212721
16.3743850563492,10.5416625323676,5.77446891593876,1.77065362468673,-5.28123369619172E-02,1.61189653903152,1.34751477945248,0.718567857451495,-1.61509728672618
17.6163347391815,11.2378189177851,4.84873521697777,1.19577156728057,-0.588919098079524,1.69438333221249,1.6396225025379,-5.12382032043062E-02,-0.989858038153242
15.5406951280895,8.93750122565842,2.0751214218945,-1.00046411598978,-2.28364677504755,-0.738336634440026,-1.38058164846156,-2.06204773204166,2.12316723210375
15.9301080343861,8.70720044789188,3.66744027837001,-1.76194676726874,-0.132154145115666,2.27851974337446E-02,-1.6958696947109,0.409808050986766,1.88042979392416
17.1819639485866,7.56943905655986,6.56341324643754,-1.62153774536426,0.628766131326463,-0.273489021646366,-0.947513383505313,0.685015646416843,1.2937388470789
17.6308880509856,6.986118205094,6.37222209570533,-2.25713365497543,0.131758306466559,-1.6416108998279,0.462943382967718,-0.636018491708992,3.12706380680653
18.3520066240588,7.60990503790722,7.87771366470879,-0.984552487903317,0.310179315341428,-0.99975418531839,0.633619685874717,0.580575465107262,3.01802209744611
18.8949413353646,10.4677808573422,8.25849565055976,0.187227559896814,1.69849001773062,2.079026032632,0.997906891894482,1.04911442964404,1.77050061769093
17.0645443682627,9.31423605564325,7.54295609500502,-5.75090896310588E-03,0.89841977801491,1.84572228221627,1.79332511166349,0.172527268893336,1.45785542214867
17.192935424366,11.2147265891785,7.22989232075267,0.472652534962243,0.290740350675632,1.27721502020183,1.32827808947526,0.10978559893789,1.43263823730284
17.9641190814939,13.5012445069765,8.21248418734798,1.3883587334736,1.49088465675897,3.0322436142123,1.43189281782247,1.15302230648625,-3.91175830381044E-02
17.1261542132512,12.7033314809408,8.09150191361572,1.38175927059689,3.93994480498075,2.92960594272653,1.73088817514215,0.475342771116501,0.180843749116966
16.6104797066538,11.6291283264043,7.86921436792815,1.58528991842409,3.38662708421126,1.73969923204167,1.46169957167926,-0.163843691231691,1.61799576081965
16.8206022855739,10.7130373444767,7.37379431094261,3.12825728924257,2.58882657286723,1.43690738985442,0.177605910120083,-0.135093857165799,1.9536650113208
16.1408565036954,10.8282178669528,6.76625963181228,3.2835473386465,3.28669370443669,1.4124036032181,-0.2139528737332,8.49518763352333E-02,1.46180154612415
15.4215148847,10.099757312959,6.39254707781449,3.12211039893457,2.42781717365851,-3.91328908791892E-02,-0.352511605742438,-0.302333140824755,1.5984523572833
16.0757545842304,10.9777079944717,6.4719837785153,3.40538355224189,2.07751588144777,0.180517294873113,0.478245472181212,0.693863352168554,0.872186860472038
17.3140305325085,11.2759221492212,7.13797190613095,4.94660060470831,3.13711776338389,1.59223349044195,1.6414395400008,1.25274269568689,-0.704358294314063
17.5969310695235,10.8156942930124,5.50251574463879,4.19414321057817,3.21935007613641,1.91622832892164,2.12873076127143,0.194587983111004,-0.110266523762904
18.1981127102114,10.8964161340639,4.51696731199201,3.11529957546834,1.6993670787942,1.44074077519668,1.05125080239276,-0.399413284212945,0.172727639213211
17.4892990488734,9.57339081923625,4.33287568259333,3.00278939161443,1.06450390452701,1.57330384488746,-0.371815341032628,-0.167425621400656,-0.035410984860261
17.9615119335376,8.5150342067817,4.38660809156606,4.94242945822174,1.20547059956627,0.864645535719831,-0.58875432633457,-2.11268043223047E-02,1.06845705977023
17.4839101774945,7.8911034579483,3.84192236368453,4.25051814682645,1.02787863676739,-0.709354692929821,-0.504277633198792,-0.315095603933231,1.39315267020928
17.0675068954002,8.69377002139738,4.83049065565051,4.34997711840298,1.72446846668563,-0.110388245043356,0.454539832531441,0.78817825382493,-0.624914967038133
17.2036652942451,8.11255920502741,5.73847630251061,4.84444169272204,1.90725319629756,0.172429805281248,0.360338049097617,-0.115778720242695,0.379840881651858
17.5312286371263,7.98831645018954,5.06401093779131,3.92890435647255,0.850475421042816,-3.54235286806391E-02,0.299857062954435,-0.375986576347038,-7.79939096389212E-02
19.2115091990593,8.36230614346537,6.81360569311877,3.95044650405005,0.66829590691813,1.05716174052044,0.584374663777077,1.0713023162878,-3.04883109697054
18.104664566203,8.33504956581879,6.51932682701914,3.79036348267117,0.480750019211554,1.37401060477983,0.705448397756084,6.14769845538517E-03,-3.40305847998156
15.8203763111303,6.77633851199347,4.73453791893161,2.50324379323112,-0.339159196348285,-0.628844711761357,-0.135974833765317,-1.22657390092196,-9.30354125762651E-02
17.0105811131294,7.39999444884768,5.1298815445773,2.24019836117648,0.716407047496277,0.37840355027031,-0.323200424354756,0.886333988163717,-0.269539285196626
16.2372616763432,6.7279495224975,4.56325081086797,0.952206213907432,-9.23596490955223E-02,-0.078054787619446,-1.16802303704648,-0.835901470601958,1.25416318115241
15.5111022331295,3.96053103013123,2.17320308065963,-0.824066939981681,-1.73374298877253,-3.14470793025712,-1.90115635711047,-1.9601315209568,2.87868555140193
15.4171466393427,3.86852673315217,1.66584991758259,-1.0510606070249,-2.91165744906986,-3.5229464064101,-3.18309393038753,-0.360536381398484,4.42731039223049
17.8663527301267,5.74273398861358,2.63295586201741,1.0143763002828,-0.606071931332612,-9.31220490588065E-02,-0.151050815362955,2.12716921428661,2.81670840029401
18.5813725520513,7.25764805200025,2.79266380731207,2.01432975759393,0.48332781871651,-0.270267762993115,2.47260987745182,0.710921724394906,3.7123163555289
19.9525801438566,8.12556433928539,3.46527355483074,2.0021375790075,9.12156559234833E-02,1.23862875535162,3.4852365771709,0.681506870350921,3.22970989121688
17.9904828240863,7.8171518741563,3.77420130306411,0.411445266992533,-0.264742684903816,2.79813601425111,1.04232800971441,-0.350113725320993,3.76834552772864
16.3087696203457,8.219290787922,4.96637382795955,1.34260909841635,2.06724015516491,4.23960971090939,1.45779435470355,1.12777945375374,1.96180603168509
17.2363446905443,9.28306596229342,5.18465564871808,2.31879755731111,1.77840110502593,2.73954344981341,1.37098337614502,0.594012019580288,1.85049435370522
18.7660262144144,10.1986356100994,7.01605304900593,4.01147327871003,4.12030245566329,3.57943635431203,3.25652676899592,1.5683327966415,0.892995575274006
18.9504876263693,11.2882975621657,6.99932761708685,4.2401775566914,6.16777441255749,3.12866314806109,2.36553829309944,0.217185631236641,0.639656311176432
19.2522565066693,11.1716014291951,6.70848517789202,4.7039884999094,6.66452822006991,3.63149813034426,1.94984748717673,0.170778721268336,0.737170062935676
18.481493103809,11.1283453624423,6.47330434392793,3.34752917619283,4.04088402743534,1.92405971219797,-0.234007262294345,-0.624019366118248,1.17541578876586
18.3855435303075,12.6467342975342,8.51006879076365,3.92788420072745,3.8228987291702,1.81687321740319,3.53917028762467E-02,0.485371925159923,0.456820635444646
18.7825629538127,12.8118138322552,9.15885254282869,4.8947494407225,3.77708099993203,0.885091745152677,0.499434073224721,0.634192616059319,-0.120277909942276
19.1262549221327,11.5828278169972,9.25065332813035,3.83216857639504,4.08019676706044,0.635590715054336,1.08286920429954,-3.39967126656997E-02,6.11940827982595E-02
19.717549937348,11.8304709957986,9.12744158620181,4.08343775337215,3.2455222230412,0.731775632048357,0.866219503206313,0.267413577061993,-8.63860838799981E-02
19.2194081609745,12.5699330651212,9.27251889005076,5.06737796052438,2.48421152130632,1.16176027506513,4.57851112725952E-02,-0.188162037939608,0
18.668750906674,13.3696298993703,8.16850369922995,4.00150396864166,0.706095513851016,0.454743274329213,-0.146548125516244,-0.226483466706933,-1.66739200587377
18.8332899377471,12.3340118825005,7.55941250266292,4.85448670911544,0.549743177030333,-0.12042275191137,-0.354758917792973,6.00634364570325E-02,-0.38227566454423
18.8657951104217,13.025777383854,7.74296476844671,6.82118324839353,0.526479060491917,6.11566585419946E-02,-1.86128960780001E-02,0.147425954649525,-0.643178964473003
18.4916873720056,12.3216930967121,9.71547618345029,7.26742641981575,1.26209122939548,-8.64607739567117E-02,0.327252553986348,0.120100802049096,-0.696112511139575
19.5502425133958,11.4991522369719,9.25184174302442,5.15569891710827,0.679687361536968,0,0.166007951839967,-0.101613408243685,0.596092609987648
17.6033672446341,10.8962759791775,6.86605989624887,2.63683194787756,-1.87932233599586,-1.69566539511834,-1.90702141560362,-1.92598926359589,2.82199427351637
18.5458768459446,14.1530337051954,8.70341328961282,3.29151370424493,-0.470470827244529,-0.383742619191885,-0.652837675684025,1.34933646980552,1.65555832769005
18.4181886303219,14.4229225270445,8.06487103699694,3.51830816716127,-0.855491260727093,-0.647342535489357,-0.666075920760757,-0.114779154202527,0.76985292805785
18.6174496245428,15.3638830035391,7.15226002383195,2.48303979222817,-0.598770366364263,-0.700992205584764,1.30213982402392,6.68602146064311E-02,0.383331897076874
19.7920459483903,15.8288211043118,8.09323576739214,3.06205146877458,0.817193060759462,0.592560401226225,1.13696425844794,1.18423989006213,-1.12727422215436
19.0674467225355,15.2640887342832,8.25032063107222,1.79377712187494,1.03597509911745,2.74454341549688,1.52731659609855,0.280515586476687,-0.363381881855498
20.6540095483524,15.068749306079,7.38185813041624,1.79396829292522,1.1053065231492,1.62859597146012,1.67563650813129,0.217379871325142,-1.63619257986649E-02
18.7047599937442,14.1424722695176,6.01380401136661,0.647413444599529,1.47541805969917E-03,0.763971471316394,-0.492494548330271,-0.994726855854607,1.13961290931785
18.70206297567,13.344069055957,5.86922350531211,0.949637817372331,-0.214615778552039,0.381868074940872,-1.09557654678771,-0.317927374020532,2.00199518668613
18.4329867514857,12.9942949123448,5.69023839010207,0.142552945054755,1.35900474285528,-1.14012657513579,-1.64559555947576,-0.325495891208345,3.06815515700128
18.4313771589283,13.5573495399282,6.5964681300015,0.555436370208629,1.05474134004167,-0.364707161602591,0.407320004819663,1.04504324468882,2.50063919264826
18.9180659376626,13.4072857551972,7.40293744630364,1.14961338624556,1.72529675454848,-1.63646033629244E-02,1.28257578856932,0.563702140840789,1.72792678008896
19.3981601696869,13.4605790243006,6.90476121009835,1.04274556599727,1.81648961776693,1.12677206935687,1.75988843147609,0.159592004644793,1.51276881916506
19.5019386144131,13.3915304606241,6.22359073179793,1.7522984769688,1.16665118870729,1.96270198736999,1.24878111069837,0.530216846211008,1.08103872585438
20.1427468246467,13.5376086305064,6.71002282105069,2.67254097415919,1.59459210253337,2.97682165003112,1.39634863188954,0.712293400336547,0.208904820082525
20.7335814348218,12.2815971007678,7.54310715575919,3.09821034342368,1.87050937261671,2.43963277921453,1.7297337591963,0.497158683647669,0.471354599721317
20.059175847062,11.5502061100498,7.52079054335492,2.76919983338839,2.65084813926433,1.69857661979519,1.01661807161426,-0.19160334946785,1.00598940005458
21.24971977444,11.4817752792196,7.49222553702715,2.60164284030879,2.90888501842304,1.49022515764485,0.25464599607972,-5.20213603729427E-02,1.00191415613305
22.1503814229646,11.6433774235503,7.8799658915708,2.80303530566952,3.32585895532887,1.06947726248274,-0.138098943155487,0.10536863230367,-0.402525401879421
21.2911870674262,11.2846598212052,7.00715696733214,4.49488603198064,2.15657914789245,0.208469317629603,-9.83400091438977E-02,-0.151823172011634,-0.501476537856592
22.9232419968838,12.1691883593112,7.81791305439665,3.9215126731464,2.3468578244765,0.469143271332608,0.711134447786411,0.757078527278233,-1.36576623880648
22.8416145977015,13.4020823794071,8.47427740979532,4.35672905462478,2.52206235762208,0.995970046954498,0.943071580725615,0.338720824078468,-1.14840863780762
21.9947640999374,13.0604404985487,7.43127881167832,4.23908713220647,1.94752717545955,0.991975414034479,1.03778953958226,-5.60582778441823E-02,-1.27710431961754
21.0554080582533,12.6143344316357,6.21910123695945,1.82848610114183,-4.29519831420741E-02,-0.404152217215975,-1.0167224465911,-1.30326117976702,1.17152254690848
20.591915706487,12.1125685997416,7.12252441269373,1.30480393261837,-0.795598056810273,-0.504003999664769,-1.61489354938459,-0.251424013594231,1.10799961852909
20.1617289665548,11.4202638583497,6.18649461867839,0.978474713574823,-0.716062955676426,-1.38467769934036,-1.67226015507464,-0.112544844346715,2.16381205878949
19.4643519890442,11.4955161272689,7.48319087171549,2.50072645355445,-0.102135054189125,-1.16175027835399,0.195638977038319,0.557858788937188,2.69320068243479
19.5069927247991,11.5403018458949,9.09255992528796,2.62846897951184,-0.394601823988564,-1.29362526374043,0.260281553733879,-0.186491877370776,2.98271707423933
20.2340417650864,12.089593489912,10.459507127532,4.05911734285381,0.908927721725655,1.15795682165927,1.51668409490459,1.14855412108969,2.13555275057484
19.8511988978543,11.674283933997,8.2257912382847,2.74107293426284,-0.16092013159437,1.09585752137266,0.652826963697223,-0.314408782866436,2.15484346730005
20.3707532021783,11.4661063267624,8.42095724104339,3.09159235271962,0.425352359969302,2.11798288962078,1.75210056666449,0.922068764354225,1.10132844735061
21.5327506023421,11.9314170448815,8.77962682803833,3.97573821930858,1.54647839973105,2.6225696195439,1.67451112231748,1.07048803720513,0.633159634672491
21.667039856695,12.0244626063592,9.18439319301389,3.55575459023735,2.9055642633229,2.89632781012091,2.07596283027318,9.51634572324253E-02,-0.258340797133901
21.6839908720129,12.899140206105,8.45036238555144,3.18307863124829,3.46735182364461,2.0909004681162,1.48943530343861,0.328629853427731,-1.27908987942799
21.6733538144722,12.7399958590047,7.63118281375034,2.41184996166781,3.29097207066552,2.10938942703174,0.129266204442054,-0.295465610153271,-1.31672458464138
21.7860664186797,12.3235333661991,6.05588670281898,2.49098059427239,2.64111728588715,1.08933133151077,-7.61887688791359E-02,-0.110361672567563,-0.342569354188142
22.4033964365256,13.1801224944321,6.42594654788419,3.13641425389755,3.41536748329621,0.629175946547882,0.206570155902006,0.610244988864145,-0.680957683741649
21.2612632837295,12.2812236044192,5.51806194350049,2.26065434381814,1.51365063686135,-0.259009925439939,-0.293245256863197,-0.797795469150314,-0.308398600280063
21.5862753021564,11.2376474045774,5.44489124629457,1.7237822608676,1.13317489607853,-1.2956625682095,-0.885911047183592,-0.701946743605761,0.744617419243624
20.588552180915,11.2706126522558,4.66662508222379,0.643613763694508,-0.119933313675234,-1.33429355592351,-1.84408102161635,-0.333715154127066,-0.401478894005031
21.597312983965,13.536827016316,4.89115617578032,1.17149402026504,-0.324634259454451,-0.343746925811937,-0.160771252301257,0.868220976151324,0.640836460221768
21.3323466590424,13.8367054048448,5.18172185875982,1.49514791705209,-0.147440533252612,-0.685626510144246,0.807559270533756,0.271615735212501,1.1856909803394
20.9031182971249,13.5906862055182,4.52713239392216,2.35293786487567,-0.900753818351733,-0.30935263949018,0.721166025817853,-0.421102410079436,1.6526017711072
20.9361360754878,13.5455585849406,5.0405600996331,2.9393449796358,-0.250765761217141,0.739113848777584,0.20280049816554,0.350623267921056,0.734064873719526
20.3749145980414,12.5634821225234,3.84508084718743,1.60555682076976,-1.63060806194488,-0.403097244363467,-1.55830107037121,-1.48827146435891,2.98622181735367
21.2260343792328,13.3727116584978,5.61043385977406,2.92851856506501,-0.316981553628529,0.636755896275821,0.783935877564134,1.8949073492243,1.3145657911273
22.5716375241008,13.4512886997762,6.23545641912107,3.89269330496642,1.28177426146311,1.17179708795958,1.23994415264943,0.808623096868561,0.108592070562686
22.6060493618624,13.5303451121344,6.16040251544461,2.8150605462314,2.00925431078645,1.62573484821214,2.72728027934616,4.01518570926128E-02,-1.9331042369901
22.8193525931082,14.8045945005221,5.73254437869822,2.57904629307344,1.79018447615733,0.728715628263142,0.295161851722935,-0.558022972502609,-2.28973198746954
22.9861514221743,15.0794703817342,8.19001022749261,2.39129833872349,1.6543660336678,2.89963236310362,0.217265113193456,0.731127511955105,-3.09533681620919
22.6878039098938,14.7299130032086,7.1912937051371,1.60762131586781,1.65889318911051,1.29750917931923,0.45290154697716,0.276206542952598,-4.40772716747708
20.8799145488356,14.9415013725317,6.93958646949438,1.13344549721066,1.6929735234216,0.108474276100241,0.622896927300103,-0.386301248561044,-2.25111794917206
19.2690626517727,12.6986457639179,4.97673289133357,-1.21700531980979,-0.666388063747357,-1.97120977670352,-2.15220755164507,-2.04095462913811,-0.552311463004166
18.5960752574793,10.956905346792,2.94840154801056,-1.85236903750905,-0.107722384027455,-2.34338932237491,-3.38271084234344,-0.925044599346827,-1.95268194538646
20.2026973061169,10.7190534326757,2.58377736955604,-1.83585682826923,-2.13736407927616,-3.19420832239882,-3.08182056752965,-9.41318759056679E-02,-1.0132012824755
18.1500193204953,9.64409917469765,1.30456598093327,-3.58092403873326,-4.0953682717096,-4.61096596709171,-2.12410102023749,-1.09290562947326,-0.372856722667275
21.244136439428,10.2615494803831,4.06351471091974,-0.882117308013518,-2.23303636893792,-2.30296030189022,0.66215416670205,1.82849669206009,-0.985446196789159
22.14615891332,9.56438533527167,4.08271624568417,-0.477296474650189,-1.96852852989278,-0.555378884244956,0.459976376521905,-0.297848900599667,1.13546020352534
19.1844208690597,7.57564307513443,2.13137625345153,-2.51300683040256,-5.15041418398488,-1.99157099258829,-0.794070629269006,-2.36651649469554,4.11597151576806
19.0228228920523,8.49028874416459,1.94426834188231,-2.52579102069045,-4.53921964151922,-1.02357212840758,-1.79269206385799,0.855858451962418,4.36631894415307
17.9316852345516,8.00662249738776,0.951405109858777,-3.26059585109801,-4.59840979018146,-0.37425214695693,-1.94014860096849,-0.443140013140793,4.99205473980359
18.9695791399817,9.4038769441903,2.00451738334859,-1.57193504117109,-1.25457456541629,-0.995253888380602,1.63254803293687,1.2211230558097,4.63060384263495
20.0243689481205,10.4180060697772,3.26089092649729,-8.89971953249822E-02,1.48487749550101,1.12271225269588,2.57474220291922,1.80549199727113,2.86278990766191
20.7017651607572,9.79311076432606,3.11631971100832,1.93489312165176,2.13254199340613,3.95325660016024,3.55153805997025,0.563913447660744,2.7168344914031
20.8400980749478,10.6057342919939,3.69713837624111,1.1339915841092,4.24936218150491,4.18364754867853,3.42710093546712,1.09367924632494,0.859260240990478
20.3983062061665,11.0998081249173,4.03075514975078,0.482995897843059,2.61760619293371,4.75469763133519,1.80434255215915,0.155484980812501,1.22871730404481
21.4837302845151,12.0293149996174,4.92463574855993,1.31901102864825,3.76110789275213,4.42566865962028,2.11637464613232,0.87988719955404,8.30700958585175E-02
20.5448868412721,12.1515988514908,4.93656997499918,1.98232474862714,6.09681539788421,2.78311516752733,1.15069270827648,0.117907791739909,0.59854580390187
19.9715716836575,12.7976344162003,5.48182734825774,1.67770551416931,5.68647861217634,2.64497490100368,1.41516484890322,0.422619807959378,-7.88165558252131E-03
19.094184251158,11.4650518500673,4.06752006657833,0.687684103327831,5.41907118844516,0.85193986049212,-0.183966448023998,-0.727926763833064,0.650452798370576
19.5823449793433,12.0271900608127,4.24191092967458,1.58418052631721,4.74763952471861,1.2138030953749,0.219230758756287,0.519890085050632,0.759001397085466
18.9581171845137,12.1334571069732,4.05176650466882,3.30694042483481,2.74913995522307,8.30011467263683E-02,-0.459509637962101,-0.254737072025335,0.914650794517556
19.6616211904575,11.7412454792841,5.88256041412878,4.79650334661852,2.81349282789943,0.594984548850859,0.894511654154712,0.629712329175949,-0.473166006929279
18.9750865691439,11.575803040928,5.9484009850128,4.71360154818789,1.56069081361405,-7.88227683643361E-03,0.195969710312737,-0.181292367237998,1.10868300744196
18.8900070717511,12.5869009410869,5.98922917913289,5.67861611271283,1.33928085731382,0.646249252026322,0.38078659631181,-6.90855681879988E-02,1.37599956481532
19.0212984485648,12.3582355803016,6.05465160278935,4.52429861073572,1.08762635818153,0.753283961295214,0.37812854748906,0.627060922212019,0.571111951997396
18.7624793701469,12.9977543897622,6.13565650280024,4.71253483401423,0.871729660994015,0.906360758637483,0.458862043775873,-0.10010551662564,0.197505478747874
18.2378004399774,14.0253027911579,4.32726251713976,6.21175072307319,-0.301496304898359,-0.475415511521467,-0.224350324531059,-0.755921567344625,1.03506461998109
18.5748118916216,15.5215286309151,5.94903667542131,6.71329836851769,1.8035285610213,1.09652600989803,0.541139214985219,1.38604758691696,-0.764261693096371
18.9477864020884,13.853600165272,5.25865330181719,7.30577190859602,1.48261827274704,1.3573228088721,0.834140465068863,0.19478481107752,-0.540085157987656
18.6641511665094,13.0908133181758,4.07236900452306,6.00199412512463,1.56761884797618,0.56786878549179,1.41255008828438,-0.16823751051485,-1.86620011663751
19.0168493816493,12.0802505805476,3.52648917211211,3.82054328454934,0.474968947453695,0.197116163525414,-0.446346600421228,-0.47334881460279,-2.03947723713345
19.2883005876417,12.4564934679495,3.28518160773162,3.35182417155469,0.733877625905887,1.02446078881053,-0.562549577210939,7.93235375060047E-02,-1.18256824792113
18.9754842205066,11.1019910605445,3.18244616009752,1.89028850060951,0.403629960720577,-0.770147636462138,-0.797236895570902,-0.402004605174052,0.409589597724499
18.7512476194073,10.9461406073816,3.69511148996779,2.14995171375699,0.195842527501572,-0.543017917163469,9.87305303933536E-02,0.419739631945529,-0.656315247123055
17.983617646495,8.15037149218537,1.62919794385305,-0.221005671657328,-1.22169306228417,-1.90168944732151,-1.50212652917029,-1.52184450731072,1.16336071028539
16.9807628167492,7.35114543795671,1.77238985961459,-0.992593450151197,-1.11635753210562,-2.08193788641821,-1.75392172266371,-0.651070738477396,0.69462246442128
18.5869799672902,8.07042165072588,3.3796494753598,-0.461978260810199,-1.56777728934527,-1.1967202819924,-1.21637893138858,0.94579946539396,-1.23194202882723
19.3122035709083,9.72773038509477,4.84700346946814,1.45091754752307,-0.554953029984195,0.40791880473315,1.48733886937426,1.19003296804096,-2.07439662010133
19.2531084277153,8.69898146212185,3.39096268257516,0.293260706052309,-1.03727397881462,-0.660651201690049,1.48965577166939,-0.648703543295324,-2.71103230483908
20.4882551834476,8.39584512056135,3.422604948064,0.849221839917484,-0.255280903743135,1.14998226839958,0.851658243028492,0.304279677420222,-3.54198870050379
19.2377917751371,7.40171964950029,2.75083696726316,-0.896232483910787,-1.45822554727941,0.689830745099335,-1.46589033333606,-1.11960624899057,-2.23346390843866
17.3196697066117,6.2376464799206,1.44607023295802,-1.7070318655163,-2.04871468102693,-1.24730814205823,-1.80627468976251,-0.986346509499951,-0.598497811958348
17.611227281368,6.73190567893479,3.22145173332451,-1.2912806186686,-2.13046149438112,-2.11833938061508,-1.7698286098415,0.339970190620243,0.789865912891594
17.3895933171267,5.72610378772443,6.25193628607013E-02,-3.26300835359166,-1.91465548760916,-2.78657731607725,-1.95875396676985,-1.30732453410515,2.31935672041285
17.8772596004075,5.14631798446871,-1.31092606781117,-3.73183128316957,-1.81694184607353,-3.67205238091228,-1.52281842088276,-0.554568595588703,2.08945505777223
17.0399946240774,5.22836471154815,-1.11466394883914,-2.71288093451454,-2.54880329723253,-2.28448710338572,-1.6309765139382,0.233796633328477,-0.89878705746637
18.1292307007737,5.75458737283562,0.124869985037844,-3.45380922981083,-3.08364898463182,-0.602101375516586,0.357367329117231,0.674687268823657,-2.44706235712259
18.7825278810409,7.46282527881041,1.11250820030615,-1.88033019899409,-0.665044828340256,0.783675923901161,2.60414388803849,1.71277061010279,-3.2847692980538
18.2733722677912,9.39937097482535,1.04391992340405,-1.49864020360121,-0.76323176004299,2.26678196067092,2.5780212166427,0.207038207960188,-1.78805725056532
18.6409645973422,7.4428603632085,0.654830959044192,-1.80944474073423,-0.425832559009018,2.04669038206719,1.15021525299788,-0.78101375090032,-4.11867230411427
18.3379574953806,4.98392373805582,-5.93324254530429E-02,-4.71721035887641,-2.20405833790098,-0.906938503353692,-3.36273584639118,-2.77449722832812,-2.61429967960491
17.9548143396764,4.06300334972561,-3.62055448649414E-02,-5.23840068419927,-3.47744280521702,-2.50844558477656,-4.51115387356567,-0.90171762525836,-0.944194996792813
19.5021239433276,3.74961492045458,0.918820992417119,-4.7715948369665,-1.26221302741766,-3.3963309338285,-2.80790112570409,0.861447672989037,-1.42387577969776
20.3847307551299,5.14659319416516,3.68343869082667,-1.41788225883502,1.03626223461577,-1.82061081423381,1.69590383397585,1.72784437457644,-1.87060470386952
17.028407917976,1.86882124916853,-1.28019129756634,-4.01719154987728,-2.40039452255889,-4.29559373351377,-0.573147234901478,-3.23072688487739,1.34097529646535
15.6667682086543,1.6821155547819,-2.17793057429247,-6.2567271566793,-4.31959615300927,-2.68448003249344,-2.65111623656382,-1.18688077520055,3.28125679968667
16.2615875647191,2.77727412702935,0.982262859642613,-6.67668212154963,-5.28890845931797,-0.953195016447791,-3.62081718053433,0.799509588071254,3.28581748272478
16.0700718207492,3.46001118167352,0.50604240434652,-5.58739624697163,-5.10744441418065,-1.44444285161346,2.58038619779207E-03,0.379030061499199,1.98374356695386
17.0802328839628,3.68968806342324,2.21335997667765,-4.55352113871992,-2.9574678256144,-1.90626335587262,2.44092281826957,1.28046554149485,1.63992425893481
16.7807318087553,3.18316721035046,1.04483481537857,-3.35376980814988,-0.137217678163714,1.32323109437464,1.69470905608384,4.07409188774761E-02,-4.04579958297225E-02
16.7623140774449,3.7208387758255,-5.50569530470944E-02,-1.61350580766584,1.46631272911136,3.17701091307462,2.02530934423236,0.71405497268219,-0.419387912751579
17.3503678109675,3.98573339277753,0.186413285777977,-1.14049264378065,1.40910610789122,3.1812862238074,1.55232946946054,0.803889879625512,-0.412672759696846
16.1010278208848,2.43348402042147,-1.81836583226502,-0.726727841126327,-1.22011560173628,1.94515664709984,0.632829543665513,-0.892877223759087,0.702269302566179
16.4401299905598,2.87410575795802,-1.01168745457431,0.776935865197453,2.87577658777565,1.613464660557,0.865489845531794,0.946525091686793,9.27310548784033E-02
13.4057909484589,1.47038011944184,-3.57929297217741,-1.08629815176474,2.44119894710028,-4.04743709490332E-02,-1.57651920409839,-1.63963657977414,1.54368684724463
13.1437904440595,1.85273989991593,-3.3528724802681,-1.430739459862,1.98560233792757,-0.421154182486977,-0.339067198492533,0.336246339936025,1.69448973489572
13.8260039899384,2.54561428543447,-2.95020411360972,-2.36178612698973,2.41019141072023,-0.414382804652514,-0.476778054779124,0.81057865299007,-0.489089225207669
14.0856276626038,2.91148569801397,-1.97709672196136,-2.34420801670565,1.36598902295352,0.697371873970553,1.36570985086627,0.224175186068202,-0.992456770202293
14.1633002815522,2.50670494886433,-2.15810325064823,-1.20243937724657,1.66455224295841,9.26451440590238E-02,1.37270612849019,0.343315638945463,-1.50068440556873
14.2104558985851,1.99211738078513,-2.08939581451874,1.34517398624165,0.771816570224439,1.5202194200087,0.380472957152894,-0.187309763521431,-0.890278846261053
15.5380309506836,2.52115758552492,-2.23905644519276,2.70007128809545,0.451861118585111,1.66625521138169,0.63992854547321,0.484037846489277,0.211922587230828
14.0947164495531,2.46083941841863,-3.44804316591264,0.513987026607551,-1.49022496773451E-02,-0.491493064830397,-1.06424556658072,-1.36594582891655,1.53577524033392
14.5234557179392,2.43002196550372,-3.66928241321653,-1.52179491155995,-1.2564606496037,-1.0024052085595,-1.16087264237397,-0.283098404892764,1.31905810566564
14.1017167454709,2.37316476576225,-4.50172578394654,1.48739415097643,0.206755130747204,-1.52354805362076,-1.82661944063134,-0.170883680467281,0.699069601911638
13.8940293050595,2.24737745029108,-3.94858958854797,3.0612818854234,0.300362797761336,-0.898276007537195,-2.27803245493264E-02,0.429732542115469,0.885901510251146
14.8502655886269,3.96957425547992,-1.54010955703858,3.8225939940156,1.0723192710222,0.211474425157703,1.83407007996723,1.57858461606597,7.99949068986576E-02
15.0141368491303,2.81075452836093,-3.01290731710018,3.41388983503779,0.806118860301349,1.51254593437511,1.95811283448671,-4.43074605455885E-02,-0.299629201939564
14.1353927502957,2.63327071592569,-3.72754470187157,1.67425033048076,-3.08912544354032E-02,1.30188547971892,1.04501495860294,-0.497599666040496,1.17887706115634
13.3227868516789,0.953110230367697,-4.3689361236631,0.859426058224429,-0.630264475466802,0.694216545073587,-1.33401773267474,-0.787620225683486,2.40353194938811
12.8484611953613,0.496208742194462,-3.23929527207851,0.7596454058876,-0.49871766280108,0.878122212310437,-0.667094112399651,0.614128010704721,2.51254460303301
13.0572349970406,1.18430587285167,-2.50911323645738,0.741781492524096,1.63485100757269,7.99309661966654E-02,0.618704399245493,0.786033930556864,2.97155121389969
12.6966844521722,0.436906821912558,-2.53283745010846,1.20184095258464,1.49542678269372,-0.300529676611185,0.976027064336123,-0.425241159789017,3.10945446364342
14.121701722682,1.69407609727116,-1.96528230475766,1.22620413080611,2.61826763596756,1.16514147557082,1.33155096393728,0.970951229642348,2.75359568270523
14.5765655215483,2.21262935308394,-0.017256208126295,3.22554137929146,2.60650915126848,2.34711821324291,0.96525202281107,0.417709799882767,2.35451373101132
14.8806335031123,2.3204335754474,1.34499759336258,3.59799093363935,1.75670935162196,2.45096306287443,2.09445440033938,0.719815735873577,1.51278237199273
16.2363754545992,4.2838417860577,1.62635036770828,4.00396448083029,3.00639796296594,2.88579824123168,2.34887431306505,1.22829070710652,0.188285979812311
15.7946911046101,4.67451094481529,0.151929013592807,3.50837495218547,3.20586381341825,3.01568316874358,1.65397897776557,-0.29092789836918,0.843960282954317
15.9182165686936,5.58821324938699,1.41846819354769,3.78400950820724,4.56538498602678,2.67980469628344,1.56301864165408,0.627991391217746,1.10366943989378
16.2536595286902,4.78936635963199,1.14669692412266,3.99216446069118,4.00393917823177,2.30035163588292,0.368227530360045,2.94367938514663E-02,1.54543167720147
17.5927414169988,4.43133599074193,2.14012472675839,3.42543182889717,3.14335004929065,1.49023830954524,0.55451973768805,-0.103403197462607,1.68177532038917
17.5910907838191,4.75835574131317,3.02085483650442,4.65299578828279,3.47875509038705,0.187932129960033,-0.151471688198871,-7.74784387424331E-02,1.89781961196439
17.9995672603036,4.76841748161525,3.0414655451051,5.26553388592235,2.88439706271253,0.836897202952244,0.180842453366955,0.36115066019516,1.44941085962939
18.3952660215253,6.99373833384079,5.13800818120441,6.26246045089291,3.33840797468856,1.09162154648592,1.16469638200134,0.883252359708222,-0.348164524285459
19.0561776433166,5.6375294170354,6.09924181132513,6.29504792374367,3.08967814534981,1.52191157364339,1.69979734199132,0.46434773900601,-0.500979030562098
18.281547208186,4.89759572573463,5.90820235316433,4.82145773946582,1.91477814602686,1.65395943873921,1.3739086449546,3.08240290430751E-02,-0.416519571941175
17.8009713591135,4.98755544797757,5.39667338444458,4.99176502160037,2.33105139363197,1.86247322974274,0.629068158258928,0.134706355929983,-0.514094178685875
17.7779533156918,5.43991995471122,3.67181431599457,5.38725858051266,1.63592558947826,1.42870308200692,8.63646536856312E-02,-7.92553681688381E-02,0.177995444791138
18.7103459269887,3.88171528774112,2.59870343801478,5.27737924438068,0.716828736914821,-0.34938094478983,-0.848610446888772,-0.904670811413989,0.983049046176736
18.6300840140271,3.91571051711535,3.65455720475903,4.98892879466887,1.12830944283762,-0.503501467332004,-0.670099270042065,0.31147697295235,0.717244594179405
18.1635638755215,4.39611315553462,6.3638744632837,4.34690589508271,1.31907204630773,-0.41826171384126,-0.474082853386176,0.115610606545621,0.671441005521269
18.7106618852676,6.34275861339427,7.23477515788138,4.78695270434664,0.997799710154127,-0.516750764283371,0.463330265621529,3.67596500692966E-02,0.48157786169909
18.7364802174204,7.76925887278854,7.001506067639,4.44197959843453,0.727012755578109,0.177679183937387,0.763547380677656,0.612152099689586,0.597170275008471
17.7925699852663,7.76362870974533,5.27152178488739,3.94495895600926,0.163912860450432,0.973479267522627,0.549094927383718,-0.100242054304356,0.686960639865283
17.6903414469947,8.80493551848189,8.28056297729997,3.29534218332527,0.181452885363855,0.712136831254074,0.560663118254679,4.83874360970192E-02,1.0992363200303
17.6576941169051,7.17155763919366,9.41999469162828,2.16145333757302,0.116941852306378,0.666962744165393,1.83953475538082E-02,7.01651113838314E-02,1.1607464306456
16.5704705582006,7.30643000581651,8.55105763081223,2.29686303305935,4.42159951362482E-02,0.47926980442318,-3.34251867994194E-02,-0.15212407850444,2.49504543983071
16.7808890270763,10.1070459040637,8.86989102063318,2.39357463296868,1.65990390167557,0.593625321046259,0.645097234886985,0.726354926280193,1.87963933081287
16.9078969717082,9.3210971776185,7.67773477818918,2.35411859698816,1.34181363031793,0.682273688171388,0.564424039237921,-1.09749118740726E-02,2.51116435975762
17.3983727148817,10.1328151824453,8.06125209393305,2.8997721384649,1.67800772024014,1.08728449397052,1.16818054124918,0.455983186107735,1.72378811998627
17.4363810176959,9.14097488491952,7.52127560086038,3.10197740993588,1.77062876024813,1.14742770452113,0.575402392011391,0.130926774525389,0.379012230223307
18.6332437158638,8.53599977403045,7.84550872678997,3.87075568839826,2.30386228183025,2.43430834058746,1.73123489791569,1.15167435733489,-3.64632683927678E-02
18.1685289810657,8.1338301784693,8.77677103662993,3.13699743798199,2.52534448755792,1.84496072341746,1.40616064032498,0.126690380507122,-0.493169234241282
17.6318694063997,7.68007218946677,8.46237965235878,3.27401663518574,3.0683072436726,2.44964963127803,1.87432609144509,0.605147578007709,-0.469792327829914
17.211708359863,7.24548739231495,9.65579140360702,2.93987536789995,2.69516277095464,1.69457719953666,0.418849774081947,-0.31452089262564,0.479452580222006
16.5457665104411,5.29260598281088,8.25683799724126,1.63583993043604,1.67025959674643,0.377581151480179,-0.910956582049492,-1.20701747121558,1.30380660805833
17.3024806635653,5.88325956675083,8.19232913167785,2.44187510114541,1.68460097972981,-3.64765689420016E-02,-0.773200510671975,0.740833977667084,1.0126101040096
17.045700559788,5.17030752260286,7.68084865104483,2.99584540365563,1.36931578024969,-0.495613447284049,-0.790455768497234,-0.331697611364829,-5.23190482572279E-02
17.8259889668031,6.44730034984556,7.94502865865214,3.30432466488073,1.54024248446696,-0.472009793626979,1.03749955180838,0.628492693196194,0.904322616004793
17.6975971253047,6.55382673446225,8.69890519307997,3.80535747914472,2.03539417629903,0.477164801270404,0.930153252609778,0.633165880299077,0.119100334397089
17.4775511246791,6.43385405357074,7.9030259678882,3.40098864463717,0.513993025840153,1.28702627444468,0.879050696777321,-0.383451059535828,1.20502241694236
18.1604799190302,6.26905676787045,9.55718365447457,3.24794714583974,0.840722930171169,1.00245910185564,0.705688484944041,0.454692256245028,1.36967141618328
16.1154819095361,5.12814562107886,8.54923014638952,1.99096959523054,-1.16038896238019,-5.23464354140331E-02,-1.32671138032135,-1.40071840969981,2.71221580140329
17.4278977331854,6.68267388175812,10.1391155590638,3.48359979593339,0.740629814537965,0.896217914713354,0.645703306437491,1.57060222493521,0.641388465160194
18.3092111617787,5.95657500749845,9.61938314345702,3.27466739871992,1.78107540656915,0.118958654242092,4.60075137132879E-02,-0.146156466216251,0.841352875088327
18.1504031179164,6.70230865151125,8.80675077367339,4.09150801944658,1.73439148631116,1.19067452203897,2.11050024989776,0.693655625728869,-0.065377295146927
19.3292341810099,7.97302687528693,9.40898451905203,3.98525910706715,2.66294381351617,1.35116489680623,1.16151011366744,0.616378045201061,-0.253876508646098
20.8204981434478,6.60927548020557,9.78964096616029,3.92348846025422,1.97354381789471,2.64059710935205,1.23142506383075,-7.53165176654892E-02,-2.27681832902774
20.7461993967457,6.00152326766133,10.0876131101897,3.044517749599,0.900341978633897,0.637300890758506,8.92776079653775E-02,-0.454710528705026,-2.15602901270062
19.0661517831036,6.20859842106855,9.57945574253133,2.96831046268942,1.33064800717879,0.834333188816404,-0.477662052207587,5.24293967594582E-02,-1.47382059063731
18.3176182044592,6.45688464093478,8.67409441201507,1.63423868978008,0.674407620048352,-6.54200650159178E-02,-0.610250490650484,-0.207374028486765,-2.12400512246687
18.1095906259196,6.78383428863174,9.45053784264362,1.931555530964,2.46625436674907,-0.254522681944732,0.274391547432523,0.428563883432635,-2.560317097033
16.6432883750803,5.16377649325626,6.59961464354528,-0.78381502890174,-1.217469492614,-2.32986512524085,-1.92010276172125,-2.14694926140013,-0.887861271676299
15.4136820915181,4.4490897421688,5.89766655411414,-0.800068047024617,-1.40398539051001,-2.20353792977237,-2.04553480064026,-0.330698229488589,0.217028767910675
15.5417177270599,6.58212174162205,5.9210442159554,1.14358225221744,-1.35208774115642,-1.4958669862898,-1.72176925222001,0.74447972124223,4.32361075223166E-02
13.4469178877608,6.37609872668997,3.91954456068997,-0.463749116115341,-2.87101219631788,-2.17009811764828,-0.453168307122173,-0.873045776192662,0.781431454422513
13.2435271676987,5.46580388047296,4.181691002434,-0.148931282538387,-2.81136833519605,-2.62759177858023,-0.139381096309759,-1.72935804680642E-02,1.93404176786852
12.7272585887805,3.92230050234063,3.16801194419821,-1.20893533854855,-2.77920340907323,-0.895814864927914,-1.31754252269346,-0.423282891906041,2.88158965665614
13.9410353155405,5.28177074090363,3.89059924024392,-1.06401857981682,-2.03570390603097,0.21655877307367,0.338212335619805,0.775445012846927,2.5570395747012
14.0159981178685,5.53617732952134,4.53910793103625,-0.10203403180188,-1.24205336456581,4.32174219912761E-02,0.925466569150434,0.572055461505805,2.81399119285199
13.3511044192133,6.45674251386605,4.485022610762,-0.694199046404559,-1.81423837837562,0.775372450207664,1.21068723400986,-0.134179380419035,3.45460691075023
14.3451838347007,8.40195482629393,5.20637091056416,1.80264357338194,1.43573381950774,1.8973462979844,1.54740200546945,1.11364326952294,2.31692494682467
14.5463340648155,8.55053147934928,4.84138761586351,0.736185190130791,2.25340189614297,2.80087979421079,1.47766123891754,0.50162378971609,1.96316050701543
15.1004010021291,10.1471845838631,4.83860855521366,1.33842924531852,1.97466589425482,2.4932852832971,2.06369388415328,0.461440849051164,1.63610874957053
15.9873150105708,11.3759482651411,5.59034945902251,1.46449446586246,3.62044521825643,2.7369730133068,1.77341126725532,0.8205447083696,1.16851137918169
16.3452661176744,11.5998742614718,5.92233418231592,1.33510555353417,4.10531344288427,3.33924898456239,1.75786422714121,0.485875454502704,0.780667948803627
16.2335733907491,11.0119533744153,6.01009726037568,1.423268245601,4.52297869181082,2.26445912836885,1.31635607691736,1.41064667013069E-02,0.803821120102953
16.264025717625,9.60284455514291,6.99846554139702,2.02296498914019,3.9273244823982,1.92536254982049,0.655542459532057,0.156410997694615,0.475410362661008
16.4670902473629,9.54314971315774,6.83955338967368,2.10992535932392,3.51094935537598,1.60977114305101,0.311393498241932,0.141138732959097,0.735549935229164
18.3423151435287,10.5691976358827,7.06948774179591,2.66627002468358,3.98920215956809,1.15501489865961,0.658392911581623,0.362140686616775,0.696500044253443
17.3105875476156,13.0730142668733,7.13098065412963,2.3479309472526,3.00785672709233,0.774620733016182,0.605157097701923,0.102906178545905,-1.74375624743664E-02
17.4360082294423,13.8817827839673,6.59361972709283,4.43584619388291,2.55500616226142,0.797411359183734,0.501573708993952,3.70717719324892E-02,-0.173083438492768
17.240370167254,12.9858568171813,6.52858762453059,4.58897220302636,1.93691023960533,0.473160906678597,-2.97570008877924E-02,-0.169934608375731,0.581614108261382
16.582732403198,11.809256936824,6.85648220724252,4.25688783508387,1.52012462768459,0.730179103307727,0.2667443956733,0.399014343941056,0.315978209750747
16.6186908084115,14.8456593445497,7.09261415934821,5.39258412865831,1.35943805987094,0.691682475505454,0.55251586377298,0.323501334290409,-0.828407567733851
15.9269558040364,15.3307819285869,6.66746909819796,4.83153850688781,0.743313616444284,-1.74406036905309E-02,0.115206241279699,-0.610421129168548,0.589787175506509
16.6561324896154,14.5470016944859,5.87290617860226,5.1201019150888,0.469734120650346,-0.173383536679834,-0.404069717397128,-0.118786167682783,0.652217218829698
17.4035188952351,14.7208258352242,6.43068813081919,4.93481535091151,0.908819732415306,0.578250919333388,-0.144012596823407,0.58167396917299,-0.505877865581724
17.782861998408,13.7315466394495,6.12922602100863,4.51719709141342,0.683195538474311,0.314982932320181,0.598223398592588,0.13527173992665,-1.60104115288637
16.227707367032,12.9829044678819,5.22910573429053,3.8568347661674,-0.241021398958117,-0.83532748382522,-0.104631352969561,-0.826710784168905,0.132697174707275
16.4335758259523,13.0652971816643,4.89966959464904,3.55973303833728,0.532116230399733,0.586329081775929,0.123322026779188,0.808064527945252,-0.522592351103906
16.252550303593,12.311094278768,4.72505589288114,3.01858209228739,0.644570144038706,0.647990910534739,-6.86596703847127E-02,-5.66869876485824E-02,0.254847103954646
15.321571894437,12.5869021903407,3.59330880780884,2.00824234560346,-0.32758040218911,-0.508450001597355,0.180623852669913,-0.575538861160467,0.758374434475322
13.8815203392648,10.8901235517595,2.95740082235495,0.233008841432393,-1.63577665891625,-1.62709155833038,-1.61493241751015,-0.976205305852024,0.777688721032091
14.2466568484512,13.1333793920738,4.99598010459104,0.667278051371064,-9.07242450095532E-02,0.132521322656226,-0.624005782748628,0.919043977901642,-0.386008305325189
14.5430175497168,12.9751053744013,4.43493054004228,0.806908927550044,0.182640779463715,-0.525337725876802,0.10654045468717,0.154655498739439,0.50913572124696
15.2017508798269,12.8949472103883,5.43591643350849,1.36604696959357,0.320734667615544,0.254199284439978,1.78378193942112,0.719215808612061,-2.32167054992834
15.0504013326537,12.6355762922277,4.76843191247022,1.15460880127022,0.112924350441091,0.752666404883798,0.800470233580242,-7.29252284705892E-02,-1.13095078400719
14.3675684460127,11.495778372562,3.24458353749972,-0.153894263560547,-1.60050034102991E-02,0.77168739519801,-0.303848833973947,-0.95685297311406,-0.345954304484114
13.5085904970172,11.4506228449712,3.38436704783579,-0.496103979445003,-1.07118968696085,-0.387504103347587,-1.2713590040404,-0.238426091613865,-0.05257221274716
14.1205722087482,11.9487776939216,3.95622217174567,0.516082074879531,4.05440721391359E-02,0.506556660340809,-0.141171528291707,1.04388773688362,-2.67615300258164
12.3164213961705,11.2607352625617,3.23891791547524,-1.45839883028678,-1.53225444256478,-2.37685325189254,-1.33264467965128,-2.15803104929862,-0.547679286993934
14.4245285811551,12.5131977541616,2.8080380490019,-0.711445289758546,0.587855105927393,-1.14388758967073,5.30377036401043E-02,1.13229330096799,-0.651500350295527
14.5012082487065,12.5213111351608,2.79305590559352,-1.20157739463034,-0.496395020730488,-0.347155303198775,-1.16451455087246,-0.161593998784338,-0.763741667037292
14.644987948951,12.192797028725,2.16869493065708,-0.531431506578687,-0.595884863092183,-5.25998656604397E-02,1.02779643605041,5.58101860998118E-02,-2.24352009166699
12.7724769997541,9.33586633004913,-3.63888233611295E-02,-2.0425422988702,-2.9698299010726,-2.74974025908843,-1.73110416237948,-1.62369439411355,1.41489783524145
12.9595295380933,9.40171154603637,0.067237516527128,-2.61047149054034,-2.86562281258546,-0.550695331257675,-1.53818363368599,2.83501468939054E-02,-0.415216753180604
12.8542376921568,10.7779137935744,1.54321370840586,-1.69219652820369,-0.842249541257069,-0.655772711810113,-0.549498300354334,1.02897467540368,-3.88497533092809
12.8885757182659,11.2318145941383,1.22078445921216,-1.13563082163301,-0.878924972673655,-0.769619572389303,0.785056781541087,-0.27488191779935,-5.18565733877453
10.7967735986803,9.3818758699436,-1.11150687492277E-02,-3.44516608186247,-3.42849347873864,-2.2950090815164,-0.689134262452028,-1.45708446694403,-3.74224155570545
11.6730015441264,10.5292592152671,1.60970226075939,-1.27514154491825,0.824028982064371,1.39515777804173,0.341736944213484,2.04225561230549,-6.31384368689868
9.98962038837887,9.29655457357936,1.93534408916389,-2.51705581812502,-2.12630878840707,-0.416947991091666,-1.18282224663166,-1.80887406407142,-5.14042707567039
7.39553328080396,6.07721818205303,-0.227856930648311,-4.10865830502344,-4.55533022462766,-4.04200627769095,-2.26668561168736,-2.54388570985701,-1.43069351692781
6.14443277310924,4.1265756302521,-2.64627100840336,-6.80856092436975,-6.34033613445378,-5.46927521008403,-6.1218487394958,-1.65047268907563,1.63025210084033
6.30817882402341,3.49355063050296,-1.69245102284508,-6.90522116810351,-4.57400044614153,-3.88772979569343,-4.16932383314308,6.42968678240055E-02,4.22364812554948
5.12338977857722,1.66166134438466,-2.33229529024266,-8.37592479602321,-5.2800207080352,-6.73935609632406,-2.24196176937483,-0.646597833580298,4.32174581415068
5.35710491650023,1.40812901032592,-2.46090596184082,-8.89203458972506,-6.95911061063187,-5.41898610461904,-1.134576977011,-0.549494327115104,6.55967152509242
7.25310381158808,2.09017499809984,-1.90330418008791,-6.4411461759626,-5.26278544976111,-1.45145945322595,0.131569636244027,1.31543427153141,5.93766954005667
8.86596659500579,3.4433396725649,-1.04338928394245,-4.68956714073095,-2.28703282619481,1.60410120721019,2.17334008599306,1.41108194145858,4.54615925252191
10.4129788310894,6.00369140275822,1.66616726133671,-3.09513797436162,-1.75580841972206,4.05248540183664,5.18987054910245,2.550995998882,3.40535681461655
9.67315594783256,5.55804526545793,9.87444266367718E-03,-1.47433024693702,-0.499545522446634,4.1427084836654,3.39579551295199,-0.551956025815331,3.56897804582248
11.4571053294021,6.69645861320399,1.07570028936238,-1.033081023959,3.52468801950018,6.15586687835065,3.54387915070521,1.56220792718336,2.20249385011478
11.7995457716686,6.55785968401938,1.34858313417548,-0.127658942805821,5.78967941771688,5.60487083191078,1.74739362991772,0.736018129549087,2.8745528225986
13.1788770198862,6.21474930919768,0.630743298352455,-8.45275109861067E-02,5.8222648429815,4.34847084295184,2.38332979075733,9.88625859486607E-02,3.04645058600797
12.8080689032126,7.57044096984633,1.61933264014533,2.96812715048593,7.80834893818046,3.29321122185345,2.29774778833253,1.47590603487531,1.20780299174748
11.7517204287932,7.08193274743005,1.21866252704405,2.55906907384093,7.95174243072447,3.44599137035362,1.18639302783245,-0.393101172214004,1.53329014435712
11.9335030629365,7.38396933161654,1.30735690038628,1.78825744274065,6.95428030746421,2.15502945881619,1.33198720199775,0.246059151742171,1.54707557844628
13.6347130135323,9.48509094057298,2.53618744604048,3.4134880152758,6.92918347077228,2.79423117158585,1.240437592137,1.38448996082448,5.50717736718435E-02
13.2296223808427,9.44335712641031,2.44166858546319,5.05339051346994,4.74638306853941,2.95638575485455,1.88833563588916,0.265513469951639,0.159979660756775
12.7160912654016,9.05387815400013,2.03453610603839,2.76957723706339,4.9718133981998,1.19338920127133,1.33751019553776,-0.313986473318372,0.744184032163771
12.9900054655729,8.95559402591212,1.92836006327546,4.42904025021249,3.39491533177473,1.51013538729724,-0.118942423680608,-7.12691445535476E-02,1.01438143920331
14.9516820041882,8.63263914237958,2.34889819600008,7.0418916063092,2.93125972603792,1.52350579239591,-0.124877523966874,0.259601160400364,1.1865766267699
15.6586948684052,8.64559548131234,1.87333253214758,8.47253935825021,2.7515923566879,5.50414613628161E-02,0.102631895204914,-8.60473500781139E-02,1.55005408003845
16.0497611321975,8.93952274332786,1.91908428022366,8.75249943126714,1.6599815610819,0.15972413462805,0.543109951029092,0.369975694153422,0.906141117590013
17.1796635428309,9.11954642287374,2.775150698803,9.58143467171066,2.30729181593251,0.7386868426332,0.551208933979115,0.267723230065248,1.31425596346927
15.8027840015255,9.43581064975925,3.0812318253325,10.2521809600991,2.25866425132286,1.0041950707918,0.831863469514221,0.196405587071549,0.649759260142066
16.4132346344717,9.16484909184547,2.93272322943687,9.44632596730976,1.31197653251817,1.17266209246966,0.890947884058108,0.42933530161458,0.678772229197182
18.5678545984724,9.42203413499203,3.06580607291378,8.4002565686546,1.31858300256332,1.52639414531158,0.895386734643157,0.272189993349097,0.623196741294061
17.6465841914286,8.76526832139238,3.60506812157226,5.75254106160962,1.3659911860819,0.898003934700119,0.436424216679054,-0.265793976444005,1.67379010344606
18.5588104257471,9.25724684655802,3.47037732869107,6.89738083395603,2.09608716252688,1.29720733866234,0.676537354526785,0.669465535489915,1.08528849485761
17.1706933544259,7.77543065271653,3.07886498084145,4.98240445595904,1.38727721388887,0.645564644086908,-5.51784893882038E-02,-0.462504677146627,2.25758171389598
16.0340775419663,8.08139384124335,4.07487818504558,4.7163072919245,1.92334438920438,0.674195974154258,0.667123988411377,0.458028943280324,2.25572771911958
15.7412286066445,7.7225426455783,5.20849994825136,4.82908837725694,1.77286113489457,0.619337052962372,0.214756828467396,0.217109039074912,0.858321650687332
15.4656981738059,8.72040370467191,5.06614818687679,4.14744930350673,2.26780445905067,1.64623557530716,1.43920155357209,0.770250588191358,0.50509765843822
15.4112535941402,9.89126049675506,5.00579493170841,4.60982736467026,2.16476261767676,1.07363644207517,1.07596840654534,9.11798107843995E-02,0.575995224136782
15.2485299873321,9.84439519313384,4.97708424521594,5.0335920185086,2.4201075037228,2.20774017540568,1.54400542845167,0.689209562782689,-0.14034307629243
15.535596549387,10.5524023809414,5.47953100433862,4.13967513336314,2.6001779712203,2.20596710759881,1.2324276473219,0.456224151524512,-0.604226124884158
14.1885951103244,8.93766281621621,5.28428265244963,2.76434823371373,1.72628917792534,0.85101718592943,-9.79521014222093E-03,-1.1653967876375,-0.220858666778618
15.1678139137382,8.74369478583173,5.90785794573103,3.47727336064433,1.48097056173305,0.502559243467202,-0.279380207897884,0.42150879246439,-0.262194725450305
14.8622861952316,9.23919470058639,5.06894385023639,3.70189175340198,2.09300869710384,0.57269651953546,-0.576174433621678,0.161607074540979,-2.04176742956645
15.0589179323412,8.80348243130107,7.05275827761583,3.42885900281313,1.61969234194433,-0.140540314893783,0.559378283042626,-2.31914711045866E-02,-1.51788178379521
14.513506680861,10.0557337582365,5.98042012538356,3.50382807190883,1.39740280222749,-0.607899210728344,0.130115016107814,-8.34962670211969E-03,-2.60438772883196
14.005432013351,7.91077847950374,5.40303014720663,2.39321793031878,-0.13977383751641,-0.221347531986711,-0.808491143761369,-0.776703113824511,-2.82656357372253
14.3915597705994,8.39482428219165,5.7101011253484,2.50333552985445,0.149953314224388,-0.262883993415093,-0.40189350986223,0.380238761068951,-4.77498853229701
12.4280747099911,6.2309609526447,5.68372517970967,0.697536255553431,-2.20409148683865,-2.08432448809077,-2.05213414850634,-1.65212184043533,-1.41471808600027
12.9608522823609,6.1295472956425,6.13708294870104,0.776878732503151,-2.15001601326275,-1.54127653962813,-0.750268457640224,0.508892070609061,0.501356417550557
12.642881636852,5.14588215122592,4.09522584824065,-0.612247813910957,-2.10821855175174,-2.67402983368577,-2.27157988988589,-1.12400220990265,1.96462250671544
10.5228976694625,4.62427328553114,3.39490211453765,-1.35613278459426,-3.57313808356646,-2.90878215042539,-1.62264486783839,-1.00711741204259,3.27752134141209
8.86174687010954,2.99197965571205,3.20349178403755,-3.73117175273865,-5.46092527386542,-5.01442683881065,-3.83607198748043,-1.65810837245696,4.63859546165885
10.6640896977264,4.94754027514346,2.97663921634536,-1.38195961681591,-3.5252454923051,-1.43501956735731,-0.820628556337168,1.81268156826968,2.83306523252743
13.2240022306732,6.83495127431891,6.99311349955598,0.60171939912414,-1.02629710598273,0.49885537411812,2.58589380402413,2.40570602445774,1.08534433673791
13.4392705837292,9.09154603926404,9.59717687503795,0.711386386035715,8.03404191714567E-02,1.92676877373429,4.48832027801521,0.327200369939588,0.720728295241712
14.024599002718,9.64210104642416,11.3113024522145,0.21776242701466,-2.32900991459521E-02,3.17350890962743,2.99440804719505,0.276919278845378,-0.263643922332171
13.372280513168,8.65865912649265,10.9562311593018,-0.208678989554352,1.27193699904191,4.43296800878649,0.269436590096505,-0.335802584534851,-1.0053046058935
14.7465620695291,9.52954635661087,11.6067801358829,-0.814596904111494,0.854988209474465,2.75501389180734,3.08187994676897E-02,8.87207863463422E-02,-1.23415283322828
15.906483174899,10.1949657981173,12.7213386832449,-0.54913087116865,2.66127966732267,1.0736910912846,0.473332730656988,0.718343845399604,-3.54953188273773
15.0749888699265,10.5434258366105,11.5282054611561,0.575749424946203,3.59941938116793,0.715570972768434,0.773076352303929,-3.36220969058354E-02,-4.67950025970172
13.4442537391853,9.20662720235385,9.62719067801558,-0.551332796245045,4.50103331114926,-0.264340840893428,-1.75137482924095E-02,-0.707321914369446,-2.85707613810175
13.0668888742009,7.69118188599431,6.2528916879904,-1.80937048542591,1.68024776454813,-1.01551361099834,-1.83675300027383,-1.08751074055541,0.1007959813799
12.6770585120466,7.68325201407012,6.6343753545898,-1.93109610802225,-0.887183705889043,-1.24957449222741,-1.94788002571959,-0.1427814970309,-0.400922879080148
12.2060774436668,5.08921018226564,3.57345420287626,-3.61959740059985,-2.90365684841959,-3.68016034761209,-2.9173556102438,-1.66500038452664,0.216536568484201
12.0034153686725,3.44747897626513,1.67387121335594,-4.0748461989428,-4.44776359032118,-4.9092275769127,-3.05169515645259,-1.21946176319624,1.34692993872283
12.746875,4.14639423076923,2.73990384615385,-3.23725961538462,-2.86778846153847,-2.94110576923078,-1.68846153846153,1.18197115384616,-0.340384615384612
15.5088372970487,5.18918536510595,3.15808090931601,0.369763356168428,-1.00340757684735,0.100694485385161,1.87687917840846,1.8995177512351,-3.55850066618717
15.430970645198,4.10962480537728,2.9129324421828,-0.787984658033642,-2.3926726920594,-0.402536740971406,2.43159723540804,-0.647239205559574,-1.68847074013594
14.3523814320007,3.10002230231873,1.66260188922222,-0.702882754552179,-3.42136753981444,0.216068700734063,0.239090449091966,-1.03861658477158,2.97364249622847E-02
13.6925735682396,2.86040036484085,0.191781479525702,0.210983630166578,-2.78791224617158,1.32902885123134,-1.78459987518603,-9.04901348951187E-02,0.621429600115221
11.7573278274125,2.24538332400672,-0.565386025509899,1.35654053219613,-2.18146382880187,-0.341547189471853,-1.62669085155239,-0.491094687686926,3.00349265770024
10.3593217023462,0.542100179721983,-1.62801217708116,-1.8449011529104,-3.43770249287836,-3.68980230582079,-1.96398224786963,-1.37395620652134,4.60895186629663
12.1811430806298,1.70129449994448,-0.268701685602131,-3.03297329399779,-0.454354512401795,-1.71746971372284,-0.580859169414831,1.26721936004095,3.22490306942788
15.1474032714728,2.35015738838371,0.170933613987311,-2.650789579043,1.44754160063867,2.97275850412658E-02,0.60821680040084,0.696920078346564,-0.136890734343273
16.3245541006992,3.00136685996723,0.753562065699929,-2.42313499948713,0.765489290544815,0.617591702468228,2.44364982622034,0.49808090952246,-1.23351359345816
17.1444562050975,4.39775569272848,2.21082063338922,-0.209350031379099,0.698067610224887,2.91591341245234,3.0025571614571,1.83286654989274,-2.08436759430117
15.840996320831,4.26189886258983,2.12662512213253,-0.115938234840375,1.51607941769088,4.40588667037545,2.49945069586316,0.181854731261732,-3.03192508894052
18.4287090829147,4.7889010505833,1.87851402804675,-0.897392719822624,2.47326766018355,3.12415218957275,1.95592789050733,-5.65986547294976E-02,-2.0377854490004
17.2524306805906,2.38554795342696,-1.15208258312327,-3.53234905773617,-1.68047053174845E-02,-0.137078381946946,-2.51734485655983,-2.64602088584804,1.52802784779737
16.079441983586,1.21872871572175,-2.04353223617155,-3.4289123220574,-0.131871953782021,-1.24891918133118,-3.32723083388482,-0.60670759688724,1.95199474444374
16.5855525129444,2.05412127662119,-0.775825989214,-1.31369055448598,2.19307161562654,-2.12873832613867,-2.25692659069439,0.979827089337182,1.78961340237005
14.8330814308064,2.0863314555145,-2.26013214637825,-1.97207136193691,0.151623626287534,-3.12672505019972,-0.411480969909091,-0.793553223749709,1.93446677417722
15.6152786498559,2.23511969421692,-0.813400213436973,0.659649189822831,0.414936768697822,-2.08017495147532,1.15098398267675,0.958795203159055,0.656545520091487
15.8235106345247,3.22759892649822,-0.305971649149368,2.79772531123275,0.876299019897603,1.50503056169679,1.13025075960889,0.959057966730891,1.22956149580885
14.9815218421302,3.60016109163271,-0.713541173126123,1.44982469439969,-1.16459774471714,1.91462143466312,1.72391736946839,-0.188335070596035,1.80233109068511
16.4264669257409,5.31673942361461,-0.661156248090997,0.367230709227526,-0.515955622177634,1.75814932639127,1.58804373875165,0.821863736966023,2.15662871401115
15.0791736428389,3.81703037354447,-1.40824086949117,0.364179838625778,-1.11240387071143,1.89775532790374,-1.11145794905111E-02,-0.650321140403152,3.67372324224106
16.1996067446378,3.3803832460882,-2.41693132736729,1.09390454188596,1.19992694653103,0.652263115825326,-0.121202346249716,-0.298617913754216,4.01438299467042
17.1946789998015,4.15939642385807,-1.32277542249162,2.68502621959053,3.28813519731847,1.21462691099354,0.583254499375153,1.51968513133152,2.56379711058945
16.8313444783677,4.58871658351328,0.220371956214148,3.52408965671307,2.69775299724475,1.77042222056743,1.59635862685232,0.375353712115573,2.66633777645394
17.6162669015656,6.59480171206334,0.966198018845581,5.9411633474932,4.58926809522605,2.11110012258594,3.03313960307914,1.16583141098031,2.18676761799184
18.0124223602484,7.58343350752617,1.6217954712901,5.51752611181948,4.45799869070238,3.54354326954878,2.34669926984989,0.822530867717591,1.4931467166055
18.1901517328189,6.6364295584835,1.67398650959788,4.88285970985146,3.56163946239061,3.85944989442096,2.00805410754925,2.98722561990724E-02,1.49794542726447
17.8965180338472,8.72461517088712,1.80691473976921,4.52799078095428,3.86503025568732,2.49970962738932,0.977929404155394,0.126852975806831,1.1314283371784
19.3875145630188,8.11766465844338,3.02638796335331,3.20726405642972,3.52867044738499,2.59709056951036,0.630799708059638,0.474856409768212,1.14260198646378
20.1793812808769,8.90987047186055,3.33959779880938,3.71163952690156,4.82483879317136,2.13997141603178,1.29888252439203,0.701995251010016,-5.35668065855687E-02
20.4308808425235,8.99091806027207,5.04821900936961,3.90539140440814,5.24554499504437,1.47117984308314,1.31655538050428,0.14473568880927,0.754243744788738
20.1151194217968,10.4760021837642,4.59556552078957,6.41491969274527,3.81664468673543,1.47583817678155,0.880021028840517,3.45987333268921E-02,0.174117002132091
18.6430181574971,10.2400807099958,5.43418779936901,6.76058812004711,3.22727385324924,1.11877025350236,-5.53980439536196E-02,-0.235103893851934,0.10741815839786
19.0741483594673,9.747505193545,6.83194876150481,6.29545052181961,2.56147655789542,1.12969407947078,0.28640131592218,0.485851371611316,-0.228807311077098
19.0831563705477,9.55711638108664,7.90578899130087,6.58098890482742,1.2754832041111,-5.35955159919586E-02,-0.233298128435567,-0.48641308631356,-0.933192513742307
20.4744537758892,11.6987318901195,7.0922697716956,6.56829613767413,2.17954294509318,0.748597495008987,0.947123052386211,0.945338552994058,-1.56277534267966
19.547499540233,9.36713630185835,4.28390725714207,5.15006347027663,1.52216525596688,0.173814361776091,-7.82725319482166E-02,-0.544319298103976,-2.90886744804632
18.6653049471809,10.7086940090341,3.67979196285565,5.04256123238613,0.753594759479547,0.107302895603495,0.105503266327128,-0.301887811110913,-3.14890132632677
19.1315930153682,13.054855505092,3.55767891717543,4.39976100951021,0.202378224911619,-0.229332039550231,-0.696082263042272,0.150492131732293,-2.6017169579925
17.3580376565899,13.4393973490815,2.7261588959886,3.87681480622744,-1.14247265998823,-0.941983028848242,-1.35364597895541,-1.20089197427734,-1.91692637120587
17.2701501702927,13.6537812231616,2.94335586529767,4.46182746845109,-0.862000593701775,-1.58758574118682,-0.733516278079032,0.31180673420969,-0.963519065304919
15.0551618357711,12.5456217025326,0.346262947323676,1.10716364677946,-2.57583597438717,-2.99601762961183,-2.84078834301978,-1.93828711874116,1.07528620399716
13.5254031003071,12.5447695673785,-0.168626230437272,0.18813670338043,-3.64404535720425,-3.25128095545572,-2.17983081632747,-0.550474058039007,2.72031737035987
14.3896887388353,12.0095105656296,1.24255401581556,-0.270742096244911,-2.40854382724165,-2.67121439591537,-1.77020130389763,0.711447501631589,2.08914195049617
13.4227907946882,10.3089295232798,1.82205844863148,-1.60212287654407,-3.89696169088509,-1.9543906000139,-0.328628705184368,-0.494333588263921,3.32892998678997
14.4984406711406,9.13128336311656,3.20857939763917,-0.340238006438664,-2.02060647939465,-0.972893075573097,1.4893135063277,1.27148796353712,1.71766423290858
14.6874850021597,9.73665506452785,4.906036387903,-0.349206857069719,-1.59359909315915,1.06384680605993,0.900441764957287,0.117925875816736,1.26518924132067
15.6569813453929,9.2759751271905,7.04737139626908,0.240587902769934,-0.668400226116459,2.64827586206896,2.43301300169588,1.05980780101752,-2.10763143018655
15.433878043381,8.69246998974432,6.02735146222344,-0.366628866771192,0.623246483932036,2.04638995938394,1.2729227752653,9.75869811738383E-02,-2.52009343049863
15.2872913554661,9.25235615246246,4.88926868436752,0.202981244981545,1.02163488496235,3.22168243416007,1.8595773504331,0.711443656443595,-2.81885998555582
14.6432154473922,7.62359578363933,5.22456214543116,-0.123494558591302,2.61970424290412,1.6886587456192,0.518272245891387,-0.292427916518578,-1.41085222492656
14.3365252460511,7.68315884260627,5.89078287245062,-0.216655871486967,2.83480666848717,1.24938219224146,9.41098941771494E-02,-0.328369055222426,-2.19589753080012
12.2059275308422,5.28146647602724,3.76713040706444,-3.07163530278638,-0.160303421577201,-2.15300892294118,-2.98547798830755,-2.34911498190234,-0.416465517440498
11.9902392903325,3.63940990809361,3.92606702724749,-2.90619800429174,8.34248689535699E-03,-2.5852439945681,-3.01905331312597,-0.325125253171298,1.73801810319656E-02
13.1335884381217,3.77533545971944,5.61315159040448,-3.46630170372457,-0.868017891185051,-2.90062452975633,-2.26478584583855,0.406198215497373,0.418199526409805
13.855462921133,5.16995906744973,5.49144158327286,-1.73313072405438,0.164049630146791,-1.43104211443774,1.22135976380503,1.13990535773771,-0.883905795811824
12.778025193311,4.16319579849964,3.74922987107983,-2.57678791053352,-2.04929286589489,-2.24519981816882,0.425272689094037,-1.13367592052039,0.975381257081158
12.29199816295,3.41385117111935,2.76415711416152,-3.26586659120536,-2.68042289261143,-0.418207206245964,-0.501013624787172,-0.520265537221123,2.14995152229278
11.8489067448871,3.60309637836799,1.05768985706707,-1.92816976791062,-3.30235564792481,1.73771608499517E-02,-1.54795748851368,0.110055352049694,2.45620376227118
12.644967340691,4.02277188127732,1.67410560379499,-1.42519616270358,-2.17330348565152,0.416457901438294,0.397381739286321,0.803726976451267,1.33831918326447
12.4638588607945,3.61227233384284,1.57363584464374,0.34529750833318,-2.00065376328244,-0.891788364855154,0.755510948232991,-0.158836853833254,1.23294230308835
13.0405670984195,4.12618031243431,4.80945895300688,1.61290322580645,1.06650883463286,0.965959469464996,1.36998510041225,0.728525854898128,1.10992787868261
13.7244973262639,4.32475391409984,5.98485450561427,1.5377104644694,2.01387390865018,2.10470146118824,1.2027838644853,0.635565798885087,0.337878495441595
13.4483787952112,4.45565601241063,5.44253531191627,2.4224223318755,2.01627310595612,2.39732068149851,1.7625429102537,0.408636776857649,-1.58796206258679
13.2064474134822,4.43208647354061,5.91443818733968,0.878615443582859,0.598519916266187,1.32064474134823,0.75410334277569,-0.290528235216749,0.185747560220529
12.5794744453843,3.5348505107285,4.75368606798192,0.500495720431873,1.45418906504399,1.21792597847938,-0.143486051609488,-0.263095660399662,0.871831254945817
12.9968606835076,4.56251850479034,4.41583625831445,4.58805794061685E-02,2.56004592578194,1.09774371515166,5.67291893150077E-02,0.607748167601969,0.819974098943858
11.8696578053467,3.99970127839269,4.47245085237495,-0.180817094117669,2.32686027749426,0.336740720960076,0.217704686534668,-0.128993421335508,1.31799594010179
10.3986856013604,2.3089296383106,2.19725171193529,-2.45277816076106,1.88427777011953E-02,-1.61358518314261,-1.05335723149042,-1.54028218208557,4.25065490142009
11.1918775750441,3.0126318648979,4.27219631457417,-0.637026305066336,1.65979988228369,0.185403178340191,-0.161407162584328,1.48503644677864,2.43672748675692
11.8411264252769,3.33071835310349,4.95696554087258,0.11248923574948,1.35302683961604,0.864296051830694,0.386611301223171,0.418847695435956,1.78742915883302
13.3773911016161,3.20166068494288,4.02751966571095,2.94834346228601,1.27465639648406,0.8133052069019,2.44372658777218,0.556625366245162,0.612893174109618
13.0478192210531,3.11118655727965,4.01579604518133,3.61419410462645,1.22959882244413,1.30085077963936,1.33279131217515,0.363183957364958,-1.40314982790083
14.4759058186643,5.48781294221892,4.16176230718702,4.4948179105004,2.81190624187198,4.07734119794214,2.22184015976089,1.31613170574725,-1.27226799624402
13.7117019960045,4.84150416349911,3.11621554726589,3.14295564238107,2.81544472535049,2.37876350264308,1.41943496632073,-0.259445220373738,-0.937671269204257
12.9739749782405,4.48123810979189,2.87756878326214,4.02146494008112,2.00962511654897,1.75604116697342,0.846018067579585,-0.216376872257905,-2.34493175380432
12.782549602843,3.92633936031548,2.16659425375711,3.94126756013055,1.54451165847843,0.609159676035766,-1.08351993583102,-0.604257879081599,-2.41524904470661
10.9173698816333,2.32610296199808,5.41428328708235E-02,2.22551962394517,1.41473636518094,-1.42311831001868,-2.50982613127938,-1.67412357705159,-0.287704593079228
13.419110259742,4.48129741508263,0.803963331591901,2.85952856179647,1.37662813179553,-1.28866324630613,-0.808428554205571,1.44695538796088,-0.455675967725388
12.1072321705435,4.19264669467118,0.738855265124557,3.0903870736022,1.0402421803369,-0.946546766281258,-0.123588712825786,7.91949333089266E-02,-0.980901751434975
10.7781348440487,4.18470582098659,-0.944348311217638,0.758154756100057,-1.16614769843448,-2.40123917367255,-0.110219327389949,-1.66054715051287,0.255364120660665
9.54689194588732,3.04286774359268,-1.38912038358354,-0.552542953364914,-2.22204463725098,-2.47502711341971,-2.26748102060621,-0.676750956104808,1.06878246475256
9.43667571650896,4.5954266110802,-1.37951403482865,-0.465063443559661,-3.0723267939703,-0.288534720723377,-1.841623973373,0.495280071792895,2.12402449137235
10.6637659381203,6.75630515963352,0.403261076783322,1.10885581958664,-1.48901573346193,-0.457761878595556,1.1048187231561,1.28065670101935,0.799345093245721
10.6672314042139,7.86366995295857,-1.00053169439287,0.923706360506822,-1.72642971721068,-0.990618748084984,1.32675774561578,-0.450813762774167,1.67416145486004
10.2566364674878,5.78082408695552,-0.862542838722815,-0.087769898091912,-1.52692477350616,0.254713673328567,0.432063158132841,-0.406953728524101,1.87913542126159
10.5619261909926,3.58720993276946,-0.424709029133216,0.174627701872345,0.278094050459056,1.05748030073015,-0.724942167281122,0.133512253307326,1.77880792308248
11.5453922545739,4.74434042856126,0.956165017441437,3.18662347832277,0.355502954367471,2.07984801025129,1.25471630953228,1.52345696590018,0.765955364134697
13.3901016623315,4.463886398074,2.1151283072521,1.71083752939842,0.259885321151957,0.793006236802706,1.63852354876967,-1.66878416835585E-02,0.73137247485142
14.03250645365,5.17732303703785,2.21495917304646,1.70553629000987,2.29472961145148,1.64659479941057,1.91426893716969,0.413476772399425,-0.886116619949252
13.21019068681,4.89861714316165,3.87768333733004,0.952767934063393,2.7526133951489,1.84447523380673,0.192729565781183,-0.204941692645181,0.940111729858875
13.9915210973742,4.24411248973431,4.43744034803454,0.62659534326239,2.30284331787006,1.7477193527623,0.244378842696385,3.50698066721401E-02,0.673872994029247
14.4652685634302,4.78709429580061,4.26628281013012,-0.161387535407001,1.56353833892267,0.760133084003212,0.364722583436924,0.533616515839603,-0.468487483083015
14.7823359457143,5.40758444587776,4.68859063960629,4.68284752471724E-02,1.95530973060372,0.726062255365392,0.517763896129132,-5.10253668966946E-02,-0.117292077152111
13.0756814279582,5.29135069394764,2.29132386607526,-0.945906066676214,1.16947166976679,-0.894038846759188,-0.72301116039491,-1.21172556875089,0.803271211904428
13.9813376858203,6.94711464432939,3.74896063844297,1.27385032313697,2.62864986383814,0.931355943388344,0.364931391138703,1.60798581628928,-0.576323233745281
13.8996309247166,8.26120123642424,2.4948960019049,2.67678794265884,0.895569773748471,0.669362341974479,0.18740381774648,-0.229294082889823,-1.07217031258957
12.400598902013,8.81539399988909,1.80624410802418,0.647479620695383,0.309654522264738,-0.470692619087235,0.782787112515942,-0.607996450951031,-0.688959130483012
12.223757975165,8.00225571392241,1.40009067085375,0.867786414852343,0.196822097150515,-0.117429813018996,-0.535400333934121,0.300761856319877,-1.99785486028949
11.5633781263238,5.95135388088865,1.40500211803793,2.20675155082515,0.114662367012725,0.796870183127118,-0.593715970005911,-0.28743216179592,-1.80266096533738
11.0481298093304,6.78295345431053,1.9662113428292,3.0998747748824,0.322133871403085,-0.579663971892951,0.256866363117434,0.242706632506302,-0.761085520347967
9.95981751849218,7.06614397496784,3.51546568665687,1.90504632240033,-0.945837224177251,-1.08379039141704,-0.776014423794818,-0.73166437487603,3.20924977100779E-02
9.7491953658433,6.94609788729091,3.61677748766524,0.414099021931166,-1.11610184066346,-0.693738706644132,-0.708033387012852,-0.219780710668972,-0.522649250981076
8.67604947297874,6.44633544773678,2.22610351776258,-0.160893239550404,-0.93534709387996,-2.03858278555165,-1.9936770987767,-1.03079988536637,3.18175971621378E-02
8.46641867734511,7.63301194097944,1.01160671332841,0.157195416940517,-2.67525820928223,-1.83575337484559,-1.34203328658125,-8.80836388028879E-02,0.638945164547012
9.31855372693102,7.65406446607482,3.38359945245305,1.31313176352034,-1.11917172374739,-0.766922456113746,0.184373509071543,1.28972279320293,-0.367409362696367
9.28601505635551,7.06833286175468,3.94811595042409,-0.146375045394081,-0.440684687655253,3.20822017302223E-02,1.2690293128839,6.70607133388486E-02,0.966476327122608
8.54575541280573,5.87589446291809,3.09354504815,-0.909337889752323,-1.52813671053194,-0.525395225190223,0.587813974165829,-0.778662667076811,1.33885971273904
8.27107188940924,3.66710881315251,1.84844301273203,-1.805356288857,-1.7137688025049,3.18074767873062E-02,-1.18522328397535,-0.470795773440529,2.50669987277009
8.37855427635269,3.98931753405596,2.50948181063309,-1.07318386857875,-1.43540025584057,0.634888574698713,-0.730940999573613,0.515720729818882,2.0835297021926
8.35022756870694,4.32447672623282,2.08145930391274,-0.812713415589253,-0.403895296018335,-0.368764237029489,0.339898589834808,0.292684236671454,1.24457929997451
10.1700188664673,8.08389509802841,2.8222469852268,5.25171839315094E-02,1.20612994693118,0.957224974348227,2.18299370014454,1.38729216545121,-0.393658219049619
9.91022328965618,8.26512932543393,2.02507189669917,-0.30442546893486,1.81481005534605,1.32117108534105,1.27442161376518,-0.408337801489786,-0.645630142995784
9.99375005501712,7.98166389380374,2.96718338747018,1.56424679360217,2.56225737449495,2.44540100879393,1.6518340507566,0.673849702027268,-3.61308439186275
9.96495732884271,8.8004590282144,3.32179900368013,0.058917414492791,1.39115447354652,2.0410047617582,0.371311615963968,0.103325316461258,-3.34114502037926
10.2267603766079,7.42629182690183,2.21168722096982,-0.244441497590936,0.798523626397916,1.22927993634798,0.247093665738414,-0.533527825664134,-2.10781063519429
9.28309861963089,6.3105752977951,2.10854650299845,0.127602730166752,1.33406882129194,-0.39521401148868,-0.665262150504756,-0.234602936191992,-1.78599515729916
8.73339755769041,5.8667166189444,2.95432042602156,-0.837815658255074,1.14533436805908,-0.649825613030416,-1.43746599231092,-0.662982686183746,-1.46333413613779
7.09223582488937,2.82383455178931,-0.857105021621695,-2.94598457484944,-1.73612855205417,-3.74852164224428,-3.30467183882591,-2.38409446877298,1.12332357655269
8.34409883641591,3.82281498194125,-0.892020487813739,-2.79978893548885,-1.64257316751425,-3.45663625032978,-2.6667364149965,0.38437394808906,-1.02757485057179
8.17207505593522,4.81212310040344,-0.712990745569791,-1.30496722906691,-2.31688126378627,-2.15319592796041,-1.24287968789158,0.733084531622863,-1.74296661044922
8.11613686140854,3.43394106992619,-0.985250564466455,-0.987957296786416,-1.80516489638854,-1.81847299696169,1.2074281757301,9.38333870920619E-02,-0.298642799302581
7.1419842214608,2.74698664300942,-2.67320861980781,-0.290812146668908,-2.83751182485188,-1.48506560812554,0.495625370587455,-0.333358982134866,1.71567850886921
7.42753541383499,1.83086253064985,-2.16705124789458,0.03273832370753,-2.70215350435531,1.11084519062737,-3.83828622775856E-03,0.234812804522868,2.13160354567334
6.67228914555173,-0.74570615730378,-3.76162221537925,-3.07658367765272,-3.97602709820342,-1.03824358049261,-1.88000680212705,-1.78050271395678,4.06243249578313
6.90390461462811,-0.765389944462708,-3.12773579226246,-3.13508868275266,-3.72194125500055,-1.77388483075714,-1.53100966675322,1.03400022518185E-02,5.58061410422262
7.37169553069465,0.661516011900044,0.133479633044119,-0.76106014501771,-1.45085574018982,-0.299537346017685,-0.201576869563267,1.54112416999423,5.4624843048313
10.827750546783,1.83803652043513,0.342865788402189,1.36946069280694,2.55002258330794,1.68673948207465,3.17924026637179,1.65358763102214,4.12084183452109
10.3847267694933,1.77783869463045,0.903288846836623,1.49376474255385,2.80116812977648,2.08711453817534,3.79001076607119,0.641100747877183,3.33681885808902
10.6259219673347,1.74169014830976,2.62722045067087,1.31129150509235,2.18909273997651,3.90384156736655,2.38960683337897,0.107986114178189,2.09523977775619
11.8709873990729,3.13108011055736,4.68236523101699,1.37217349670285,3.51498400400442,5.28564277786241,2.185684128055,1.44812727154019,0.172582645977068
14.5199073279561,4.74107602539901,5.57855671872319,3.17873691436417,5.21151535953322,5.179552085121,2.96314570104685,1.4308391968423,-2.23592757851383
14.8260137445295,4.64583048413566,4.72318620076588,2.89848878555799,5.35549439277899,3.95774924781182,3.23355443107222,0.386351203501093,-3.4316448987965
13.8434583188039,5.00041716494702,5.04384510558551,2.68846763548769,6.9063261459735,3.22907062067725,1.70096333013151,-0.112741501066454,-2.44266121285896
13.1286716674886,3.03228904404702,4.38199184987152,2.13356866613023,5.86623233922531,2.05224042013826,-0.829721147939553,-1.1067995604814,-0.900667064655943
13.9966064356059,3.12959635702384,3.82960048491905,1.92968239105072,3.96886263450964,0.172285311427976,-1.66962499158127,-0.443422850724442,-9.21172409148237E-02
11.3278052912096,2.45777718289277,1.36767477733868,1.60377586195547,1.38018199092897,-2.28706468862525,-2.56814785720712,-0.997505140025937,0.692065818662956
12.1655023467114,1.48326322334806,0.548783051455054,3.08093001024544,-9.69221679585958E-02,-3.55359154165994,-2.30466753262271,-0.847073193939482,1.35801676886276
15.1172199647825,3.53052367972668,1.03678981104023,3.58468761444049,0.698868258837819,-2.50382107919996,-0.934163408424583,0.902147479403439,0.158763921995178
16.8849310284617,3.68015540422561,1.69984284965951,3.32569408067052,-0.290291601187342,-0.908852802514393,0.52885454862931,0.466430941155946,0.45049764274488
17.1387316547029,5.8607094783401,2.02866530827928,3.59240549820706,-1.37020260558128,-9.22021750145106E-02,1.72879078152216,0.369461073937876,-1.52394538325878
17.4974013436742,6.17859143020891,1.29529670444615,3.71003135820925,-1.97802964102587,0.687309186713184,0.624985018228736,-0.210943339485854,-1.49992046041435
17.7969024945093,5.33199722298635,1.16363858651752,3.30534487802534,-2.05110403758574,1.33982176462626,-2.48883299930646E-02,-0.184479288106431,-0.160464232849984
16.4642570175612,5.52975717410296,2.06919804618312,4.72668676532085,-1.22102608227311,0.158512261711641,-0.68133999785439,-0.284402524811324,-1.17088891662125
15.9087748574607,5.03602593519676,1.22070991517173,5.43670038937561,-1.28198442497598E-02,0.448477263245711,0.289641565846195,0.755501668752597,-1.60899909609234
12.3025012642127,3.3759448472014,-0.157888577037472,2.39284002906034,-0.637295710951277,-1.54752887815197,-1.14717644434924,-1.62812934055571,-0.202936506709724
12.6212367922692,2.15881134847171,0.261721031486167,0.566582892338181,2.19022672165046E-02,-1.52276065910338,-1.0484327711014,-0.18650112387392,0.235836533866654
12.2638641974499,3.1989171482864,1.12090021888823,1.08547574845126,0.281646406930953,-0.160722134389953,-0.63698445915362,1.15960473288418,-0.147383290583428
10.4557165611798,1.2284032529979,0.112982084585909,-0.318343638333268,-1.49778798801062,-1.18476115365786,-0.321666640821101,-1.30970604719992,0.622066065720126
10.6481839322113,1.82523259845545,0.18395871197984,-1.47321556736798,-1.55470508083805,-1.63531123914854,0.179100258602216,0.313591081646305,-0.381830267722864
9.13168352761034,1.95449757928184,0.714488020321641,-3.14826124284186,-1.53983342626767,-0.203349176424783,-1.19022330793128,-0.196268465167324,-2.96925201136453
9.71563144210437,4.44629354145239,1.18192613127216,-3.28732171786508,-1.09739247893281,0.23528165376958,0.369696782424063,0.252055955539273,-7.3601663304449
10.1991297244857,5.49911636595369,2.95333054483101,-2.36599311926103,-2.40891561568678E-02,-0.147600829542936,0.836112710971741,0.780269667153562,-11.5577581317326
8.45121277303079,4.60604966458025,2.51999638931148,-1.78707065280808,-1.32472639127094,0.618220326855375,0.500872949998569,-0.534998359778695,-11.5751188334834
7.57321155423529,2.83934469839721,0.563967279256902,-2.03795251501918,-0.390387727504502,-0.383293799463521,-0.439823538539984,-0.690992928240486,-6.45769136979315
5.21991366276486,1.17305530280745,-2.35660060249069,-3.92781969975804,-3.07744582258678,-3.06011452340067,-4.13305876906727,-2.86810197189136,-1.37532980778222
1.04830044290694,-2.71581289743094,-6.11159158214743,-7.6673647394616,-8.95439178323051,-7.94492610673126,-8.2148634707798,-4.47576639101129,3.14132757721089
-3.10701728321696,-6.86896449264597,-9.76377952755906,-12.9161095429109,-11.7711583221909,-13.068142425593,-11.6946466597336,-3.92883672559799,5.84311395037884
-3.5898533981356,-8.33250338618435,-10.9448450322683,-14.0745757310175,-12.7447514142299,-13.0903414070592,-9.18278424029958,-0.55473667436857,3.14491873157517
1.03445824248745,-2.95004265807184,-5.91003886624323,-8.98165702910228,-7.10304294245898,-6.90349796189211,0.529197080291969,4.81751824817519,0.868091762252327
3.1830226460292,-1.18247695857863,-4.78702003782818,-6.1063813060428,-4.76135422977142,-1.39450890441684,6.61807890270577,2.43293362498322,-2.08494226349305
3.08884946594228,-1.72852681376353,-4.25721624718188,-5.80579886905422,-5.48032856562073,3.04565362013526,7.22548693498909,9.93273459733198E-02,-3.33555087408064
1.42914625530462,-3.44922776038817,-6.30377721319989,-6.85190123942002,-6.25769081406828,5.52054236907486,1.28620823566291,-1.27591482671982,0.677259520233563
-1.98810900321775,-6.43504247301835,-9.80319265780433,-11.0946427752418,-8.8897632663308,3.04902923987901,-4.39793078310155,-3.1851746354369,2.67511218718543
0.99712656505874,-3.3224238351781,-6.30534534082982,-6.39721067705459,-3.0285017492006,0.86062078412114,-1.71254842900878,2.66902869440795,0.94144348402226
-0.178054856953939,-4.48395971331751,-6.59700329425102,-6.74034453850968,0.882717579965268,-2.129337725668,-0.942935071375445,-0.50960528024748,2.09179034867108
-0.906631745971047,-5.59440058116193,-7.15842398057694,-9.28114664780438,3.49175094152059,-3.45064902789194,1.00580206083084,-1.19315031830085,2.96411707354375
1.42766519578113,-1.12163735352142,-1.77366022776651,-4.89040392422035,6.67382358203613,0.672703571254292,1.09909771745521,2.76075686703705,1.31868489356412
5.00769963206364E-02,-3.85451809707414,-3.36926494962913,-6.45922721555443,0.795824565940576,2.60541442828762,0.441994145928603,-1.17739717170767,3.06151477036289
0.278844587202953,-3.25116961106067,-3.09405767753647,-5.1909782836394,-0.663827013942218,0.932662989083644,2.59711845075995,0.997369829853603,2.0636361520378
0.809579874306942,-3.18234283163285,-2.54809482724724,-4.79988342049811,-0.13624072741909,2.04893100760311,0.455677814967046,0.622913886145298,1.45724377375275E-02
-0.21421476248386,-3.90622824200001,-2.5506178111568,-5.97875026689812,0.793267668656418,2.8787864722101,1.28366397757128,-0.335827477046745,0.635217556791278
0.516021906850019,-4.04790518040126,-1.57742163347309,-4.16922766427844,4.99165191226251,1.3015219206106,1.46733696001173,1.18157549515168,-1.97647857477041
2.18675219621914,-3.22492340892448,0.732035030009105,-2.90236263222367,2.90715313880836,2.97057032121488,1.37875341893894,0.533571185787259,-2.5125066439764
1.80161278552142,-2.97174888710502,0.750976063635707,-3.87688827264269E-03,3.42785338976867,2.02191126030796,1.7377581551485,2.94187404218046E-02,-2.82465518499598
0.252783392616768,-3.79961423357833,-2.22694536825892,2.92770811265858,3.21795802824327,1.45703144875206E-02,-0.842302942278429,-1.41308923045613,-2.29239614603618
0.558101348437427,-1.80160650165009,-3.6516432856026,6.8616485206855,0.751822477647127,0.631208012674894,-1.09636934317006,0.282971220881303,-5.36561403832449
-0.876675791394664,-4.79539552186425,-5.83444467841183,6.03121124915187,0.483142649914615,-2.01633092346925,-2.59376242951732,-1.45129968882337,-4.46245993308534
-0.112553322429008,-4.89244254749586,-5.96298610282366,1.26195440303448,-0.53281479245496,-2.57726048489189,-1.17771491015624,-1.33379197057378E-02,-2.16378497401444
-0.78782474009058,-3.48008730140105,-7.83365797564008,-1.49538851470276,-1.45807420619087,-2.9067611649574,-1.76081293562694,-0.291708713712407,-1.59911759874212
-3.07711243769106E-03,-3.66910153050839,-10.3405179963738,-2.4706845865071,-1.98876143857375,-2.34617988325909,-1.16835592249465,-0.860644678725805,1.01094978625904
-3.48509919653365,-7.2640959968027,-14.042018096879,-4.16988548716086,-6.2583618254794,-5.66983552944215,-4.14429738733315,-2.95530368200571,5.55529832068956
-2.8385867555475,-9.19044808577229,-14.474319006115,-1.45125227446938,-7.35421967639475,-4.67089683276315,-4.35253234460753,-0.492240477840616,5.46925701075337
0.565646032345878,-6.16063868971026,-10.5757870013824,-1.79786943980711,-4.87675374187406,-2.21164011040261,-1.0447111498041,2.33648883297538,3.64500868200886
2.46508433183241,-5.4302926810654,-9.77519461192093,-0.994285659772562,-3.12189956498511,-1.62510493780051,2.13429176524459,0.283809051362275,3.74890292299472
2.39838779599057,-3.72845610376221,-6.7937527094635,1.93862845493209,-1.60939202568279,1.0008318785223,4.31358305311134,1.74553890496666,2.40330876753097
1.46972247040815,-3.77727447979073,-4.33251835998734,0.644129075155331,1.32358135765786,5.26292702410059,3.47160175738728,1.47711033076837,1.18044156317891
0.578633292311981,-4.35577124016068,-5.88687394060417,1.23644553834723,0.77019527712634,5.185640978011,2.64100123064062,-0.574221561752629,1.07367590034132
0.918203929423601,-4.14195585052129,-5.72614031282163,0.857513395762274,1.66979734438531,3.51682027756111,1.52326316615361,0.617520410941839,0.310606305354152
1.62867947082283,-3.53022309575533,-5.7110674344563,0.618829235773481,2.8828890957783,3.61343861705917,0.430329988621067,0.383664931094321,1.56477362849558
1.98878263436468,-3.0958739224853,-5.00914185551062,1.40159862334411,6.09929954393697,2.34690538465588,1.44873810357414,0.454461202605957,1.5700192905737
1.56232886714615,-3.352150341353,-4.51562557044284,0.508378664524859,6.8268318060677,1.16666970902852,1.12034974991786,0.286362308787562,1.81423642802379
0.92581106103,-4.00235243306823,-4.92839322389008,-0.705959650259376,3.94859566178259,1.06227055737042,6.40946119174619E-02,-0.68045964336749,1.958216745464
1.4854195614366,-2.89952426085596,-5.87358405491704,-0.875102371334185,3.54181811489514,0.309644529920036,-0.531180698057478,-0.138488861078638,1.53211929366081
4.11794795189014,-2.89347293706516,-2.4962541475979,2.13570170792764,3.41246022153719,1.54066569795077,0.80711236651864,1.61377206205214,1.92385168687843
4.69470240750504,-2.18626510041409,-1.83525510181092,2.30905101135037,2.41493977857982,1.5457507063006,1.93032969706801,0.459602308825708,4.17855099107381
6.74821327321175,-1.03494566423208,-2.4885311077594,4.21261880696626,3.48201619427754,1.78190839677547,2.58064082365359,0.525540836427932,3.78254935489584
7.37577114943514,-1.885232234835,-1.7081326129179,3.70985403926836,2.35952575154681,1.92060709570141,0.449733899931955,-0.538283710890487,4.53001004916428
5.74416792039008,-2.16086026572894,-2.59815294821365,3.45347930903225,1.43581540357811,1.50899961935146,-0.568707063749557,-0.558737696894992,6.00563722380321
5.83293732040629,-0.3695133704327,-0.357521950959523,6.18401943498209,2.9581055333739,1.88753825040749,0.913790576520813,1.99190801248884,3.72044892321494
8.88412639027355,2.96404265487913,2.01877558611533,11.2588639061956,5.22329798944224,4.01095134394011,4.02046672967005,2.61391971177031,0.535024188543038
9.95238455143224,3.31818132740211,1.39240096310614,11.8224516017578,6.0012740641567,3.64468726043816,4.69309090123843,0.145977520325647,1.57768012351943
10.1963041280557,4.47746716588743,2.09431306488361,9.87599235217912,6.30083009464932,4.33369330686341,2.9317365166202,0.180633424081134,1.72054414202358
11.3867882990138,5.36423444720407,3.58399343390517,10.3796451059937,5.56493636958222,5.66539420080451,1.16466962197931,0.841067161403682,0.832945038879324
12.441444218928,3.96723445435005,6.11527888395037,8.63478320444639,4.97006911080853,3.58699654874153,0.854464798020019,-0.16742457330284,0.688110714316287
10.8993015446897,3.44947008171948,9.71341176166905,6.82752434483514,4.01735490435228,0.532176913330876,0.206503571866477,-0.471731596982473,1.25623006218768
11.3246214319577,5.31727860439506,14.1437655057176,8.4442516969925,5.64913019169158,1.55317597488046,0.538488193864252,1.17094077055046,-1.02871866170908
11.1666543054216,6.06329663809453,14.8913446562338,8.17092423263157,6.47439632976976,1.69144213348027,1.02329918097922,0.320827285152739,-1.63846536908913
9.47928479825334,5.54631111487956,10.5552670347956,7.78794077434262,4.54324808428103,0.826064376636183,1.4566883233882,-3.17961653824549E-02,-1.70872592765314
9.03187395011587,4.97395224223352,8.03929490314487,7.07839843500818,1.67577452210337,0.68340810988963,-2.14761104850245E-02,-0.311509919411439,-2.42339832869079
9.16696231116813,3.72575803604241,8.03253718216445,6.89726229650982,1.62261032496817,1.24064471037106,-0.251103090352513,9.19861574641547E-02,-4.35691478852742
10.5255696463553,3.05229061415267,8.18254459222601,6.49938137952368,0.349907206928568,-1.03941127951334,-1.33239681066776,-1.11072447331338,-1.93426298243806
10.8009298257331,2.10460324060209,10.7524565194442,6.35129574533632,-0.793885038552444,-1.66575824100067,-1.31782762030536,-0.29708750832127,-1.63538163572633
9.82522956950056,1.90211648199027,8.21037149499455,4.71690382019175,-0.729360310894698,-1.73843094799589,-1.51587038003511,-0.103300883772487,0.355838117379134
9.59918761018364,1.40185184781637,7.72031824412228,3.2754912365192,-1.30531518240635,-2.48358549814443,-1.45110080127612,-1.04621338743453,1.44739623398047
6.96446578738112,-0.263652396415924,7.05042490904326,0.890021189923028,-4.48164650588386,-4.55538921490667,-3.10052552786007,-1.92774991448511,4.09183188439274
7.36660190517078,1.77834921705762,5.73741586298893,2.78810286783179,-3.36394719492188,-1.97241466924545,-1.56544671194859,1.38715181569477,2.39449607597903
7.54782273501802,4.0728719047181,6.84148739985369,3.33565493164425,-3.32317086525532,-1.66257101681625,-0.506152235523971,7.66565480022108E-03,2.2688148021604
8.53691032870305,5.51591940585888,7.67475244120477,3.22814949800576,-1.06286961903452,0.354576399394856,3.25135813505706,1.88290812818044,0.417755466923405
9.16515407004844,4.85720729912898,7.13415747473339,0.671485495182966,-1.1144167463241,1.42674557229854,1.93068190361627,4.10280644849638E-02,0.539594230294175
10.0348671463567,5.39800612842375,8.05742623272645,1.18450140407479,0.658080045066944,3.93098268165483,2.57214554579674,0.661707593953502,-0.466246724536729
8.4204851982656,5.47896269137224,6.72778884185172,0.760675880627801,0.707197542563418,2.33850076687936,0.456705007069844,-0.247497748561961,0.884959538289418
7.96952934096599,5.14733124741669,6.1194026654331,-0.196384553937223,0.695376931989272,2.21848156405199,0.301108705382468,-0.115217982571676,0.360002655581763
6.95309958740648,6.87584530311072,6.16151067435928,4.53681669548521E-02,1.79653661125473,0.416017530944525,-0.288473061580857,7.42582732704511E-02,-1.41518720788893
6.33355197234467,7.01724399472704,7.61910662818052,0.676000487130573,3.81008744848274,0.536698237570156,0.121355333972876,0.162163201558821,0.761675643685349
5.98498020156458,5.23870674518868,7.03996775652748,-0.844676075300506,2.1232669669483,-0.468430767647608,-0.105048547435843,-0.342158125933915,0.62407412568522
6.89650054281449,4.70064628850589,9.3733037047089,-6.12786673904263E-02,3.18776292577012,0.877196702401952,0.917695752476586,1.09517064730628,-0.453546953453645
5.85461203272575,3.47294834642846,8.80645808348734,-0.668555893662695,0.699497676165452,0.35871128542835,0.122700171993632,-0.638894460780749,-1.36741339501773
3.55348130460737,1.7016334726217,7.50312042112117,-2.08715471861941,-1.0549736799262,-1.43550225213003,-1.25381234058719,-1.72507733217562,0.78797416833994
5.65358811904702,2.57033324003631,10.4191581215067,0.188502413000524,0.631027200325696,0.755918000390144,-8.48154839146663E-04,2.31906736893887,-3.78616320195414
5.16850533277087,0.682202649554066,12.5734507693422,0.811740192005306,0.40118288229554,0.620203595519017,0.157660824693939,-0.479374129136999,-2.63037911036684
5.41410974339532,0.321421496686742,13.0230021918007,1.12976780545162,0.540175557056056,-0.45561337403109,1.8748522291827,2.44953426898558E-02,-2.07550103625951
3.45878748804666,-1.13086146243947,9.54276590497042,-0.320198003522162,-1.09775991207535,-1.38637081525008,-2.03325732236582,-1.57135006728485,0.917756710095325
4.35877278943798,0.42665920031015,9.69384348650133,1.16561312068575,-0.805935753437936,0.781813678508743,-1.08915475818696,0.450350523901312,-0.967252129526924
1.2013064290059,-1.43843827960401,5.95275875139944,0.780595738678939,-2.7977591480884,-3.9351545764684,-3.46463738220541,-2.32481774345683,-0.500930015250497
2.43711379907925,0.279858910847759,5.22366831795822,0.102622227668169,-3.19463651163198,-2.7014371488088,-1.13737812242898,0.713322947117813,-0.210277101895769
3.30561434571806,1.70185738243719,6.32171282026742,0.68539782873973,-1.93351358288399,-2.11949109591873,-0.994490280227877,0.590995208088175,-0.175536670197695
4.55562796919752,2.2366525460065,7.09820433224142,0.238393331846965,1.2393451901144,0.909410533898161,2.72265765688511,1.44129349820777,-0.856886823194476
4.32587959479269,0.359710665616966,5.39326771259685,-1.24419874123015,-2.56582009247216,-0.976699274054288,0.608506918014686,-1.44449712274964,0.535651372076538
2.25567740092097,-1.85521935488158,3.20765122939291,-3.79925711488583,-3.96006051169147,-0.503451957216561,-1.8273113273368,-1.84525220218702,2.35933578894444
5.07548431658463,-0.6218548201423,3.90281873896788,-2.50496102443784,-2.94306607755644,-0.210720198221699,-2.28064597471797,1.0025106620912,2.86215478396246
6.18574672169369,0.191752047171008,5.14941406675587,-1.74646892963135,-0.716455376248025,-0.175845343257948,-0.193495247599833,0.6255910538954,1.36732283636142
6.2353635673649,1.23513652021044,6.00420794059582,-1.04420067508687,-0.399170521062408,-0.864292834608046,2.37339958785536,0.76395961587946,-0.677249226417903
6.65985978104039,0.444106023012191,4.42483619128791,-1.24816938761824,1.84326713204421,0.532797435303943,1.34594626165698,-3.93703342368257E-02,-2.70205958764984
5.42871671697664,2.0089367825419,3.95403940407025,-0.933926233676303,1.10768498382508,2.30495418005562,0.694385839635607,-3.07269520811034E-02,-2.96818029363714
6.7244643024634,3.64521602701297,4.88181825933474,-0.534631683961901,1.99847369902027,2.78251490061989,1.41737083997714,1.48643809101528,-5.2672305737698
4.93356635088919,1.69604106611982,4.59650774611404,-0.735381050341681,-0.269775860327045,1.34887930163521,0.628545510435269,-0.839852020954377,-7.4438790974224
3.62378000857778,1.72600347900299,3.91333407354673,-0.293472841788085,-0.106024683939762,-0.681867166528415,-0.6113291837841,-1.27882750197571,-7.02092409111593
0.874193505355874,-0.674320676944145,-0.119167782011903,-4.85252986976029,-0.377290533720486,-2.77709844237039,-4.29582067916743,-2.12123098540196,-4.76471032891196
0.861696006850758,-0.783643832317155,-3.12007992542672,-4.67064212408957,-1.70309844832277,-3.05897622307758,-3.74271327199176,-0.305072499319817,-3.35535148009224
0.292529911183419,-1.95207459962781,-4.20477993874875,-5.64312700973676,-3.26890924597041,-5.56009351956238,-3.35914347242007,-0.90436747157398,-5.8701752254168
-0.547411350482607,-6.05357524409389,-7.74574287227222,-7.34882899956337,-7.40573005211672,-8.04255734232602,-4.46243601534701,-3.21130960675565,-0.760616110662096
-1.04149593282727,-6.35223542303748,-9.5486070460197,-8.71667470579146,-8.24181999541069,-7.55107966226312,-4.99674532520993,-0.818117533565309,-3.03691597319459
-1.15114799640484,-5.30751362771532,-9.03946492978954,-5.92989459677137,-7.88598242112267,-5.00309322874717,-3.74549147319395,0.298117215860687,-3.18614233521263
-1.13297582677237,-1.18627876281808,-7.2711204231007,-5.45582086521509,-8.24603343086308,-3.47184405083854,0.646096194493414,1.15766593134767,-4.55590116574215
-3.59946642697316,-0.338264262081904,-12.4497982367228,-9.90193922239859,-11.2090975157299,-6.23625427910268,-2.09556503279848,-3.60018359501999,-0.968654975233785
-0.896098030175732,5.48494372766484,-10.439577155936,-9.16435172725294,-7.49595714456222,-0.766445821056548,-0.247602955321473,2.10275288616584,-0.308918621005994
-4.22426033788288,3.01274063770803,-13.9207646314488,-11.0372173442677,-8.61562684130709,-3.13203318940952,-4.6519265505617,-3.18491794411121,1.33902267041448
-4.91696547200794,-1.74894564113942,-13.4029567863576,-8.86794773177208,-8.12887170942378,-3.29099822284168,-0.869288437378684,0.144439327042943,2.09256173635846
-5.02383784463335,-4.55820205595366,-13.8034659162339,-10.2572843231116,-7.43929327801793,-4.77337124179215,-3.30466022609689,-0.26086241743789,-0.179388242575456
-5.63317723169023,-4.50248636122241,-12.3815960990682,-10.782117510742,-3.93762371457538,-0.978129677014424,3.66919326027238E-02,0.152561193453402,1.04909959928547
-3.3846897837207,-0.347671353148163,-8.96668129969456,-8.56431215769865,-0.258464658890018,-0.309875885317748,2.64568274812961,2.7506179911122,0.455423649633657
-5.3732488508363,1.28439448782684,-10.4946229384754,-10.1569630146812,-2.07361796531898,1.32132976530609,1.43570997943539,-1.50695932115345,2.14534389126256
-4.14185670252842,-0.528596903527503,-8.38669296266991,-9.15242627868252,-2.35884596761812,2.0496711031331,2.15524876885105,0.881467222504354,-0.962480957048549
-6.50978720518498,-2.56220845463397,-9.04075216887956,-13.616833702281,-1.31416420028774,-0.179710622302526,-3.17060883633741,-2.54283264629948,1.0441138716256
-5.69676497709061,3.20110079645334E-02,-9.06365412822558,-11.1309919112483,-2.07617664343081,1.03820776577498,-0.250115860737766,1.36644004147099,-0.436926369903918
-3.26371702923697,-0.569269274181668,-6.69872895912057,-7.34020849837703,3.22702767125401,0.453358945776859,1.05908388776327,2.17588924955072,-5.95208883965816
-1.52196633197715,0.772414243589279,-8.55884438804074,-4.9293606061737,3.25412451942818,2.10028554365273,3.67894068903738,0.172399313202202,-7.60259975364862
-5.34926426748704,-2.46118623452815,-11.0240633421574,-6.94188070878347,1.35508335121988,-0.971834680785099,0.167894874913548,-2.22889985929265,-5.85008704776896
-6.32818548551402,-3.62562530411291,-12.3296668000968,-6.52018111347875,0.703983969203995,1.03332478421467,-2.56952950284877,-0.506475358164131,-4.93028473359109
-7.03109816520585,-3.38286421755519,-12.1652586395122,-3.30992353224866,-2.20741547638185,-0.438843794163305,-2.85020526564566,-0.100773315226124,-4.93189403445969
-11.2462013631609,-8.34420433001116,-16.0254642226181,-6.12030900963357,-4.27534557345439,-6.32878366592372,-4.19011695950027,-3.56071731184481,-0.131197399906068
-14.5457712962706,-10.6800112102245,-17.982058591097,-8.15215607460354,-6.89731787803579,-8.22815331749427,-5.33495595442186,-1.6108385702419,3.62716409092401
-14.6218146815948,-11.0735092963169,-18.5589442220984,-9.77557120421501,-4.58635189219311,-6.21358731445362,-5.57196413192158,-0.326004356856981,6.36557069760373
-13.8414332825721,-9.0155006706536,-17.6041530098732,-5.46708754802988,-5.54121242070656,-5.18596770777656,-1.46711780307995,0.465927771110462,4.66961485321257
-13.2736193346154,-9.43688134429689,-19.028221552564,-7.8428254867221,-7.99930342080955,-5.1877482825285,3.91194835218571E-02,-0.102467808450828,5.09487105713465
-9.82934372348657,-6.34232270681407,-16.5961300660083,-3.03270061878139,-6.65233542081863,-0.131369753607064,1.77622854356226,1.41744978465811,5.27668510321732
-9.13011380663837,-4.12247553193822,-12.2412184205461,-1.0413392685286,-2.16283778351157,3.50020588013147,3.36352096444486,2.07439460277317,1.41825827845227
-6.75168488485626,-1.47650687051987,-12.3126384225191,1.49603486461386,0.646090828987166,5.98461575099426,5.64120883046368,2.25691219547047,3.71508180324234E-02
-6.21222741714422,-1.76442674798687,-13.0586849540767,0.214139983475798,-0.392148361190817,4.4612898019747,3.1868076281046,-1.14681716684854,2.15753861866464
-5.17904272001805,1.45578025450939,-12.744201013907,-2.29774092298678,3.35295346642364,4.8478779277105,1.43512748283539,0.302587119874939,1.71778227655982
-4.02432366641693,3.49540445303657,-9.23765205245706,0.821030092619963,6.39524303577886,5.01220673698441,0.760291827276446,1.58770298279241,-0.71255202338779
-7.11368539401422,-0.444920649411187,-11.5436728535942,-1.71313669057836,5.15886934419849,1.39842500012012,0.265462914470496,-1.6511553042133,4.10975029669384
-5.66530021472817,0.183304528336019,-8.02016825927356,1.70925521227617,5.57959939628534,3.71370213252082E-02,0.8705774806816,0.907476444177817,3.18354734732162
-4.23455456890493,-0.622250097852882,-7.75985248970775,1.29684559992077,6.57477140148926,2.11197200699826,0.230838516785897,0.952592040669091,1.99950012496874
-4.50795869317834,-2.26200650672158,-8.53971791614923,-1.02818477578253,5.10975961016333,1.68877283609011,1.72536724257606,-0.128434562118427,2.20463592106941
-6.99622957687474,-2.5131393533153,-11.0313440225464,-2.033743382717,2.30390943367483,-0.717665765319737,1.09494610960895E-02,-0.82120958220665,2.43292264919831
-3.70776327357562,3.46131746972238E-03,-6.10414873511924,3.2423314511458,3.10387875235656,3.94751719697896,2.13563287882387,3.0572663437642,-1.57143813125776
-4.11961083335831,-0.363603644342094,-4.1629848721504,3.74724009606888,4.2197402633358,3.08532457854509,2.27875202739025,0.017995611839282,-0.949614593979793
-4.1115523849593,-1.02060630718517,-5.42527959758292,3.6545334338143,3.73960322340528,1.96030384709628,2.88358846564613,-0.197186224242131,-0.899011988367618
-4.07253407253408,-1.23723723723725,-6.01201201201202,7.03465003465004,2.25756525756525,2.15708015708016,-0.106491106491099,7.25340725340801E-02,0.758373758373757
-5.25500019752146,-1.15282815865852,-7.46538146040392,7.96267076891616,3.27165241801117,2.37513739359984,-0.721766631887408,-0.596514792033148,1.48722036190578
-6.13408478704773,-1.90856427484638,-8.37555180974843,7.44834732540775,1.52033402805293,-1.59652655837167,-1.41483667838077,-0.886646614355604,2.38119240137755
-4.1863585226042,-2.9113278347538,-7.64273053155784,7.61547832284782,1.21516899863271,-0.958718726925899,-0.833172226971312,0.645667714052109,2.58476717995542
-6.04366254020905,-3.5374635231877,-9.4264713772198,7.57528044283026,1.19781570666462,-0.907167533246079,-0.381621518228485,-0.146023881669321,2.6426590342363
-3.98525389572725,-2.29811799176033,-6.65271227902051,7.85541848260936,3.68446271404434,0.752665738921506,2.2082474557697,1.7162521235353,1.12338169988285
-3.22668541191071,-1.62227264713224,-5.1734125884694,6.02198597312317,0.77209645252363,1.4654262444102,1.69668882360619,0.125935067879002,1.36582305436044
-3.54401568095845,-1.06341079165027,-2.99467836632257,3.84650613224396,0.748555098601345,2.32581038130741,1.83440651419254,-5.72464896452549E-03,1.61526695183051
-2.37704918032788,-2.24830843285955,-1.81599382407703,5.7379319740248,1.77875664138777,2.51964034330867,0.962036238136322,0.842831842332317,-0.037237182689238
-2.71802120783771,-5.08674487416652,-0.993804911527945,5.36718284828624,1.61944975978693,2.57462059060146,0.748364869348636,-0.089540163535782,0.119765650211568
-1.72756601365276,-4.98817682839739,2.38299821122101,4.07088915238174,2.43718302451013,1.11090202977671,0.991876812300633,0.239637437851826,-0.289287957141858
-1.13418176725443,-4.79446484962661,3.5283647091245,5.973372366715,3.64740748772299,1.34741968565477,0.514572010716103,0.36480851505992,0.920266185977815
0.137686417494055,-5.4299376692912,3.47190611183472,5.33979926176644,3.25377116562482,1.58959081669904,0.841892726281197,0.239768164015854,1.20019289619211
-0.568987134757942,-6.09191016136066,1.56363570286379,3.66832025003634,2.62551788050589,-3.72510539322444E-02,-0.187845253670581,-0.796354848088373,1.84211004506468
-1.81431065047793,-5.52260454474263,5.04842777145996,3.85674368350686,0.99193513606762,0.119622383685948,-0.486888070220832,6.74152712613317E-02,2.87252612058027
-2.05544704836441,-6.95395935035141,2.84442948838921,4.47810062140893,0.698942945428331,-0.290127260366484,-0.899258083659427,-0.169619855982284,2.58363327550494
0.311792144539055,-5.62546444271351,7.31111170798529,3.00175481005973,2.2526031174738,0.911874513174521,1.45846203432623,1.55896072269526,6.78198275630466E-02
1.2906156477127,-5.04734038763004,7.65573785093346,3.48461771412284,1.93013396038194,1.1859590993302,1.90051838392476,0.515711842667804,1.1779428530711
0.619137044289715,-4.88975524459927,7.74768827252736,3.51944616674771,1.8600875177868,1.80879014019795,1.90893154253445,-0.161029159213684,-0.186677848008098
1.39229669379182,-3.86467140915429,8.59384653404175,4.48094473177878,2.67537201461581,2.79231611092479,1.42009849781998,1.06838361193977,-1.2610103969921
-0.446616574683613,-3.18771194893279,5.58392623623023,4.61843650951969,1.87778442715607,2.51856284770708,0.461466852849252,-0.451714431367336,-1.17450185074362
-0.954425991164795,-3.82441424816864,6.13364647989711,4.59072862495107,0.741038975563387,6.77738634457249E-02,-0.288765867024545,-0.915953699043781,0.565676899849018
-5.72210802460107E-03,-2.05027532142841,6.8209728463966,5.51413140600998,3.10798498166723,1.16422890192746,0.257494861106828,1.60725211167794,0.240768699188792
-1.64123442279718,-2.53927678429778,7.74095086575396,4.20799545951211,1.5587816655457,-0.187026985960684,-0.813578561389315,-1.53040361630196,1.77262255630361
-1.10996149660442,-0.608054204199843,6.4552965074314,2.52741383664103,1.71756876643882,-1.27711494928411,9.34092823798426E-02,-8.04481857816039E-03,1.5247165877455
-1.24026904642823,-2.39441452796886,4.02672521872918,2.04947170818466,-0.202076385322217,-1.18846033942552,-1.90795095442403,-0.363782349603366,2.48076237297334
0.261563509221453,-1.55203245522726,4.65921121698205,2.8683018834352,0.114767662209408,0.562494995596124,0.461517246287844,0.830286207418082,0.913025684824872
3.83909438999545,-2.1674219271437,7.93945621245653,3.30470369199425,1.56013981100925,0.240190395897015,1.75180911230548,1.28833386025925,-0.313520918958809
3.46593129613447,-2.21160052869395,8.4013594987068,3.38908624649257,0.494882119693849,1.74174793945488,2.1057739174728,-2.19557284691948E-03,-0.303428167443161
2.50772590003434,-3.15199112511996,8.26275103672333,2.9127303462788,0.692469558633199,1.50181811778585,1.03716356016517,-0.252247334454433,-1.51810634008048
2.97484089536297,-2.30822091689793,11.9240937382368,3.11512435110695,2.15721376484903,2.42071030262708,0.319522379697624,0.57251407211576,-2.08324214543958
2.61026340672105,-2.91640677174135,12.7046190399573,2.19237440738447,-0.147451339955778,0.904764948458157,-0.386370999914036,-0.710367217754101,-1.85405182617052
2.45306622265682,-2.91689792178733,13.0524794953793,3.03671009858074,1.43488296288465,-0.314506964082791,-5.99060883967249E-02,7.37813956356533E-02,-2.72682823691095
4.16710711768852,-3.07588971106413,12.6523960535588,2.97899048625794,1.45062544045102,-0.304351656095836,-0.628083157152914,7.92811839324749E-03,-3.89380725863285
2.73032660660365,-4.25373084290119,11.4427415912154,1.70131353384635,0.345984412821082,-1.54150807185212,-1.40584105726401,-1.48876109418689,-2.97014655166632
1.2064915413723,-5.40954330786096,10.1682338242295,0.143268076698707,-0.489704143598864,-2.12756446504683,-1.48207584491285,-1.34104283960213E-03,-2.07481678002204
-0.931962263388255,-5.23807705868218,7.82938128934173,-0.851341913374666,-2.28499181445193,-1.88907627942699,-1.9723914600817,-0.47518846971796,-2.50574335780389
-2.41903895051205,-4.3046395102148,4.92524843602475,-1.51767297690773,-3.12432782460835,-2.80326855543705,-1.30325610250348,-0.822799283616697,-2.36877438227789
-3.76650725597446,-8.06899190878073,4.86939704261467,-3.85175034773224,-4.10564643823657,-4.05156748755154,-2.52383713069921,-1.20623557799171,-1.24908627196671
-5.84156819385897,-8.11554142768295,4.08195701748324,-3.92509156243521,-5.25234376799575,-3.06106465805172,-2.57227097873909,-0.522654504411112,-0.256374818602725
-6.39764453472714,-7.15472576632507,3.42432611325405,-2.04163147924132,-3.55579394243717,-2.1187775317828,-0.806381667541596,0.912971035993883,-0.914568735306887
-7.79220480076657,-6.46682283784686,4.1196483154013,-4.66187096759331,-4.584937082363,-2.57014458502922,-0.520570600660145,-0.919290826210035,1.39701800575391
-8.40443319936641,-7.67716215871484,2.58232239721152,-3.7866331478823,-5.30587823312098,-2.4262466923778,-0.67926558611877,-0.681352779794112,1.13682482183482
-7.28069279820304,-5.29251789078963,1.58766254861373,-3.83921029915444,-3.82203885387564,-1.26488578668425,-1.66655837827303,-5.87077791288196E-02,0.773411177218617
-6.29675047399986,-5.54227663117152,2.18351704436547,-2.96847467882323,-3.32458079013064,-0.25703378851177,-0.259112228850143,0.477810340009757,-8.40613647963089E-02
-4.97877329696884,-5.89924975179846,3.22742632848293,-3.5660400393437,-2.57392490146803,-0.923010298924513,0.673081131384408,0.254766506266645,0.904121642944511
-2.65899446620204,-5.96359869515044,1.5545065469646,-3.46839192737913,-0.331437242732918,1.37777030649425,2.10266149330766,1.38140498496153,-1.80552652860945
-4.56772826602889,-5.43701831906684,0.610864864493008,-4.43908893082598,-6.78738738325587E-02,1.12404638353782,0.707630995429971,-0.94037417765987,-0.52281227141295
-5.49851363518091,-3.96102984012654,0.390300289443948,-4.61337244779301,3.47701142808508E-02,0.767475436411007,3.63819738832884E-02,-0.419544027945025,-0.627013385342681
-6.28818013511984,-5.40895359560665,-5.70896307202367E-02,-5.61165645447969,-1.26591055649679,-8.41320873771897E-02,-1.74527854886018,-0.376283072115544,0.840627477447282
-4.75815435751334,-4.7661443494777,1.76122251442763,-3.57517897582001,0.892367959675635,0.896020527430784,0.444015267733212,1.23160018993352,-0.579388560157773
-5.9663717796861,-6.987294566183,1.31981973645248,-5.04053153686702,0.244068329878595,-1.83872519988154,-0.468472386733787,-1.33994669825287,2.81638658572697
-5.28418271968062,-6.55889613966989,1.03728940143791,-4.66941586776175,0.662712673140889,-0.525559963395214,0.269695244373853,0.36120722045625,3.18563100619379
-6.64244435278688,-7.08525852840175,0.662946811320835,-3.6752881420342,-0.338077384731604,-0.630969649502511,-1.50385347971767,-0.524842547235821,3.99436460452593
-3.79586971968188,-7.52206101446286,2.45249719223386E-02,-2.54945105319857,0.49668798276376,0.833619840014667,0.924614362006905,1.08459969286483,3.42982878360724
-3.78820233748937,-6.81752428187642,-0.280820187825757,-2.24725035016417,-1.07781681247272,-0.582765034097936,0.387361943468595,-0.179100365089189,3.87568597735988
-2.89831919537384,-3.35193393785299,1.73750646896025,0.622595234345118,1.87363589316654,2.73923902526832,2.89629412955922,2.00706522961996,1.70488040861327
-0.839061484263118,-0.478729702016995,1.61356259340592,2.51182303755449,2.98496793203512,3.08728160610131,2.53617279841304,0.717759464573334,1.22687051958816
-0.89639836362177,8.42253496020407E-02,1.95411723812155,3.26785443720532,3.59695719213184,3.84094332391555,2.96036506564229,0.256909598124755,0.486412534871076
-0.150247975641208,1.51910010769988,2.25394123930203,2.9083398706715,2.92651145474612,3.31609248893085,1.51223036250094,0.544704312870355,0.24575959437479
-0.151418358978655,4.82261947129572,2.14218294432448,4.03413876111046,4.45037346177736,3.73108099445389,1.04909712658796,0.250890273636193,-0.238732595178048
-1.02432041981651,5.51518007464486,1.824086795116,4.60302605933093,4.02294654728799,1.67630147320726,0.710387228516365,-8.45119655226715E-02,1.23891886630163E-02
-0.236574089399392,5.4685689695124,2.84219934456619,4.89633332229911,4.76171560351772,1.21200083860218,0.415108080373407,0.248932437353121,-0.411797808600103
-2.46131194578832E-02,3.90417292157727,2.31185931052222,3.98289055587954,3.25713614159418,0.484058016005178,-0.312653139059698,-0.478071041001918,-1.08075985799782
3.06170044853359,7.52736187530811,2.77564699146483,4.03216001308685,3.72554784542502,0.245157097286917,7.86978599045545E-02,0.305948983449136,-2.2298463844302
6.99786620696684,5.32052318921182,1.00529792226612,2.46062010728792,1.5242328426865,-0.239303891568752,-0.404600838893091,-0.233542871956907,-1.95387195912336
10.6628943310999,8.39595366132597,0.658094115200757,3.53048137095937,0.977739828298264,1.23876539331996E-02,0.239789586849624,0.166790911886174,-2.45806447331456
10.9994260629469,8.10204113289413,0.643297013532943,3.76449523454966,0.54801016688493,-0.413500594988815,-0.242427465657967,-0.175948270322147,-1.96024987313554
5.4124029096289,7.28012463433498,-1.59222604543773,3.01543358626333,-1.1542125732731,-1.09256789320899,-1.16654150928593,-1.1575750103675,-1.9428161531478
2.21445432264017,6.33450605504255,-2.01096148106611,0.955964149083393,-2.2865812298203,-2.28070254773037,-2.21287160053903,-0.865748989318886,-0.510993135508152
2.16478979233476,3.73205330729889,-1.03595327362591,2.31304139519221,-2.15055221462131,-1.99280889328823,-1.98376916140667,4.85885588633359E-02,-0.296503205714916
3.0599771856737,4.83001512639727,-3.04500953620696,1.61650614240586,-2.76311880458373,-2.52000789203335,-1.16883735381029,-0.349245154223477,-0.108402067349902
6.36494938102222,4.30312167314989,-1.15409913137428,2.45579456764227,-1.9338958417623,-1.99944397104129,3.32261207034748E-02,0.332713263098875,0.977571238384985
2.70095419236556,5.61268111138037,-2.29861146036696,0.262437191099092,-3.41191208811306,-1.98130935126807,-1.15513512772095,-1.139590067621,-2.02725872009291
3.76145412894077,4.86573215519434,-1.33063343151159,1.0240536707756,-2.56649758190612,-0.513617686629585,-0.212492273008263,0.585887785898689,-4.52506272499181
5.14689049116118,3.00603609872636,-1.90965571797388,-0.736889108502449,-2.46702585571843,-0.297384961659551,-0.281971716695482,0.26361182195889,-2.74990423388239
2.29753015508328,2.68279781053547,-3.40520304309233,-1.6277955743031,-2.45100153698411,-0.108519704953553,0.689032017853522,-0.160282242044357,-0.907887657132214
4.79084405526157,6.1417174783099,-1.95054034936923,-0.458423988467782,0.143929015910522,0.968107299864801,1.5068897902173,1.40459498419691,-1.11427471415652
-0.247334157780534,2.65370884569614,-6.00742002473342,-5.29295097650326,-3.19807732692443,-2.06920689735633,-2.94210980703269,-4.2415474718249,3.54061180203934
-2.90832053891288,0.792182906654283,-8.76614179788385,-7.68474548029659,-5.32866783304173,-4.73952940336344,-4.8483117315909,-2.01497244736434,4.991609240547
-0.426293622843184,6.19978696972594,-5.74808820478875,-5.35139506860552,-2.77452120630141,-2.82766223747048,-4.12565523124505,2.0841539504996,3.59471106895048
0.102182489678653,9.25759609965312,-4.02544023240788,-3.8171804047893,-1.36296778273161,-0.916205776289075,1.81087533278042,1.70159047274292,2.1728671123595
0.770310342485903,10.636756683342,-2.7865178712905,-2.08456889331553,0.980600765104007,-1.12683070375987,4.90413563619077,1.1988138624171,2.50492337641759
1.18266387827215,10.6178337059205,-0.828180212014134,-1.94233612172785,0.840124035479911,3.41953919376938,3.31204478257733,0.444851085310444,2.64273995817409
1.96995975741088,10.1690188743411,-1.43694383041433,-2.32024032194072,-2.35787564473154E-02,4.75429348750212,1.04313325398175,-0.605112509210443,3.78303009692228
2.44268454563862,9.57342452808963,-0.186064301302685,-1.70832677121066,0.899273291785728,3.4699754764101,0.607465070758431,0.763831079712912,2.72391837469347
4.15913606214037,7.96599679790474,0.963095179366663,-1.19091932424129,-0.1771467268218,2.12665766731397,0.496459307827202,0.333663708241586,3.07002004673086
5.62742361473028,7.27106502133221,3.62979091768322,1.48641009107049,5.35867289703115,2.44371030571774,2.59718750276037,1.51887217447376,1.35744507945482
6.44629405604308,8.85281390033614,4.68547942679116,2.89700112630661,7.76470949851911,2.57469740115178,2.41530196214469,0.578522013476168,1.42643549205109
7.70860776693515,9.03353496693688,4.28848241768083,3.33580187040835,6.27270562586152,3.64513359591577,2.57841974305368,0.500261053257041,0.560772979786397
10.1253457795728,7.32625603129373,4.914395600304,3.42242381898344,4.40298131530937,2.65168854322492,0.819357961526769,-0.259320990763863,2.00250998188694
11.1633006924849,9.4408994689426,6.18907035585848,3.74764222265251,3.88970714610496,2.97857713168091,0.9089544413237,0.66833605642565,1.09931708760382
8.90599433965963,8.47896327314955,6.1080693620461,4.69407363671421,3.32016654211595,1.33926528869262,0.266240797589459,-0.14510341341618,1.66106369952699
9.23700342880893,8.19580577009663,6.2668842863575,4.75184428358675,4.52260762650227,1.40637446749559,1.16696394555467,0.646148650988821,1.00115159491567
7.29545020072644,7.98691367894197,5.69268000208547,4.15985992596583,3.44493491597296,0.557645852522551,0.147503519229766,-0.356267704767048,1.49523817799482
6.99497552177273,9.79300867474019,5.47882848063214,5.42106845314782,4.24332216782616,1.96319677059176,1.44657734260929,1.15777720518767,0.980846860774721
7.32340295501204,6.74432216775483,6.15426660526532,3.86355126511185,2.55346437071501,1.08736351468254,0.58833402911974,-0.219065121303532,1.60081084221715
7.12826854290655,7.10833742314195,6.92788577968182,8.15182798372077,2.38659085697385,1.63392319446557,1.34567205378402,0.408266485500631,1.37503295064154
6.76778262854352,7.2883648061587,7.27400539656618,9.96328706174332,1.89287023165801,0.991227900975797,0.187100963795009,-3.00047364618453E-03,1.93123343042008
6.46602926729036,7.3437911350546,6.24193351612013,8.16847206080335,2.27605942497071,1.47321017698641,0.537016465793811,0.132274282925688,1.00810982618133
6.81114551083591,8.49585785731297,8.08695948014833,7.19006225972171,2.26223080325248,0.971319701969863,0.782711870173179,0.654279930595729,0.668739155581257
7.80423644631583,9.65601377554586,8.11579591689771,6.43261229166711,2.78687934324704,1.57558864830632,1.17507270073981,0.392467504410753,0.474434543918036
8.10341146202192,9.23845140722544,8.76595852632958,6.18976244284105,2.33709565919626,1.35638224779767,1.22869289653991,0.186460277830036,1.28915507279774
7.10296801540777,9.86261679884946,8.2661205540744,7.26003145473966,3.21191579549373,1.89464344286422,1.11773660440198,0.542678362671475,0.603443200645912
5.94569853852658,7.57287766384628,7.71548627842371,5.81686341569882,1.31399111291933,0.998048402169015,-4.66179720758309E-02,-0.780427232524086,1.6218816284929
5.75076093132503,7.75188886283804,6.12610443293982,5.80335549063965,1.84418914608824,0.664296743150558,0.086601483208825,0.319369372223734,1.03626067468893
6.44271166003698,7.94150693219164,5.63639774780187,4.54170803636741,1.63876715129823,0.472194291086712,-0.257809650892417,0.199839369620631,1.25426608569905
7.88297736897359,8.07750025567655,6.32929886187414,4.93612260785898,2.61478833113138,1.27274738531604,1.50275191444332,0.989311677008514,0.331231567808547
5.88370527970171,8.035546341076,5.68891935611966,4.32897085317071,2.35394190697927,0.599823605880358,1.05355776907418,-0.135221558538191,0.885732558090933
3.57941927748527,8.02627326278476,5.6687692227493,4.79549601209403,1.9365062816035,1.5959964551947,1.0830422770161,0.229578272428717,3.00265860397143E-02
3.18895176851563,7.45099186978274,5.50488252055552,3.90727078494542,1.29573377876361,1.02563244895357,-0.163482383832381,-0.258394151428164,0.461179205542502
3.41597773202231,7.61329166762088,5.66192896148697,4.44443519156583,1.52145083286319,1.23872912637327,0.386608401289957,0.414714020123625,0.1117979060273
2.67314045116786,8.41508774557527,6.18441964768633,3.89841650232573,1.06176722667399,0.330138046381585,0.23569401799013,7.84259883338644E-02,-1.95544904598966E-02
3.23919852831501,8.73377914781485,6.28718573393659,4.63713352889508,2.23549445632178,0.877956214057246,0.905923200583362,0.415154377765624,-0.384494274018452
3.09264381856878,8.31987059090843,5.92221696451463,2.918166676742,1.31035043431675,3.00175727873943E-02,-0.127574684346478,-0.623906912171507,0.443801475447084
2.1130175113673,7.02806188806458,5.92702036229697,3.29688166560883,1.28271025606342,0.459062106566492,-3.39198202041455E-02,0.171888168641859,-0.456981136001832
1.86392107605414,6.6088822712262,6.15532744952878,2.96567873096152,0.363301363367915,0.111673057886985,-0.383473219261826,0.067170200554008,-0.691457946879393
1.84326715409872,6.70975044422344,7.18019033985694,2.91730994103376,0.445263766765024,-1.95583149887352E-02,0.186220126754542,-5.28490639057531E-02,-0.467110820741816
2.19733142562432,5.74974628579035,8.02319197431248,2.83764786131401,0.266399920142421,-0.385978338629434,6.46763272164761E-02,5.03269169980217E-02,-0.363310429733647
2.30881937872524,6.36673805847487,8.16792847536982,2.39909681061246,0.728237950557006,0.441840580432003,0.203383639653984,0.205874051568112,-0.881813351928404
2.6752433892409,6.53790433344691,7.81814114799027,1.29779721500411,-0.414341829919172,-0.459079040616789,-0.473503655280988,-0.731474300144869,-0.260061168728263
2.79974787610751,4.85087206806509,7.35431154890765,0.946511623037103,-0.662767541352289,-0.696272377565999,-0.693759514849974,-0.168780612426514,0.178203847611614
3.06771550832098,6.44690604951407,8.5563654835493,0.578005681806297,-0.907876555546039,-0.469302985770414,-0.727262845209451,0.172670051780097,0.314610687565461
4.21949911189312,6.59891590431405,8.15952111106241,1.50028490385278,-0.127319670471635,-0.36463518739995,0.158627786161403,0.154453370736107,0.801905203200108
5.7338897275748,6.64322999001254,7.62564410729503,0.872279883333086,-0.61683546238581,-0.889658479184416,1.17253176828153E-02,-0.316164816090494,1.1698098195348
4.30890474843064,5.76413996918918,7.67797445006866,0.570943503002479,-0.788715272319513,-0.260739250269848,-0.264931199631096,-0.103541149222909,0.690623657266216
4.55942173187791,4.79144805327825,6.61504951985184,-0.151966788881141,-0.464052642800719,0.177886846406922,-0.149458396217355,0.269443178635171,-2.14070410582072
3.02787815134807,5.08716871512105,10.6911397575197,0.2917432492696,-0.204637050559118,0.313623992964824,0.4740827800631,0.308414292085009,-0.710394811971479
3.60616294406679,5.92917293886958,13.0129143536301,0.699035719979878,0.228387558986329,0.79552584009558,1.21047476866183,0.637124677244698,-2.20871268513783
3.01126274353975,5.43351835525036,11.2045878812714,1.00313336893038,1.00106377254308,1.15628350159152,0.991750588800174,4.86355151018335E-02,-1.77571370031415
2.68963363863447,5.55599500416319,9.14363030807661,0.014363030807652,0.594712739383841,0.685886761032469,0.109492089925067,-0.579933388842624,0.330974188176512
0.258889721949873,3.01375832259967,5.63555077079502,-2.6818155602976,-2.18219257379532,-2.18753270832399,-3.16093243020979,-2.6160251029044,2.9161406634156
1.92605962662524,4.69814152141289,6.86745091454776,-1.31111414269674,-0.554920088568951,-0.715477527205569,-1.41059679095002,1.74451428751325,0.659439832936314
0.897129693150729,5.26484064672952,6.60810021089006,-1.57426463737919,-1.12538218529528,-2.25859863980148,-1.71845753826087,-0.885272420831523,1.74428945295627
1.71826736282306,5.72959465324923,6.34968795169047,-1.25135375448265,-0.526542015903713,-1.80781532471143,1.35965411309593,0.489247923540795,2.26904000370833
2.15232681175958,7.61281354384944,7.47567376916533,0.232784912550039,0.746073569991079,0.329882362704613,1.14628934210253,1.53198199132761,1.48260337351397
2.73616919708181,8.33158643019479,6.01259845788235,0.247195442139452,0.400784549765992,2.83351148286133,1.97611066717863,-0.038397276906621,0.848060937516208
3.94739859926981,9.00904282047593,5.03245365476316,-0.26042155348026,-0.697237529894278,0.655119712598024,1.04272873415107,-0.458291893154196,0.439943537104345
1.85423352104587,9.65450073045563,4.73672381285353,-0.275949904478865,-0.554397093161175,1.71438560565385,-0.305501100886107,0.190417920511455,1.27965004724029
3.29909863507597,9.73371104815864,5.93314447592067,1.44754056142159,1.02498068503734,2.21869688385268,0.735513778006692,0.999845480298733,0.443368529487519
4.01912760459257,11.2437031827549,6.02838474371136,2.37009747800202,4.28980896928462,1.4609433777109,1.94812894573288,0.768906807104766,-1.08476987995158
4.87290359360432,11.2556108262964,5.53786754642502,1.54808382950086,1.93994126254654,0.840929344235635,1.10498033509572,-0.667845257475438,0.34555075109438
3.61457038053463,10.5391754910041,4.09970999570287,0.54139671217748,1.95820367560206,0.438016511769366,-0.759367014242801,-0.866483848400612,1.0267439181096
6.76329594325529,11.0246963554434,5.4128970084513,1.86409299095283,2.47908751497417,1.26348190050362,-0.506502339362724,1.01793614166449,-0.148765798660692
6.25832005201764,10.9540599802678,4.47298303478578,2.13772775661656,1.13573196971657,0.44141145003252,0.335571158110229,0.175580019157922,5.08689775130313E-02
4.98046834631999,9.01680342268979,3.95345472583345,1.12353512597401,0.418535436000248,-1.0966661844036,0.436723642601743,-0.764111361428606,0.736208999028582
4.33045511413745,10.555817626187,4.29948520212483,1.57844001886909,1.63320138646759,0.344360809729884,0.184383780790446,0.767069343889075,-0.22930040814651
5.51695937435145,10.7635057524406,4.12400367400028,0.762745472739861,1.261858822224,1.01630902698582,-0.177535584172216,-0.186371267180774,0.557675434540952
7.09213144643347,10.9670396154313,3.85556449571662,0.568168956696936,0.11770830975395,-0.148987441017226,0.435644216344582,-0.147341170950739,-0.772923796216468
6.5029983086464,10.1946594228897,3.5850545845933,1.51196760801599,-0.279022090103012,5.08431141407322E-02,4.20275741889228E-02,0.374762954230941,-1.19153298139511
5.84047337666601,11.312454861795,3.1291034731797,3.94733602521175,0.307965662136437,0.730828573304443,0.149571597400039,-0.07858151139124,-1.45303985293152
4.93224408574742,10.8189502766974,2.76060125151096,2.05302887026882,0.973374556996381,-0.229827403320356,0.103812914737737,-0.193235920501913,-1.15180942826837
5.53765297510917,11.8148176150493,2.81439462827228,3.4928082030827,0.552947931758141,0.554582663263707,0.327354983989857,0.597698706723038,-1.99437243679209
4.15934764439816,9.5192568919785,2.12986140346875,1.57302811541483,-1.10661542832613,-0.77894444317709,-1.07861822389883,-1.49028082232975,0.369355711740792
2.66721719302104,9.63829173608762,1.76984540307036,-5.60208978696554E-03,-0.387374134529001,-1.20590169784817,-0.93139929828639,-4.73065359788977E-02,0.352309202158663
3.14567675043202,7.47017551164873,1.23441110949179,-0.31125731298536,-1.51152380754095,-1.4744644084029,-1.88773916845371,-0.344152734692173,0.616476858695419
4.47583336972728,6.90570220588999,0.359364374263017,0.258293144001549,-1.20911138423913,-1.16523066492809,-0.279089693438066,0.112093401462817,0.901946349061761
6.21975451245474,6.42616921418549,0.238315155634606,-0.188692227339735,-1.31980309288453,-2.03495705948706,-0.489140293192277,-0.25687162882049,2.37272657141011
7.34629276073822,6.76030844759615,0.908523633598643,-0.289892803715912,-0.785789260535728,0.367996495665047,0.756655343697567,0.899845445604295,1.06886348797037
8.11766919391888,6.46568567653789,1.10035748178992,-1.1319912087185,-0.771408073009823,0.351072341991593,0.581398955053227,-6.43012357829261E-02,0.495801811599457
10.9046477028417,6.46924810303122,0.608354318798348,-0.542138882738667,-0.658222819080814,0.612699706789765,0.756097510506527,-8.07000626977335E-02,7.73892908947523E-02
11.9764379021654,6.60592020379812,0.922945014901496,0.714983532088717,-0.86379244248599,0.893883995003976,0.250213320252427,0.394693993643667,-0.953654886991783
12.7581227583875,8.15035529748655,1.68738301863352,0.881064446422284,1.7934936466007,2.31773310223892,1.49410281529216,1.18351028621357,-2.21386281382574
11.4021404695949,7.51965163704013,1.92703595048503,0.33078126118021,1.46827627799527,1.05755961933577,1.20087090739964,-0.378619836653762,-2.54546197957661
13.9380198700158,7.14933783758762,1.13443018234413,0.458586303308857,1.18277822239687,0.493355744878718,0.179607825387463,-0.634902347245904,-2.75028340180925
11.6506942075282,6.52999617488033,0.574181476082654,-0.811545658489181,0.578109977359428,7.73294461846971E-02,-1.52012323088216,-0.49912642537399,-3.25341934683496
13.8278546442789,6.09498521513489,-1.14450046716466E-02,-1.27018742755832,0.196021716376138,-0.962837029376196,-1.78666927474045,-0.64216880757617,-3.0200245963555
13.6255615701679,7.0860418181023,-0.151834827035346,-1.21217927756614,-0.800829780453918,-2.26398432081511,-1.23550643892136,-0.089976193798718,-0.573598235466884
13.2298707346851,7.22014541823475,-1.08119674256441,-2.32455201869544,-1.46152458390498,-2.61194812605152,-1.45816813301615,-0.720168493834637,0.796737529736067
12.3613523422278,6.38895176764525,-1.19697646030916,-3.11006556079977,-2.23824866561877,-2.82806315330735,-1.66451233469646,-0.846853441254429,2.07894798081623
8.96176615161035,5.76157808125495,-2.0587292428031,-3.9627278750187,-3.69216302280352,-3.36282618452265,-2.61097219550768,-1.02177769229124,1.45177491397917
9.95459675654335,5.06881294979467,-2.64415958939675,-5.00615819039323,-5.35376336241487,-3.1140702849075,-2.28475300721387,-0.39996051891874,1.96311093754693
11.3093953784567,8.36557576570102,-0.363656930743896,-1.00927367069357,-2.46599619165726,-0.576907365938184,0.980784418054639,2.37277768118431,-1.50176067770904
14.07016141788,8.42386553782374,0.602091189863729,-0.30614453518477,-1.15860409746676,0.790439799205824,2.61856596988087,0.649126312196676,-0.84184544175553
13.2455162294464,8.56734878284334,1.12182343456617,0.457599509241105,-0.233566416175138,2.0366079607393,3.41375865770811,0.419880709113447,-0.682047094616156
9.85584670836291,7.21082445234178,-0.777538797943132,-1.29470426772108,-1.23361343829722,1.43100001474605,-0.562456946764605,-1.6462925239571,1.67599530653904
9.7936636538684,5.98638453687434,-0.984648407495869,-0.930565346857611,-1.0378897084355,1.92531487073727,-1.1147002809373,0.103536442933955,1.180357537432
10.823812643023,8.85445466223172,-2.71095099148455,-2.92809078612688,-1.38025197573818,-1.52465738275301,-2.618863301886,-1.06145417733579,3.33812557953569
12.4358008340907,11.8254496302842,-1.41442804761074,-1.51412434121737,0.788335323761098,-0.848992647660701,0.366042812736789,1.31032412839204,2.29553339615949
13.0314026546918,10.4710293869085,-0.244769180367541,-0.843858964540804,2.36151135057082,-0.686730922923789,0.841354932005096,0.580100870777318,1.28519469896311
16.6187722595041,9.56886746129256,3.00543447858634,-0.523558039941232,3.44197456175064,1.64836872408886,2.58049678965896,0.7110610182344,0.899807110195817
17.6240214307701,8.11848487117412,0.902446735052128,-2.11999068227386,0.713596392708888,1.16658763238243,0.906190464305615,-0.385812098069071,1.01871032686917
18.7528298003704,8.67585923029431,2.80222267956369,-0.667832887425392,1.11298621115456,3.23029429923853,1.37332784523564,1.04877546820333,0.2924470055567
18.6210462386947,9.50154293124108,2.62175204766672,0.271859560428738,0.998391412110366,2.24402114144083,0.969461451340216,0.304482707680189,-1.29323079953383
18.3697098803839,8.42957975714174,0.699649351237985,0.358683604389081,2.20092874536966,1.26888703011622,0.943990968013081,-0.411631155410343,-2.46731467327033
17.4707701405744,8.42789146656483,1.0671414080435,1.32299251337777,2.42442536170284,0.891782785286308,0.22628243826515,0.331826152664686,-2.6827405226262
15.4969508052263,6.76670056948501,1.25488468237728,1.14782315082087,3.1908454155017,1.0084372722369,-0.346302877072767,-0.267653828890966,-1.62404107868611
13.8329766211594,6.53573312046885,1.39517894775722,2.18069814352348,2.23138342078424,0.291594246913226,0.397068872468052,0.332224550142506,-1.73479082575961
13.704968601961,4.84741654731741,-0.89257318414154,1.74398905797569,0.385382087423947,-1.31017437811927,-1.23076987035447,-1.29707887029418,0.854949582294857
12.0405145645424,3.55569168374136,-3.3218563190469,1.16178365476014,-1.95369764052301,-2.52973109989226,-2.59648085169304,-1.62037134830274,2.6423184977081
10.7208342037022,3.01474668574093,-2.5222761675075,1.66498922852615,-1.44892675608784,-2.75669551016275,-2.82400403429148,0.111196213842758,3.30275964948927
12.8836744004989,3.94107330467505,-0.816845048491667,9.22953283076838E-02,-1.69229030543265,-1.65085158660065,-0.683738860728235,0.811403600564245,2.0124985873164
12.2791923435944,3.52895480373464,-1.62968005730192,-0.339342656729322,-1.77857317376224,-1.76541711999365,1.13956484785963,0.219894041560595,3.07329592559103
12.5904277464272,5.12496032514829,-0.48083859239811,0.55153196453376,-3.95718001459225E-02,0.847702156250885,2.32010288668037,1.30401447668354,1.42788245526533
12.8327972357533,4.15686565044791,0.429907042120177,2.30820363064626,-0.22287665228157,2.57429736231757,1.66797346882915,0.149201821702794,1.52741506300433
14.1910578238935,5.08343716170672,0.412590126432317,2.94021528217488,0.794133867113283,3.19716497477481,2.19019996323453,0.749811066402501,0.387262811740437
11.0926697166773,4.27199803048644,0.157355928030693,3.53404591428513,2.23621853394363E-02,1.97279609379808,0.458732535953892,-0.443140553515365,1.24222965348871
12.1853625725307,5.46837012544977,1.54725436805083,3.47195208920872,2.53310480080391,2.98166066971377,1.55292716133425,1.24679892379007,0.363869169178904
12.0978131438952,5.06195618159726,0.883317551338901,2.62028521382909,3.80230918349515,1.40778099739497,0.514506565445166,-0.297080805166196,0.562462153693584
12.2513636612404,4.67283278705803,1.20585963866777,2.16523662132277,3.93318211946706,1.50443607970958,1.19815705566737,0.247090754670696,1.98645561589341E-02
12.4424703857282,3.93602259270864,1.02424077186327,2.17340880513381,2.78176794455995,0.385768872358522,-0.426868720573943,-0.377426823958367,0.511916921336534
13.5635328328115,4.14642795627022,0.832446781563774,1.53702746790683,2.96219743254608,1.22698764906735,0.276198871292949,0.405078168536038,0.627374692239886
13.3346118131536,3.99208688279705,2.66240058137188,1.61411441721507,2.05619928135978,0.362549961645606,0.411603213694544,0.382534619887759,-0.555331260850261
13.3752955202166,4.64123340540321,2.61209561720786,1.92042676150256,1.81272606033664,0.559316211683392,0.687829618703145,-9.90119016347177E-02,-0.618723352664226
11.6034606101261,4.05440186122298,2.66071388763353,1.30451788366951,0.780035627504123,1.98606109367211E-02,-9.3223275825388E-03,-0.29405863744048,-1.43421983264396
11.5928680450687,3.97184626782888,2.66253982777399,1.6801551410723,1.33035898640087,0.509309678908198,-0.278946239084047,0.113967149930569,-0.580766879486328
12.0570460811026,3.51604269998249,3.4161597000288,1.86475116849014,0.603526917058854,0.623463241646379,0.340528534116303,0.519351324355945,-0.576139642878011
10.5980362504034,2.87335905925149,1.7573062081201,2.34415757091035,0.102917205442629,-0.558432410597026,-0.164423937689425,-0.802226421911833,0.78476906556455
10.5325438974601,2.49131810307668,1.66053986352953,3.74480509446391,-0.307627869905742,-0.622575371877971,-0.442024447571116,-0.162861813479514,1.80550924306872
9.30973225704311,1.64959433508374,0.635534848528459,2.55468149238633,-1.05353625488833,-1.45508900777611,-2.10110987289304,-1.12385424848158,3.31604853997639
9.86189077093171,2.19940423469813,1.21087363300776,2.71189270523462,-0.478892682837448,-0.584159484294489,-0.304601808471433,0.971427291589041,2.52151657493999
10.118690755894,2.63550190391315,0.551527181398355,3.00838531961435,-0.33622296038241,-0.579478246779563,0.383213157255126,0.523981203921249,2.28894920197683
11.3272036979224,2.77606018187494,1.48037744589573,2.27615585252621,0.323266095328255,0.77865839535141,2.0409067563621,0.558918015287163,1.54039819132117
12.0139881927191,4.19186432012271,2.92565726930666,2.95361767736885,1.45174433002867,1.77348873994424,1.91229219425294,0.841408565471295,1.04711728192879
12.474477104022,4.36725108957392,3.75032338952019,2.56721526796553,1.6891878445342,3.20961611176341,1.74530836434556,0.35463392306314,0.393042647614878
11.2697287281264,4.49815994296121,4.5595282780919,3.19492688429586,1.37751059050637,2.45949987785914,1.39459045076929,0.203965308023372,0.410711058415114
11.0753810237594,4.83286833616819,4.92929996970422,2.26465830133796,2.45375934862115,2.2377287281123,0.854023892075777,0.297809398025032,1.90091105122368E-02
11.0637259666404,4.61912592260529,5.44468533729519,2.38444250936738,2.44275929646946,1.51702989032875,0.327883160135133,-0.174156935631354,0.431821923541525
10.4245272763568,4.76390006146842,6.57375911896607,2.4923362143765,3.87171880280897,1.03626635780936,0.481074254226203,0.357346857699657,0.122343863338537
10.5646576075644,5.17696966092791,7.24629062472123,2.57282467564648,2.64279979780559,0.391503870436998,-0.110215773145816,-0.294569494414887,1.11821434589121
11.5727325771136,5.54644619599078,7.82044562239782,2.39326720531661,2.34678639595717,0.409031122363209,0.285214157856742,0.221525559500395,1.8912744642345
10.0449994753691,5.29540680673983,5.49258884575258,1.92767220267779,1.7069312654296,1.90054977361688E-02,-0.165110261582963,-0.092651801463825,2.09357435999976
11.6114315057671,5.37426923684626,5.10112182019276,2.25746563438142,1.10838995101912,0.429965239374299,0.366369094643707,0.237596776741976,2.07102227840102
11.6621592277474,5.7190516611722,4.74801113370313,2.5921392897329,0.805416822946487,0.122194366030353,0.194444992794667,4.93515210138777E-02,1.25609491284522
12.5924807785049,6.46943968508506,6.94032220754119,3.1569908999306,1.29169231493063,1.10584858833264,0.97803201687493,0.693189258703104,0.307975205153439
12.7231644559708,7.13446841387023,7.75545620958679,3.60401982346786,1.96565252248388,1.85616920995366,1.71349148883718,0.978555635575862,2.36825605118412E-02
11.6775129340769,6.94561870263646,8.82076898613902,4.47224312186344,2.23951505937652,2.05064263164835,1.76888530363085,0.105683237281164,-0.178788889492182
11.8698312326095,6.55081403853671,7.80931335936503,4.83314822196338,2.10040131113029,2.02900121128626,1.29642457711404,0.215554772970908,-0.124998548778459
11.4278083102471,5.7993929031667,6.57122860100636,5.180208721217,1.650897875551,1.24051289349681,-0.431635320792391,-0.755069375532486,0.753119803171177
10.6991324605171,6.11264528208226,5.67115582682044,4.01503292115926,1.19059484792164,0.307029630020502,-0.784674706895163,-0.245467355382389,1.3506567619807
11.947157698212,9.14396169767636,6.68873927987128,4.18208741453493,1.97023302391565,2.36769532030715E-02,-0.298290795681495,0.697111605782594,0.851788095150307
11.7967247508596,7.44118732637877,5.60832993375682,3.55012918390738,1.64150980049342,-0.179109116692897,0.356858402781823,-9.69364959107909E-02,1.25220972473143
12.0272783632982,8.50046497210168,5.57501549907006,2.99364538127713,1.85795102293863,-0.125154990700559,0.868529138251704,0.269296342219477,1.26104308741474
13.424446009644,8.16376287742164,6.07783341976332,2.76821028026534,1.29451466342618,0.747490305652523,0.295474423176658,0.123065968002842,1.71944055294545
13.7247680239419,7.05724004411981,6.09076955116585,2.90616057448302,0.663532515214387,1.33265713822919,0.73622991661975,0.345553695804764,1.64272987419685
14.3096036239219,7.28421384833871,6.53429755723956,2.81666018804675,0.763194254682885,0.844593944478875,0.67313502341924,0.20590465267541,2.03614685042856
15.2629619965619,7.98306268418468,6.50306207023575,3.27560934430255,0.846098354616886,1.2367233546169,0.848016944990173,0.29891638015717,1.69756876227899
16.5056661099089,8.06380328659246,7.95685223344027,3.19858265938863,1.86274678620694,1.24533882820675,0.780800085713893,0.277996207925087,1.87556560653111
17.4158521691821,7.66756327970141,9.9436541483254,4.03609025989096,2.66415817927947,1.69037555023759,1.1459399408768,0.573160199512255,1.78644123253221
16.8802539142906,7.20366073681435,10.0871360084385,4.08304196301698,2.24584382298092,1.61618039601067,1.11760989704177,0.270343592477429,1.53782818289267
18.1239026174989,8.36377558044581,9.88705093363559,4.73786349174618,2.91736367939741,1.99551522992463,1.427658093803,0.590677034318498,0.565405411521966
18.6511440127985,9.12097407105557,9.65864499381207,4.47945908418607,2.62307947719521,1.66923239457878,0.826692625796142,-3.30148812218902E-02,0.804997132421747
19.0665424660827,8.60157905016602,8.87896452771227,4.86448113703632,2.94400456737632,1.84103577277304,1.00756471701799,0.452230352018509,0.42875493922685
19.0732853274226,8.88589033645875,9.18641007862479,4.66609229021085,3.08088802836248,1.7550876235579,0.903428130367244,0.486101896376743,-0.381630170088926
18.8878072842027,9.60047681950924,8.52426977670573,3.74916154876656,2.90631954007097,1.51453720294538,0.962046886006128,2.61578100681513E-02,0.726066070891396
17.4468388352646,8.56410939225898,8.59036413452179,3.29028180715141,2.25434469100981,0.562226552170978,0.143463413078981,-0.370566933652395,0.579292134641826
18.3833616241618,8.92106203832456,7.62579749256547,3.27980221997226,2.18254228184404,0.798568677467713,-0.138865235219352,0.204742004487864,0.564631286599489
18.7887911286477,9.12717038643865,7.9724359753532,4.08074725809016,1.69666482781836,0.426924479434506,-8.56466980205875E-02,7.92886462024625E-02,0.238613944703653
18.8315501349828,8.49031294615136,7.44609600567323,4.00614598400468,1.11138001354519,-0.383092165371229,-3.86469079659436E-02,-0.323433346278167,0.393410514585443
18.744423565987,9.59137375509878,8.83195850854852,4.42033837940713,1.64348292243168,0.720832351757278,0.884438665254422,1.12558175771054,-0.578557927208168
19.4042429417929,9.29919489265856,7.98786558921253,4.01919727926672,1.16757345345927,0.575955668753712,0.292918859052144,-0.517036280172872,1.34246708158722E-02
19.2659133373531,8.92736178416965,7.81020865435434,3.94306855147873,0.907419400463002,0.561461101558006,0.803389981911148,0.190193319785304,0.231135130306618
19.4901041171126,10.0441952051281,7.67511580486951,3.5884118642392,0.178721006807458,0.238045933910543,-0.572354957082694,-0.245694745266583,0.639142139167311
18.4699735390411,9.93500620412312,7.79047255983614,3.09084929213197,-1.58840501711808E-02,0.391868861281775,-0.22387167182432,-0.168744674171425,0.577245070338318
18.7451024291951,10.3865815888653,7.83200865703944,3.0452628829434,0.511772827344309,-0.581924698682779,-0.25523340423149,0.158961155266996,1.05321094070674
17.1454777982021,10.3559297387388,7.42303289721437,2.83036103788604,0.385348192946267,1.34228688399164E-02,6.84193453368425E-02,7.79272107651293E-02,0.89672221000079
16.8861285950352,10.9495163296756,8.53357841772034,2.95605191332925,0.712044412261636,0.230602127778089,0.642789505932154,0.406988618429605,0.424441597504606
16.805973414007,10.2853424832748,8.82906329883568,2.55349360560712,1.19119781558121,0.63508305573937,0.644537006656685,0.160717165594293,0.347386353314549
16.1576092914196,10.1364319595999,9.63458976583795,2.06422316649233,-0.163874422398395,0.57393207572411,0.337967771363604,-0.230390344414978,-0.922304572319349
16.475605815832,10.7738749134549,9.32231710131549,2.10219247634433,0.978352180936991,1.04223401800138,0.5603507962151,0.629217632125547,-0.899146088160624
16.4818332323247,10.3512882292945,8.77444531492513,2.05909742649775,0.713219316787637,0.888752568328635,0.323535498366621,-7.70498588343127E-02,-1.05209087818361
16.2220176158676,9.22189189389065,8.20539273326974,1.55377572678396,0.895769085705408,0.422647704834391,0.491609906891786,-6.13819063888897E-02,-0.827546424688842
16.6907123368143,9.64031248903167,7.5042811145122,1.15603946568737,1.14587932337148,0.346183758181236,-5.43105789249018E-02,8.40520864314104E-02,-0.721185374567501
15.1691598547031,8.85020806258942,5.76893144529895,-0.367555363026563,-0.51138952804767,-0.930890215338692,-1.49178720044707,-1.51485317475946,1.40046094442976
15.9189946996302,9.89464467028719,6.19239690361525,0.655420070609501,6.65107917019985E-02,-0.907304077279202,-0.767761828022096,0.652439194790928,1.16850332088197
15.5833460936596,10.2621033250298,5.69415552161102,0.220909257274318,-0.574401416209461,-1.06327752402364,-1.08624611121278,-0.231739973184639,1.57979063105725
15.8708053691275,10.4908650260999,6.01360924683072,0.306674123788214,-0.569910514541382,-0.834451901566,0.586689038031325,0.165175242356444,1.34656972408649
16.9924473463373,11.3006975831136,5.85679543454274,0.817971557067286,-0.146996708390156,-0.726424239943285,0.125040238023029,0.19109572090722,1.07791383760026
18.206246844491,12.5813497163972,6.70512149518884,0.299969855063892,-0.16718418555965,1.38111891345075,0.962973511293249,0.609186623045889,0.613995017763316
18.5139965416084,13.8330138280417,6.8950531004904,1.23400862203906,0.334974135724384,1.15500702543336,1.22038130700684,0.424656600868841,-0.216379664362914
18.9389566413101,14.3256846834591,7.14317228396945,1.21807292260292,0.569512513465709,1.55522138925756,1.20355016967722,0.174089202792769,-0.346707747061434
18.6158422288976,12.1867544235619,6.86192453225856,1.39655606918764,0.421615715302685,1.32867814643603,0.533825831504545,-6.45668045686113E-02,-0.328536504158207
19.4731416369059,11.5474393431759,6.74680608225029,1.48963587496779,1.83479989691101,1.06641876219578,3.55288833253448E-02,-0.074187253782993,-0.193660027244938
19.1208015572356,11.3085227032521,6.23758135875788,1.4816897991144,1.33923730012995,0.610248124681776,1.23152482993023E-02,0.150907744085465,-0.772184449333786
18.5794275927744,12.3924983205746,4.92846755202528,1.0065479134524,1.16969209304386,-0.216848881244325,-0.326842015901005,-0.403984851952183,-0.765707241091676
18.7451114948127,12.3398783961276,4.86932011038798,0.645282684730163,1.04927613228849,-0.3479139918242,-0.208822183852063,4.35353669514852E-02,-1.24131137379909
17.5493737046381,13.2203965399188,4.61965498849284,0.439246489257843,0.813897906565987,-0.329619424291801,-0.40676439593457,-4.63238944553476E-02,-0.353796436935833
20.9525460742796,12.12188841835,5.39224004367651,0.728740906877577,0.26689144324269,-0.194035797022316,5.82845169762851E-02,6.10511870859291E-02,-0.553702911274742
22.1797199170124,11.2279564315353,5.21691612329578,-0.330653526970961,-0.590360106698296,-0.778193538826323,-0.416419679905166,-0.431238885595744,0.022969768820404
20.2074379350682,10.2368779791074,4.17219171178141,-0.65184683738049,-1.16625720890529,-0.771615557287214,-0.768825913189998,-0.397431295715291,1.23674221642803
18.4707831567229,10.1903582455885,3.84583055482397,-1.0305234431475,-1.54363707344043,-1.25691358508963,-1.27185682878218,-0.437837040191714,1.65234917130374
18.1786190546748,10.0051859534746,4.4006519484368,-0.261335012594469,-0.611201659505112,-0.355052600385244,0.0148170099274,0.844754778485695,2.01566898799822
17.6980744334769,9.60409224617279,4.14900049335455,1.09669378261983,-0.904174224635826,-0.556785850739854,0.271345003208661,-0.13984561341034,2.90318751553324
18.3139987110252,10.1077108844293,3.95878243734768,0.594298879184541,-0.34965293982562,2.29644939292377E-02,0.852834633420009,0.147787630286472,2.61961908571682
18.3489390156755,10.5356266981168,4.53657828651628,1.62376252174599,0.416090294349432,1.22163375603698,0.814361269249915,0.806278278984398,2.34682274186052
18.0533071177222,10.7501768634981,4.22432722962855,1.43420218483844,0.435130143971487,1.62549039424482,0.925937835925806,-2.71956339982096E-02,2.59975560680258
17.7862139458209,11.5253548001736,5.10781531691004,2.42845445649351,1.56771114173306,1.97584254261505,1.96785420558711,1.19788744796233,2.20768586953957
17.9063802789739,13.290460492521,5.25162260124473,2.54100886955925,2.69979939403661,2.82128045362541,1.88638096388191,0.723839666630016,1.72813115628701
17.3879146521713,14.5637410689954,4.87304844353729,1.99996751541664,2.96078930318765,2.55274684222779,1.78737396432832,-0.128133634357129,1.51721051273305
18.0480966671932,14.9321161384816,4.82635947215002,2.36103731996956,3.90736060653924,2.29300986487845,1.135286684568,0.541886245171659,0.987923780531583
17.6777056808148,14.4243874394872,5.06650810508763,2.63811603053982,3.3013165506409,2.53388089613559,0.632932929526664,0.219395257122286,1.12043814576084
18.4701303638072,14.9381042803879,5.41616411735762,3.50698003243553,4.22709840611195,2.15999985789475,1.57274989652961,0.81888152507359,0.522947334016616
18.1498457673275,14.0347302567119,5.19731328633416,3.60838898171,4.33074005106243,1.69877411158969,1.28967216919705,0.255843743964898,0.606654417822612
18.1662388269845,13.6168571205086,4.85372860505301,3.67349550946105,3.22888593391122,1.49453526655241,0.740067838070386,-0.336168215659641,1.00477141983518
17.224757923474,12.9821979553243,5.22455174963386,3.65140980249967,3.27514254432737,0.978259324034182,-5.88306388545337E-02,2.06173840094388E-02,0.851355770734699
17.6949003646771,13.6694597500217,5.36264919616938,4.03323361830931,2.44523201011674,1.10802342860281,3.57769713199831E-02,0.350153823265312,0.721207065420499
17.5470527842914,12.7800150908188,5.50479142332573,4.19485887257092,1.95933254050577,0.520226821721583,0.59921506537293,0.229366309305231,0.802428667607926
17.8288962737152,13.3330163376075,6.12858403292529,4.92945964556357,2.41656408332761,0.602996314044156,0.915589321470661,0.338833209176686,0.812389601835743
17.7688641387759,13.1698722912941,5.11626842764817,5.36197040312021,1.94308725588207,0.99477619295702,0.626399234029374,5.93134425029197E-02,-1.77993128792892
17.1184761958472,13.3826323265577,5.48022459474606,5.65064449386876,1.59828134968331,0.844168890173461,0.266997049814786,-0.131471814628267,-0.844345125849894
16.9761254552201,13.222878907507,5.50976733880683,5.05749268922297,1.005484621431,0.716042913338062,0.149468682794044,0.221389496044358,-0.619855419822361
17.0786820183435,13.1594816705466,6.03332819117604,5.48376013238717,1.05899223066782,0.796041006366923,0.399685860937356,0.309756542226446,-8.90528146299037E-02
16.9169386001076,13.5478754253691,6.51871624123932,5.67391744869366,1.73431811670661,0.80584301695885,0.877291053797391,0.348680394938195,-0.368420317096506
15.4346793774807,11.57878703712,3.95570329089427,2.45531354436391,-0.820170054922893,-1.81218697081829,-1.90411339384111,-2.57841968981551,2.68342726075387
15.8537300646427,12.1978703626355,4.6625585863559,3.27497062906239,-0.351562569428271,-0.851535020288606,-1.38936532114297,0.813321697524669,2.70265946952798
16.0619368811443,12.1338179193002,4.7006490243402,2.53965276843917,-0.132883663979491,-0.623721591914445,-1.28955545017657,0.446779296335879,2.42057060351477
15.9348352458153,13.5647612029336,5.34845773239288,2.65308628978489,0.370038951468562,-0.089132189353264,2.08530722532195,0.839386602098453,1.67087763624242
16.1064988121017,13.7650678986911,5.63142714369625,2.84499460843189,0.379952133395286,-0.369782671587738,1.35078506491799,6.92575416202886E-02,1.49824226112723
16.3089192537913,15.124513550774,5.48051585431828,2.77507285831458,0.978657312880651,2.61330122332164,1.37409908730782,0.470306964731337,1.50445875434096
17.2190427404268,15.0049235337993,6.3389848694355,3.37188515100279,1.58452989337823,2.63153795966682,1.36664838007951,0.83189549994202,1.78406713311886
17.0177736008127,14.7046831917849,6.55798879129839,2.74222750485456,1.44911512069049,2.36336371614757,1.46863705781947,0.172587745060773,1.5506982979635
17.0425031451534,14.3180841572283,6.58057546383461,2.59826770647997,1.211293904874,1.64341813023438,1.11016579143103,0.10820362991253,1.07237217906925
16.6127694859038,13.5040077390824,7.88194444444445,2.82683803206192,3.59746406854616,1.47612631288004,0.180175511332233,-0.100711719181867,1.53382393587617
17.5245980837306,13.6097075394008,7.71871792535386,3.26983019026874,3.27000211467013,1.4821602644885,0.483967189947246,0.47640251628554,1.18266795724584
18.2949471729809,14.3891142675458,8.94879842760131,4.00189748803868,3.90889337001356,1.7527960744441,1.47633410751752,1.10431763541705,-2.37220009997518
18.1935720944792,14.0846052819609,8.74633386184698,3.7265316121481,3.04042789191102,1.52701884275925,1.51953345627513,-5.68208883112312E-02,-2.89106040706892
17.938727318983,13.9213252355821,8.23832931803707,3.04707202092621,2.61953260927098,1.06099437061726,0.687409613148548,-0.364535400912098,-1.79194334078341
18.1882370155115,13.9186299146419,8.00293998050221,3.33316886683147,2.50595907506308,1.51065317587651,-6.58433133308021E-02,0.354226817454088,-2.56091357171903
18.1268584439196,14.2838937692216,7.73163645013848,3.58656313187093,1.81689973323365,1.16884440895111,0.121998878561845,0.131004366812228,-3.13340016651657
16.6920936129601,11.9487490290738,5.26302956840371,0.960128458325918,-0.808437566397421,-2.42984078551849,-1.99984674169359,-2.4967171374135,-1.05295422801353
16.3405849149817,11.5099734065849,4.7642155643305,6.48192593786588E-02,-1.51449323602269,-2.97713106454246,-2.96784614360444,-0.591431945033256,1.12189874881311
16.8317158742798,11.9722105351002,5.5568498318793,0.476023241339265,-0.642926934431197,-1.82463985312476,-2.32065676603233,0.758716371513702,-0.443511792789053
16.3430864298847,11.5481389261874,5.00535177673749,2.55837627268393,-1.56170607308799,-2.62822001477196,-0.259644111212189,-0.432158154169584,0.965938953077239
16.2237826023656,10.5216904728911,4.95308627249429,1.3082167872034,-3.16740017786696,-3.23475808163287,-0.127874770430581,-0.459226541820652,1.38539771860182
16.0245217795363,9.32873124608376,4.58683300830064,0.526623344621457,-3.46107000288658,-1.06415933876384,-1.23805768919366,-0.341636334194625,2.14081542133388
17.1213155423737,10.6596768660931,6.13022372674639,1.26155967721259,-1.46477438489871,1.1094518226956,0.78219471884302,1.57201215476889,9.30317971248478E-02
16.198389538813,9.74886095932634,5.31983074615241,0.400956287731542,-2.64184090627297,-0.445487582753978,0.443915889988493,-0.801737942933579,-0.955414568893407
16.478999168164,11.2939459289325,6.64067971893976,0.900838580586922,-1.7797139245191,0.956697836015914,1.74512615025968,0.969841190234486,-0.507748526128479
16.4019259948753,11.472576372825,6.96970693112475,2.59521407920939E-02,0.656243133496087,1.36646671983971,0.132355918039673,-4.35995965307254E-02,-2.1946860396514
17.2168027144066,11.2081280554737,7.74619126640714,0.254174054946399,1.6358469854957,2.09594510529699,1.3234282996531,0.400474917759611,-2.69148784014088
18.9708857845572,10.9022966323329,6.54927054360036,-0.294932662234599,0.446033726865361,9.29453284154793E-02,-8.30796231646791E-02,-0.441706663158852,-3.12639006921571
15.9910783553142,8.99217152126384,4.9358205797306,-2.06643627900416,-0.97803089075392,-0.964630792016363,-1.90898511883771,-1.86878482262501,-0.401650327949796
17.9069116622023,10.1697714074149,6.14267612023576,-1.10341854640077,0.906305025351848,-0.510339768782721,-0.870497807242443,1.41542804400463,-2.69649210937541
16.0438137491111,8.26354762587078,3.70580680768865,-4.04102585874452,-0.50344771467285,-2.24393333121056,-2.20360090712574,-1.76914286522955,6.10293259178248E-02
14.6455058686859,7.97496688460258,3.62799543822119,-4.09426731740488,-2.21890871483924,-2.7659325791759,-0.437052410871772,-0.108023488910775,0.836385144468127
13.9166619021755,6.875160801578,1.58889825905492,-4.64198422000515,-2.31107601269261,-3.22728767044967,-2.78847803093107,-0.892627426317144,2.01609445127355
15.0960731621825,7.4728881430104,1.78143399860502,-4.04987236272355,-2.36456463473789,-0.403270063482296,-7.43518115287923E-02,0.918067844257733,2.30366696053335
14.1603101162936,6.09299916039943,1.01484485253398,-5.13406813269263,-3.25068329194877,-2.77121777809536,-0.875685524928999,-0.909626824344845,3.49166651780132
14.1911828401812,6.81343664865191,1.50606296860057,-1.51101305231,-2.5924295541212,6.09921028485932E-02,1.05206957696231,1.03545143879488,3.21065965169089
14.098504605604,6.88004355347153,1.94269557352721,-0.246393228137662,-1.46536357489705,0.829447766567434,0.796080187560916,0.661731777350428,2.55683464608414
14.9022732845284,7.16592525132228,1.40407720060247,-0.735927703247041,0.669025184770041,1.9762513573155,1.95978843392064,0.274090160776219,2.98259133419735
16.6428157364227,7.86007838794244,2.33398800820218,0.897740939097935,0.448524385917858,2.25179314581369,2.11941615691431,1.19658415456094,2.37430675122643
15.9950356960382,7.64029854868332,2.90332380518386,1.59613764723752,2.42242843531214,3.3738624908516,1.71247773312896,0.248733032299043,2.20700940386927
16.4918945954834,8.32379823503617,3.62721990791493,2.68238873054155,3.27436417452313,3.11078299714974,2.1972977417233,0.766005262003951,1.42923700942777
17.1487086753862,8.68822927048122,3.31607229088966,1.15621585892522,4.15737686951816,2.49309044580752,1.04097100213366,2.84259230719151E-02,1.740317205903
17.081342154045,9.12892637880308,3.75894967772658,2.61543171034506,3.93326644104693,2.89620924814204,1.47514498052755,0.686382884644829,0.859679257155478
17.7400543595846,9.61113289701427,4.0203442773691,2.26109503461704,5.3795029208135,2.31924085893553,1.31977498918217,0.609516983989606,0.584331728688874
17.9312709205198,9.97953124525013,4.04545009305515,2.38717696690885,4.47120694721696,2.15935229564179,1.37606776981771,8.54553622395452E-02,-7.07624442260296E-02
17.6267242194572,8.95935503046516,4.17629257352842,1.9996554938597,3.83972358448508,1.40909766411328,0.699482565287292,5.06626676934608E-03,-0.212783204312412
17.9663949560455,9.73024740085199,4.28453370182297,2.75660327500223,3.89758591032034,1.71054824055731,0.424312910995276,0.334098027895914,-1.0273724746986
17.9766130188091,9.39475436925126,3.81357861279961,4.36798664564591,2.55789837538887,0.852351765826668,0.159004493605244,-0.180755903653061,-0.598248084105445
17.7618544279441,9.92180791264264,3.80272672428425,3.32228146798796,2.64454949224717,0.580937128722017,0.490864146079542,0.33743759169043,-0.613370124337686
18.50793387899,9.56138468116606,5.686636707943,4.46186684873998,1.33428426085384,-7.08125529192941E-02,-0.411355021015613,-0.569542490066804,-0.43653657324705
18.4346716489646,9.29306878414329,4.78276910162939,4.43397439802874,1.17077232387645,-0.213236936699098,-0.367749097973903,-0.137250123542029,-0.152481333306259
18.3192099763108,8.7809697755058,3.89042791816105,4.81894723595444,3.91134511157645E-03,-1.03803698091774,-1.19721172111088,-0.486197203218189,0.925118148131136
18.4333954746004,8.63876699060418,3.32085419080367,4.17884471524995,-0.35605419351774,-0.601848632015694,-0.370812037651156,0.251731502229794,0.528907563310308
18.9045742218345,8.78660451149177,3.56563745407262,5.34862526482737,-0.118189519176642,-0.617155572238482,0.089783454481809,0.322273567311374,0.087247198705508
17.8483161325367,8.64051466594242,2.73119228680065,3.98441743617598,-0.514665942422607,-0.438450570342204,0.18451249321021,-0.390922053231935,-1.7485401955459
18.0223088148802,8.19775216910088,2.06003142420817,3.48751082643634,-0.702722583903823,-0.152714193945335,8.03402085794492E-02,0.147629370617519,-1.15900073051962
18.5689997691555,8.80663484269713,2.46632955500924,3.79006290092387,6.87478621605351E-02,0.916638162140479,0.345424307424264,0.586715823634769,-0.447535102692111
18.1307212702591,8.73370624414691,2.22261594404651,2.48719700996398,-0.411383060399727,0.526124849190485,0.593113805293318,-0.141402380892104,-0.314190015777009
17.052770640218,8.54952959679967,2.2061394839671,2.12910451921567,3.98689729854019E-02,8.71711443240057E-02,0.329087963455702,-0.117579683041665,-3.32804562632341E-02
15.4925805821854,7.87223639859783,-0.489272121336733,-0.861927476465015,-2.08579884212509,-1.7796582351305,-2.53170680299023,-2.26668440393285,0.140458416188828
16.6498328911966,7.95640252215113,-0.856207547590431,-0.140786380246694,-0.836830128628339,-1.17259106958208,-1.62598837697827,0.743201183908857,-0.696558193132847
18.1396269910988,9.3604280174741,0.508617727655098,0.475104812488464,0.220034291498044,-0.449546983245226,-0.189906519277547,1.29718677695463,-2.05867468268516
18.6558965964931,9.20370429928246,0.862598663107473,-0.142694402079992,-0.110025339682078,-0.315180280750826,2.02345063163008,-7.44786914771849E-03,-0.58228795154822
18.8621054446025,9.17883131499876,0.673097397176471,-6.42171757286145E-02,0.443098512527423,-3.32915358382581E-02,1.45147716403433,0.163753798107968,-1.10926721442791
17.7591989400171,6.71305241946614,-1.53511193308859,-2.1599911668093,-1.78716841030171,0.140261407237698,-1.92967261986916,-2.08925663179397,0.65765865238634
18.3736234892271,6.22769133003275,0.845635660025803,-2.59820995318525,-2.48354749080887,-0.701444159898874,-2.0172995263266,-9.34222773277405E-02,0.546028171738119
19.1382069423179,5.99321874557162,1.35417710756341,-2.49043469845538,-2.41612431608527,-2.1019469320181,-2.26180066153522,-7.55200862691676E-02,0.890687699385124
20.650465749413,7.44211546090549,2.06884339888956,-1.31782140625505,-0.784222919536283,-0.585698402780018,1.3111812208747,1.47769663887437,-0.1905222420671
18.4225996192612,7.17012601293965,2.13114642040542,-1.11504533663261,1.08667789971599,-1.12170997542629,1.04019631633452,-0.36826401539361,1.38624486908257
17.6455666696375,6.75351876101219,2.2889943165068,-1.27655781874525,4.98762520481804E-02,0.653361762225679,0.820987104160804,-0.297200759627319,2.64224158616767
17.129151760489,6.93873625382779,2.42248644489595,-0.992695615136379,-1.47083827820553,0.543062895339309,-0.872472962784222,-0.20455025564488,2.84017428849658
18.6885071804429,7.14618504713878,1.12811061170795,-0.977889991229996,-1.19302921508441,0.882824490243367,-0.234666191624641,0.266354691953522,1.62125219250164
18.938305806412,7.57010238581816,2.31707192254023,-0.888583350107627,-0.943000337760609,-0.190885922205877,0.472523685889466,0.410430320667886,1.51804631073294
20.7463466432942,8.61669672504171,2.53687067032984,0.702860321259415,2.30207824166933,1.36729086955789,1.86030440425424,1.19267137487568,0.52942068802779
20.4410045753599,9.85539191129815,3.48545569916175,1.48098052967305,3.30110543365729,2.57422435961662,2.51344220685971,0.930100524329572,-1.25622015162142
19.9674343258905,10.2017401760216,3.08605688137744,0.887957380717782,3.36278160957931,2.76173616793867,2.10023547487432,-1.16902419880213E-02,-0.123081547788037
18.6447048829122,9.76177914720541,2.61498500690238,0.107539025035678,1.00122540550471,1.59538694665019,-2.86545991474537E-03,-0.929926020567261,1.06038872492092
19.2079487425077,9.27437310225117,4.69709114067412,0.533344087593445,1.66943084758693,1.49534626197041,-0.6296283226883,0.309184978315052,0.894788048656306
18.5320682526562,9.60127827024418,3.54240473751365,2.95289815586381,2.17745221157185,0.526632586166728,-0.395519347585877,0.22098113612472,0.075616458567702
17.5793160245342,8.68760114790719,4.40273481956988,1.38398239920722,1.53617987712591,-1.2722018070914,-0.327393685833961,-0.861437725019752,1.26205530856348
18.8389657772806,8.97913730054025,5.57826814680304,1.20992621055324,2.38189591892357,-0.12323322514894,0.491595226510019,1.12297739498004,9.86534638234647E-03
18.7739757557158,9.23320946554496,6.64949863567526,1.46623212868019,2.2266180090866,1.04926246405723,0.522546383705491,0.252016465298126,-7.60552668272345E-02
19.1087173030354,8.26646548019946,5.92167717566177,1.44827609178633,1.19046429439843,0.886852597603749,1.51572685273084,0.145560407569138,-0.512625783178276
18.3555543641792,7.04712154161124,6.21429361247282,2.8900184626107,-0.331388783712705,7.55593232833175E-02,-0.196186180853168,-0.595762646553262,-0.568118991693498
19.6591516366065,7.46342685370741,5.53657314629258,3.29141616566466,1.6700066800328E-03,1.24632598530394,-0.127588510354047,0.32030728122913,-0.929859719438883
20.8492723770799,6.85222834519288,4.79793082232091,3.25323685196084,0.809045797442625,9.86437322775911E-03,-0.388890375046818,-0.115028623401639,-1.90215210529131
20.8928941025658,6.8026132183179,4.69497987007351,1.9654219272652,0.666824679356641,-7.61131548902769E-02,0.371552374530138,0.166247154102433,-1.83172316176716
20.0123878398286,5.75816927815723,3.25850408463909,2.03930628096961,0.155517610820945,-0.515267175572515,-0.241060666934506,-0.292620865139942,-0.599471005758678
19.3135194973471,4.90049554247664,2.38504037971932,1.69286476121795,0.362937264423554,-0.571365024911917,-0.778613323538184,-0.651905420638232,-3.10029975180777E-02
18.2117620087925,5.17773822046012,1.58858591579685,1.85070933462794,-0.812666882433855,-0.93858726434178,-0.990506243762983,-4.36591417860153E-02,0.791933004288381
17.1825440786727,4.10798742191962,0.470570189267737,0.498862348419652,-2.18650668530086,-1.93903551006842,-1.81086862041637,-1.10731420487953,1.95267028556332
16.7553652739002,3.99993878945955,2.10836306011858E-02,0.326456215760351,-2.09204024933093,-1.86590130820527,-0.910846847827191,0.237870961379546,1.93357296126393
17.9105357380439,4.69400231399225,0.364276944789225,0.082353872400343,-0.522585002164101,-0.603086333467509,0.092121816366026,0.950690408384261,1.02816030880176
16.8079931637415,4.29389843706545,0.199727965454637,-0.935940415333051,-0.925827606955595,-3.10126123575172E-02,1.1076896109434,-7.95540925692813E-02,2.09116022565048
17.6957168899369,4.97750572809526,0.966333851788667,-0.143829545264487,-3.04383456257373E-02,0.785710701921637,1.63831886675698,0.773167427625315,1.4260866656632
17.5279843261027,5.143833418033,0.677875999679036,0.822311231176621,-0.153128092652524,1.91527135100436,0.737723005322708,4.37986465883845E-02,1.28069248669323
18.0181682918937,5.14173336046678,1.07438457663478,0.73276998061738,0.357961388209627,1.89689511030749,1.03401800816006,0.219180458577568,1.14194019742922
17.7365957418434,4.90694867674418,0.801988384420998,0.5756112848484,1.06570603650039,1.01769675470591,0.325729641063938,6.30121823552511E-02,1.37376559468164
18.2155274601545,5.4926912701374,2.31313788355562,2.37356244035965,2.06070851920214,2.04832643788984,1.2418402084152,0.962500454009651,0.212146326484107
18.3965227542926,7.9811099550339,2.56654635035954,1.38575364782664,3.25200302741991,1.40603538255803,1.14616535055246,0.122514869149822,0.459719320578378
18.5546659008043,7.13407377697229,2.9413075448995,1.03804058080094,2.9246368343476,1.26449815384259,0.985222487963245,-9.96941502311611E-02,0.924316624659777
18.5288413330871,6.79407340950471,2.77644008760588,0.975341056020271,2.07354803810329,1.1290471541283,0.10521941050743,8.22954323561346E-02,0.97451645248963
18.3422816032888,6.27913669064749,2.74647482014389,1.84879753340185,2.43667009249744,1.35514902363823,0.274285714285719,0.291551901336067,0.544295991778012
18.8418761810151,6.04020764449364,2.94547437475185,1.35074357618381,1.49407165415428,0.211697218611554,0.188797675119729,-0.185502776775583,0.372817747640443
19.2725422449097,5.94424246403335,3.16030496762386,1.82734367947213,1.81421267306256,0.457615573373604,0.474850019286156,0.368653004948749,0.268693218655876
20.4579910475539,5.49772427316572,2.94053672154688,2.01896139196308,1.95387053461181,0.915851259213709,0.544277319761286,0.361107067918547,-0.763754532237144
19.7837196881722,5.45927308778446,3.2054956954632,2.4337659919544,2.02152350059859,0.965111284239879,0.859437396796463,0.131969862525948,-0.692351791147883
19.2522508525027,5.22901044264722,3.18856460621325,2.9347354992763,0.93566773246543,0.541349448428702,0.358173804247394,-0.135092037583706,-0.970013165749432
18.5087860395035,4.9866888136795,4.99670092669492,2.63105199405182,0.460393065709008,0.371432979572009,-0.359615403553805,-0.356661009549266,-0.898628176383887
18.0352343005687,4.78504850363899,4.5391745050599,3.95280921683728,0.823235911354402,0.267973192858848,-0.225739177124223,0.265190331356953,1.71309680101886
17.1878579327371,3.07144399233334,2.63125367717948,3.07342163508206,7.10303353917214E-02,-0.769632636379065,-0.766666172255987,-0.675529802252202,2.63290171280343
17.1877004450497,3.32389288545481,2.83690392781841,2.34251392219361,-1.69401765067669E-02,-0.697178720506814,-0.203939989013549,0.203775521280485,2.76864981859209
16.5949357890286,3.27446226614522,2.27281735545925,2.01435498361696,-0.246901754571395,-0.979514586195969,-0.888185709755836,-0.415851918401865,3.19750158545608
16.5031708201733,2.65457851858354,4.00058298704676,0.970044071833274,-0.903961165112861,-0.906776727554585,-0.496201475023477,-0.284371806613923,3.2879144466509
18.5719090942742,5.28158983627506,6.80070878269309,3.726581121338,1.59234694945015,1.68424406973882,2.14453437451215,2.82611809504191,1.32148380856429
18.9951490062769,7.79836180609193,7.08219391449983,3.73386815766612,1.68572433316902,2.5653583488958,2.77073474650708,0.226732973750679,1.38127269136214
19.0877578194016,8.64807251590767,6.00506356664576,3.99644077995571,2.14785486576107,2.69406071158795,3.37181686660607,0.335597321622906,1.15578629316193
19.1638193849872,7.95099741544174,6.35129187904587,3.06482200155232,2.49701935618093,3.09842926072031,0.563001608347393,1.44031110718693E-03,1.55489585750523
18.8120050221362,8.16690425069633,6.44523514404969,2.75511954832845,2.04557444290688,3.18325184922688,0.141107275202484,-0.196588090225263,1.21576745521046
19.5356106982994,9.44615110919089,7.51400188703821,3.76534012751804,3.61761743953695,1.30424837743305,0.746873203104393,0.94018343027965,0.214277318372569
19.2053357746202,10.0121800364609,7.53182410696891,3.96112525163891,3.69661730768925,1.36245349332631,1.02888838556705,0.285573546671393,4.07057135299871E-02
18.4994573454542,8.67867573305825,7.25606649812206,3.78956394622182,4.20422795920756,1.14258050430484,1.33512003265419,0.113435367154055,-0.429377386968055
18.7350393409194,9.76234712353506,6.50681315702804,4.34649004618797,4.85265080423146,1.53108901779285,0.791545917700033,0.394433492335898,-1.37807466659104
18.1259812331972,8.39357372457506,5.12673057455312,3.48150647712925,1.56426988328968,1.20116409308308,-2.21792367490885E-02,-0.532301681978267,0.426633461180795
18.6991109624715,8.38792405219787,5.09060764898789,3.0834972507834,1.29147402073522,0.213819152426582,-0.18560580243998,-4.97696173921089E-02,8.62250696219967E-02
18.98948415023,8.12310605460897,6.07091628167659,3.06466883464373,1.07058380223489,4.06891507208569E-02,-0.4691126598672,0.112568039542897,-0.119850922551299
18.1286187325618,8.1995474796779,5.44216065742559,2.84874889571059,0.714848640850139,-0.431228986723095,-0.295059774629621,-0.358139327956476,1.35041089099472
17.746821851092,9.3756191717958,4.69851526598021,2.64829763708064,0.351050434938216,-1.39733093014785,-0.81027617458887,-0.563725960155706,2.04142938405589
18.5757058528444,9.24589139851779,6.71652621648994,3.63330041614479,0.687159456961045,0.424821032505991,0.362194240859171,1.27430534741307,1.10661698590029
18.1573867172591,10.4757138717018,5.28908814777394,3.9065580702224,1.42528873974472E-02,0.086150786046748,0.330508622205047,-0.390054018443238,1.44841009041082
17.7967888330393,10.4886813418487,4.96099774752282,3.62029036507249,-0.1929109581984,-0.119994737351027,0.796530455995853,-9.35229789129546E-02,1.80626160120852
18.5314087821366,12.2545123325855,5.86724735562339,5.07303292399779,0.514530549663481,1.33241777623094,0.619098458446403,1.09772788200602,-1.05445840250963
18.382993116321,11.5453514810245,6.53448416252748,5.45323294895805,1.1573537609691,2.00058877690993,1.1213381521174,0.117285613173567,-0.321948225213424
18.4513417242784,12.6595925601744,6.57311496281179,3.05525260988346,1.56366773854827,1.09450500757494,1.57084482056515,0.36150650072005,-1.11431999488243
17.9387352735027,11.700023571762,6.63209474911684,2.78458999964096,1.40166126285324,1.42773069496111,0.426789385526316,-5.18266554479604E-02,-2.22089706945241
17.9288321167883,11.3414277172965,6.71819336837648,2.70920006975412,2.00729927007299,1.77421464338209,0.567375003114031,0.258308213547248,-2.45151466082062
15.9867033623445,9.53152802006537,5.35176990098821,0.993762051662321,0.839912728932074,-1.06569572058048,-1.55148565208505,-1.76174111167624,-0.290269782947279
16.7294000842031,9.21537146771063,6.76531208566097,2.02920088727465,0.415045966105104,-0.322988079603358,-0.63482238797529,0.851299807086894,-0.774165980683564
15.9856544864442,8.59137218024352,6.39883746432161,0.667258874038123,0.368578086959809,-1.12687701073074,-1.33625334694464,-0.436897569688247,0.105713749256451
14.5755703497933,6.79502530453246,6.32772961668023,-0.796813385059946,-0.716988361511564,-2.27134122004567,-0.761051774510275,-1.1841243993167,2.07848396315278
14.5724496457365,6.78950569104134,6.12551096469175,-0.888571788843294,-1.81193945517318,-2.51312427076302,-1.60332380437057,2.25055904844425E-02,1.89206574186247
15.2657296541423,6.56200093754221,5.64527534343443,-0.838385202723643,-1.47893310874695,-0.291114801248992,-0.712214268121177,0.443981852996568,1.61479727636043
15.4041619434224,6.33474133508964,6.06702046141083,6.44366620859067E-02,-1.472543965752,-0.780206070661856,0.832452012893664,0.367779769104593,1.16571779591785
15.7145401500811,6.67263502491106,5.75720655615746,0.559533585412408,-0.967756680121751,0.105602113303184,1.2524095407569,0.44589310229062,1.91896377532284
16.6343180755377,7.38783432308031,6.44318247576984,1.21537905719367,-0.448396828847542,2.036162649029,1.57713066693359,0.771361409095255,1.86709499225042
15.5500379876716,6.92832470451857,6.08726982212369,1.41000838078528,1.13226758985846,1.85693137938327,1.055352345445,-0.160409796903037,1.51982016557926
16.1292138609185,7.25635568371785,6.18999885842428,2.13161898893923,0.455222865292496,1.58913595228526,0.783464979428186,0.172331019427123,1.2167946117626
15.9067968093447,6.87302325071872,5.20774158008485,0.794533882323844,0.814408966636462,1.15228539995086,-6.22856972946485E-02,-7.44924419905792E-02,1.29547990503778
17.1041643469547,8.49463063999307,6.21296193197986,2.34770317584035,3.13346694874364,1.88283289413453,1.27847059842383,1.18166128493486,-1.77844585482877E-02
17.8403474752313,9.27874938395,6.98174649599971,3.14220046151934,3.81006775398534,1.83287350286415,1.82089795141304,0.720836077730552,-1.22995054711382
17.2955882647936,9.26354836768421,6.43683446310335,1.57452855954708,2.89507103432207,1.4970674328426,1.40047248201189,-0.503034408479376,-0.702396511471814
17.126356512496,8.91945591179887,6.0445146219069,1.33426445504659,2.41329444046177,1.20216671198674,0.0951721751168,-0.126535732825756,-0.479877882975297
16.7903916300642,8.62794294180627,6.22152459023991,0.979500022401809,1.97939342066436,1.27891185890255,-0.626941812445843,3.24440070511698E-03,-1.17833543704394
16.5595026890244,8.87787946797996,5.76504562138351,0.915675844564023,1.10252321284668,-1.77876219805455E-02,-0.239746209303081,-0.116315580255423,0.714134353775695
16.3370722941758,8.28908343644492,4.95293137431682,0.164771278811649,0.769606227732564,-1.24526671184924,-0.611208177629652,-0.497578173090677,2.21726181223536
15.8333527579,7.77635330955767,4.85676324561199,1.92349828675322,0.62904516600234,-0.70736501868644,-0.583358585269962,3.09239100875626E-02,2.32209039416331
15.9800168285875,7.99621822517395,5.07760711147542,1.17769063343175,0.799668396099,-0.482191814848271,-0.368707521012448,9.73387855472929E-02,3.28918157797504
15.4408247113229,7.45776543754162,4.74953176933347,0.915355777137839,-1.09279878431997,-1.19238574077374,-0.574383795935848,-0.703518530678098,4.38073172180689
16.863349172367,11.1060089013936,6.1818304680757,3.80321101340124,-2.96405962520816E-02,0.709070636766012,1.1701124499719,1.76492089185943,2.55861312725183
18.9067489887162,11.3183186836583,7.72483956324706,4.7247483195961,1.44666808601235,2.1691657288847,2.04355363605949,0.980260956841754,1.32090392043553
18.483031567693,10.272636979124,7.65971405921106,4.42746538123919,1.70246241977469,2.26939303645791,2.85758544964143,0.13334183805193,1.88182086025228
19.5113996233442,11.2058846074649,8.99179203070962,5.06531355164137,2.71444653697645,3.18443957801328,2.13353092981066,1.03272215700804,1.58192413076839
19.6600680283317,11.3711558076455,9.56710196611165,4.97346715333934,3.16716666941256,4.19687776617845,1.51019301653678,0.349577556342049,0.90629554131351
19.5220382333474,13.201975459498,6.95528860696561,4.25355723471608,3.66550163673228,2.49478132477979,1.39803592125715,1.96168279439392E-02,1.98174886267322
18.8430746878874,13.0841135522449,6.52997451468332,4.18766678773943,3.41470223604387,1.30368351379178,0.140634521347328,-0.22933783203705,2.23214151705175
19.0537661977584,13.7430330819603,6.85593926502088,4.67795286271575,3.9810747276958,1.84706245369673,0.474920585705571,0.683164169582126,1.87583196814783
19.5130901052594,13.0976512678774,7.54438088699631,5.45428450523338,5.35796192668831,1.55728900028704,1.19256525817707,0.74054455548092,2.18597507745755
19.3095289692659,13.1414814001193,7.43267914871889,4.01980662417585,3.35157054773984,0.89815559718219,1.10551361556982,-0.317642204258775,3.35928895644145
20.2352913536595,14.3289262702855,7.55769219474089,4.36120100788806,3.44303024251572,1.94323875082963,1.49465220225894,1.07396465343568,1.60154942234388
20.1276393329986,14.5176161071618,7.30791704471048,4.85525693765434,3.32972173039825,2.1834048313264,0.775760565406719,1.61494440186917E-02,1.5403633331278
20.7161492055549,14.5771421631674,7.51426986990678,5.29459361780892,2.64897949030849,1.84129241637439,1.42208526658794,0.335804680195422,2.76018278309652
21.5079608703962,15.1187035567628,8.11536746265717,6.27819897252935,3.32523442432105,2.13921242695054,1.3900392106894,1.04180542926148,1.18790434213498
22.188538456457,14.7995393094812,9.35239090911702,7.15578175217492,4.10026050268114,3.2501084231115,2.18397176116471,0.821143511989733,-0.470024958856667
21.6446631547761,13.4514080079776,8.8199036036622,7.02652705817744,3.70974152196378,1.57630413261362,1.22872813197772,-0.637487625282717,0.442816160477493
21.9467056084901,13.4233622023336,8.67689371484753,6.9567543339647,3.00464120989547,1.51699608172,0.144875150007959,-4.40987233058164E-02,-0.213987247516738
23.4365232942758,15.5239165196491,10.3849226182085,8.2806846675979,3.76521614074957,2.68604308433612,0.84736229828691,1.51887306937094,-3.74029790814997
23.392317466859,14.8417645442681,10.4454289442956,8.46984683013943,3.59428303225953,1.17395883416901,0.986932481626476,-0.49582732330518,-7.0460425395517
22.097672250975,13.9439856984762,8.53575308805853,6.05116632735656,1.7379121679823,-0.472244626467926,0.20820317628878,-0.830937000864269,-3.8199439308702
22.4220466504268,14.9154171444851,9.14361027857593,5.38403652379355,1.99439135883648,0.440863943689119,-1.05007345334311,0.277122700895976,-5.29453999214386
21.7613562269072,13.3444903281895,8.59074114322974,4.59204520756357,0.973266681156271,-0.214446134898213,-1.25798739404477,-0.702600883865823,-8.62711004854017
19.4778626360704,11.3109053013998,5.64561579458869,1.5827723366897,-2.15952274236756,-3.88563212524907,-2.52119361743357,-2.08881571648554,-5.14193917716547
16.2235680242368,7.56690353329474,1.69029175236148,-2.7819000233993,-7.19744085518294,-7.58014261259375,-6.99007992709269,-4.06978534218401,0.429962191652611
17.3710392170394,10.458477223154,3.85074662690257,-0.179418480103451,-3.8009414969742,-3.97165908088533,-3.53316391588334,2.55116276976528,-1.68197324324405
15.706880258644,9.02488901583405,2.67471080306654,-1.22515580323365,-5.07868405140063,-5.59053299746885,-2.70843905062579,-1.27559624552947,1.41309202949853
12.1312697229667,5.15342287626267,-1.84678327333851,-6.38096446298028,-11.3678818921362,-9.44165173403529,-3.01010133045781,-4.37544599673332,7.75154215759344
13.1208792579702,6.57447432274806,1.57983869458636,-5.3933768720722,-8.97659013080334,-5.42066655438911,-3.94998658907039,1.6620196236207,5.58237741474703
14.4135748062877,8.43443672064808,2.4263280118335,-3.26938847459705,-6.23680801980424,0.428121431363386,-0.891651402162834,1.70405512082589,3.92161070533503
14.1020711458591,9.44405281772879,3.29561510316058,-3.9125034712368,-6.04422431971388,-1.71074755945351,3.78036760016234,0.457898093642515,3.13403093749333
15.4450242171196,11.1266915654312,6.16221949564271,-2.04268744859574,-3.39279374025286,1.39340197721957,3.93031941429476,1.81527274034724,1.3006683116031
17.2152137184838,13.6509333443219,7.79714845796566,-0.579992111754073,0.50964544100593,7.1939036809852,3.98930377399586,1.76440635062665,1.49641202545431
16.9014542156895,13.1349085613515,7.05411289298236,-2.00305435511457,4.0578023412784,5.28722458371857,3.20205120328004,-0.358310711215749,3.22627336182884
16.7205285197406,12.4179719131701,6.8352682792281,-2.71059591220248,1.67721532990447,3.77362386775795,1.54372840056109,0.133191930604493,1.77972739166541
16.2767817778869,12.2230835919908,6.1351390536834,-2.36845453496389,2.62218053455555,3.03879418752941,-0.527572544923555,-0.302252021671002,1.40784642105792
16.0243128729564,11.573016260343,5.44170604198555,-2.28413821661231,6.74001937339633,1.28396814481245,-0.130289787558131,3.83031271027921E-02,-0.167261917966243
17.6162166864832,13.2627671606299,7.43772293593946,-1.83235217353478,7.01679088246382,1.47434967955225,1.69518313371807,1.95386132297074,-1.2406113157208
18.8132949879097,14.2227182326766,8.50510079981686,1.11602352234287E-02,6.6567941508921,3.12543818231247,3.2885493125009,1.32348943354652,-1.54268789972959
17.5866441557312,13.0646996166861,7.39730593375699,-0.440267522661882,5.02133949727189,1.7486069547197,2.00714456513075,-1.28616664372097,0.183613874658533
16.7766200495447,11.6316187219342,5.66203996837078,-1.39428281313371,2.61714339068806,1.38830127129648,-0.61536935291389,-0.670078577034969,1.0937468086286
15.2002654602447,10.161705582072,3.51482992471713,-2.23626554320099,-0.657428887170509,-0.167542152183387,-3.53393950706166,-1.5388398557745,3.19811452120868
18.066110315018,11.0483861495454,4.85050741149663,0.745113815217647,0.592861002137707,-1.25619582325167,-1.31125349432686,0.888263760013155,4.25984871620194
18.2374500093006,11.8838355654762,5.94075520833334,5.60012090773809,1.47632417224703,-1.56685965401787,0.390334356398805,1.02074032738095,3.63071986607143
18.2475965641644,12.0319339449329,6.36957509163869,3.57354672776877,2.22420881177836,0.183277352011134,2.35034760495414,0.459133634793487,1.93099397947641
17.7503358881518,12.4022460851532,6.69929099098189,5.01299537188699,2.41781744136208,1.08191341517796,1.70794254616929,0.236240130805163,1.61038706148736
18.1309508600531,12.5455936541385,7.65485334669264,9.47874305777852,1.00237854970193,3.09900479872762,1.22229032660919,0.531692703436336,0.926442955717634
19.3049605840156,13.8941697013736,9.37914543780049,9.69557172188284,1.57832923542284,4.08579982481785,2.64970047231587,1.89757195283037,-1.14389439501605
18.9696709633269,14.1423787567731,9.67169252515733,8.51577311838813,3.2360975555032,3.50351697910006,2.8288683965492,0.419849897351322,-3.73349487878482
17.8549381183025,13.2286763234566,9.22570180131725,6.99140425543993,2.72603033274628,1.89441297890729,1.13644910743049,-1.20073625099517,-2.27900052650177
17.7013711159526,13.469147760681,7.52224832338679,5.1974299032237,4.12499396390843,1.5848646069155,-0.85499461722659,-7.85402032103579E-02,-2.66340765063954
17.6671213218091,13.1155445123504,6.47378668946106,3.35728925027415,3.12801789795718,0.917938776584169,-1.42441227881785,-0.14237011393875,-4.95962861454394
17.1431420451713,13.5630595659513,6.20189602490046,3.55116489433685,1.97537019494441,-1.15713074879451,-0.378350273150099,-0.156981175079601,-7.29150492524875
14.3253778653086,11.4300614140378,3.08220974001002,1.24095395695191,-0.701250422440018,-3.87829066203633,-2.56523056484599,-2.2588887205603,-1.61765391383389
14.6356623370588,12.0663615028929,3.03939052443246,1.83940562771568,-0.631288193879689,-2.33215024281432,-2.10647233775589,0.305551037479378,-5.17113181680879
14.5427485427048,11.9002837986707,2.56089998467925,1.33655312287971,-1.64851279282698,-2.73628610407896,-2.42943335108595,-0.473775981440008,-5.72908535117349
12.0418840332462,7.01544088377285,0.293313938697392,-3.20759742961214,-6.26913648975048,-5.21844405934519,-2.73290772882228,-2.56185781457171,-1.51341013369728
9.5694743004476,4.31002029781395,-3.07924444806387,-7.39095494991618,-9.57316201834947,-7.86498035521942,-5.80554356193599,-2.67620761237168,-1.80160384997749
14.9824618031547,7.48123657243371,-6.97382078020921E-02,-2.16943571277335,-4.3335411166701,-1.64425222429348,-1.47501491746165,3.63852806481655,-4.36789199609703
12.5831567082808,4.30623108682602,-3.17465665314924,-4.97071903752619,-7.82775688225132,-5.45311983142006,-2.33420727000968,-3.4302525023584,0.462798475919781
10.9737014399123,3.47355826900961,-5.40907409442468,-4.48442223188733,-8.82489966428358,-6.07725656690104,-0.73179678709016,-1.06844188267415,2.07450768556883
12.9774066155812,4.33892051972838,-3.49863929142868,-3.49347300539573,-6.66785187346246,-1.53666619562294,-2.62416940555801,1.82825745730596,-2.24763832350979
10.7959204110884,1.20844834168905,-6.9394633569296,-7.67410856788778,-7.4174912844008,-1.83465710297864,-2.17498795150559,-2.97754285821582,1.27526271976767
12.0354615309584,2.13738401537121,-6.92772530009305,-7.03207856531292,-6.61249792919151,-4.56739068840641,-3.06557069933792E-02,1.05266743357543,2.43140011426218
12.0096462532355,3.2659762258272,-6.1493339999939,-5.62997899409457,-4.47236763078386,0.460666518294044,-0.321186086712617,1.54312612994394,0.356399179275787
13.1698418763761,4.28562330549339,-4.92066524737522,-5.63455671403704,-1.32558181851266,2.03234650120397,3.0933275105992,0.527382013816859,0.931334194612759
10.1165670015435,1.92967429945549,-7.50931494541605,-10.3831524231294,-1.16396013809591,-2.29931869160186,-0.39824597673634,-2.51243158547599,3.03316695708674
10.6989126034788,2.41272862674087,-8.50743316945649,-10.1783898868106,-4.34912257390681,1.25920455353087,-1.35530580902734,0.60457268932102,3.13395155384297
12.2850056001705,4.87056124137868,-5.62964508069233,-6.50919682520969,1.3003580783782,2.37368630278406,0.317872025901352,2.16948035556926,3.03059159264012
12.2405611655912,4.93784404505851,-5.27520566755374,-6.94986207818405,1.86270399669472,0.355133486444764,2.28193771037633,-0.492599613575886,3.79391321254542
14.7929918602939,4.76423697391628,-4.41283844080609,-5.6294375520187,1.12871191930604,0.922740397760906,2.76311321973601,1.09400774609166,1.7822320642523
13.2055688151181,4.7346696156202,-4.12109215882106,-5.9081157574898,3.58309923751648,2.94387433354354,0.188131568386659,-0.421221602995623,0.594568172423259
15.3128454963012,5.49153730685915,-1.27502179716502,-2.84187093082134,3.24111110112387,3.0387195551281,1.37434496148419,0.701703924088941,-0.395195335556496
17.1564923852432,6.4218931777471,4.70118259425471,-1.02033780443257,3.76021254714752,2.94144830753025,2.348904182138,2.07133708997604,-4.50855807416557
18.0917899493796,6.54289857914509,2.44731246368838,-0.296200468008444,3.48840442486035,3.65523670427223,2.99815167395704,0.246443472394382,-4.67232823226566
16.6212292745713,5.39639757988691,2.8468358895864,1.36725467129356,5.04332911678271,1.75102473988508,1.47175821304848,-0.860825784625281,-1.84859089963085
16.0451426643171,3.92606201492257,5.42386862134903,2.39451089198005,2.9306737655131,0.591053953732516,-2.22893779760789,-1.60683888868059,-0.17097221701473
14.9249488629527,3.40271928769101,3.55131753098303,-1.57968355191914,0.495277343279995,-0.396763325712912,-2.77358320298399,-0.285013837083381,-0.650192515942734
12.5194920917799,3.0370023275286,-0.227375730713394,-0.319401448752121,-1.14287031133575,-4.72142632181347,-4.08415974681405,-2.14701070048625,2.65645524308463
12.3449095324796,2.27788404560065,-0.61283954104582,0.815635391176449,-2.18485279262628,-4.90133467609466,-2.36124373267178,7.50697734397219E-02,2.00400986192688
13.0939222365087,4.68866782462235,-0.381674223455371,1.03043017301662,0.320467994556097,-1.88340739738183,1.27826276570865E-02,2.04085929334627,-9.27868384050299E-02
12.9649132031819,5.8988785145012,-2.08177154146041,3.9888227031331,-0.282887768822251,-0.171265032638002,2.21292450066478,0.100655764796033,1.69417173075333
11.6188307746341,5.15413507085687,-2.49925441710557,2.22145855694512,-3.19124617557607,-0.654447685816674,1.38716265212541,-0.76874516506525,3.27450923992934
12.6043855395722,5.82029823584697,-1.46259480751156,1.82431502134104,-2.26355739932595,2.58771378457818,0.483540757502296,1.14322743626122,1.99821609228429
11.5039852629551,4.93943845116548,-1.72744895010596,0.747086303217098,-1.96268180504721,1.9646383163167,-0.178644528992499,-0.564077249084962,3.74340806203044
10.9478767152155,4.49929856039305,-1.78174691577307,3.16505807197432,-0.365320584994618,-9.28730123369089E-02,0.570634667373122,-1.50523520805361E-02,4.8178063304172
12.5260004254615,5.54326116245538,-1.88325808967784,4.38432174344671,1.77748363155033,1.66594771550806,1.28761197910511,1.85607582669535,2.70995343560168
13.1979940983924,6.42375184516856,-2.4513806331695,3.01969987701319,4.58554619187993,3.17068487086386,2.60031340380277,0.773248390837116,2.08887006055524
12.825362263553,6.17432667985233,-1.24525345243476,3.40460246380299,4.42433988508513,1.95906964733224,2.52366671166227,-9.37571528344347E-02,1.0719714532212
13.9638862010587,7.30138788750089,0.562727669692349,3.43744061184847,3.53333207605746,3.60833341795768,1.80017727589904,1.12763139379187,0.533278400048747
14.5445929159696,7.14046714678577,3.05892827652563,4.81378032756281,4.41154296300019,4.59636248752433,2.03459442382119,1.01011696620259,-0.889201628479728
14.8942260117137,6.31839207428631,2.03550922250222,3.98960958265732,4.99082352399693,2.638452598755,1.97164785345255,-0.158071271589167,-1.24141323483725
15.154996072868,6.94535184087003,1.19307274024786,2.12510248593914,4.05506887198698,2.04612908274546,1.02177224932047,0.169577434857704,-0.844871826166619
14.6360476966092,6.0398865361891,-0.355372836624313,0.803218098464986,3.54298588670459,1.06060210146127,-1.08890998673159,-1.10081381540936,0.073745670345239
14.932243573926,6.59858556386248,8.36944460076923E-03,2.2378163253232,4.13407273047359,0.530449626766064,-0.325975437123107,0.597838085879164,0.341415619403834
14.3067652134351,6.32401331279712,-0.938908634626895,3.38876468312558,1.91998122182731,-0.897179361976809,-0.909060613217454,-0.410627634341455,0.696502130656087
14.2006189695977,6.30751866011287,-3.42151829601311,3.16693974148916,0.646349899872567,-1.25701802293829,-0.324631348989623,-0.515273985071911,1.37877298379756
14.5625317680178,6.81164226351924,-3.26680211366832,5.74148544717059,1.30402735199181,-0.852070731717915,-0.353919250224103,0.56881948235689,0.304248913551896
13.9098180636589,6.55968852359138,-2.2178478071028,5.50770132383277,5.94752829427579E-03,7.36913261827592E-02,-0.116194394236993,-0.172768443865485,1.20038528378414
14.7732910724327,8.01322474736217,-1.25617842767014,4.37152969024812,-0.142659301688472,0.340253939309395,1.25660985700994,0.863002489347294,0.202771789698322
14.8252442551477,6.30761040044894,-1.16940299581278,4.22104551275594,-4.11528555189516E-02,0.691684533145311,0.635567002892212,-5.65492035627479E-02,1.93145027842929
16.8473420180091,5.53260201237767,-0.848020089298537,5.10492865885544,-4.95624141636424E-02,1.36002137648472,0.966826224119803,0.161185590410467,2.62393476724341
15.8089031464483,4.93695264879724,0.890199147048885,3.53105590958834,0.548614459744692,0.303326047348318,-0.391104360907468,-0.496351713842699,3.4679652467177
15.3116878835268,4.63106171260985,1.29651953666448,4.75734515227834,0.665102338322073,1.1861469503481,0.382290503514006,0.714268308590283,3.3500230062339
15.2129890222497,4.17783123054423,1.64013243911575,4.65359593440044,0.948659032425187,0.202361457748786,9.77362785297291E-02,-0.124000212407776,2.65653232831927
16.4669893688955,5.7311407650838,5.6701576667189,4.44400212876186,3.07287056760866,1.89485215127762,2.22178931751161,1.64033241435193,0.969659496917666
18.8596178101425,6.73206813959967,8.89583219594684,4.50335056561355,3.33222744370112,2.55684482688627,2.34056641147213,0.834876679307397,0.348705199221116
19.1975442146022,6.39425122963687,5.7616074231695,4.90138486761782,3.81107196427949,3.35172846827363,2.77699096522134,0.323438099556986,0.592039627446197
19.7437476421898,6.26262121918203,9.43456938064487,4.39481947495728,3.55682599915673,3.24143421432217,1.749633845949,0.60096420566762,-6.68508532498906E-02
17.8880247398582,5.81154591958707,9.67477208321741,2.64622534018004,2.83985499445674,2.58778693188571,0.129459248996554,-0.800382505945199,1.77216570224653
18.1869021421521,4.78621819696839,7.98993935089519,2.79701703711367,2.68013678903674,0.960347397177532,-0.19754998867548,-2.93598709284201E-03,1.44198908931273
18.6098029149834,4.98153025467044,10.8480458897842,2.84732607191482,3.37505300984309,0.347493471419323,-0.58031828225789,0.221246345110814,1.15687007566458
19.2345037854513,5.19962048388305,10.4082572497843,4.44766256356479,3.22935479485878,0.588555147742188,0.781642294962816,0.564557966370665,0.261610890558977
18.9747490028118,4.14946858267433,8.95456930076083,3.82068100248985,3.29661941415023,-6.68955735115695E-02,0.730577383744658,-5.44046987894965E-02,1.04701287670396
19.4715636457548,4.34268962949837,9.40643635149782,5.19205065120426,2.6877887353546,1.74130685931488,1.52632222419121,1.02107398905708,-0.853070021800683
18.2318599292149,4.63645434799387,11.3365105791812,5.3682867129012,1.54621983086542,1.42149133929458,0.641972722361268,-0.328428724213589,-0.802810456795704
17.4146821101,4.62130813179781,10.7437036383269,4.7698309708043,1.16749707987826,1.14363965077137,0.636427949874571,-5.99883333034591E-02,-2.94066946979966
17.157348326794,2.83714533953879,8.46937759060548,4.62670378138472,0.248476765485526,0.260928273778226,-0.713194724987689,-0.323324165333893,-2.21138787278433
18.5142912082629,4.0158226544151,9.57682640405456,4.49228782946694,1.75628717018968,1.03616410509978,0.342549480132399,0.723282101995685,-4.27197934264562
17.5457118749039,3.97312639158489,7.77597197917835,3.71029263635973,0.898788914151594,-0.860409920900484,-0.469969476923419,-0.875789228665368,-2.57554911749098
17.1337031834621,3.43896708722878,7.90787369520848,3.2871090140896,0.403333930762175,-0.809307663344685,-0.42417447144915,-0.277596001950669,-2.17728075403855
15.9814269902546,1.9418399953397,5.15744859814412,1.58606569605452,-2.42975091536579,-3.02976483943979,-3.44592415357969,-2.26394076869414,0.847521443784388
15.3882176508871,4.35627175235562,3.56285900229195,1.29919923035568,-1.93910755213492,-2.26139611216434,-2.11213604595229,0.424860643445287,-0.759033417277378
13.9752671216858,6.79730891132579,1.95791192409397,2.78348903176264E-02,-4.44669546764768,-4.46262161623147,-3.26902134534347,-1.41369677473969,1.88502468553031
14.6086239262757,5.19967006086809,3.65080493770977,-0.744211843677114,-3.18789464702201,-2.64363729449911,-9.34353489959569E-02,0.880738381022815,2.49914670914158
15.225258493353,6.51602090671514,5.29840359050108,-1.45963526871946,-2.99127940006817,-2.22574139302352,-0.389160322690598,0.130666969662536,3.34052948528576
15.6360685393543,11.1544107909189,6.32616775291568,-0.971143252435259,-1.83464782144377,0.840398883037322,1.8054839373216,0.803345252485968,2.60333454497297
14.7326628222766,8.58030807393204,7.20644945149725,-2.78749171365233,-3.7942562245618,-0.764838799352769,-0.243066198116774,-1.1871039482219,3.27077289348567
15.6310686447779,8.12837538110561,8.2679322072088,-0.729187936995229,-1.63975750065131,1.85014892163835,0.848466071918942,1.21812971321143,3.73465895888636
17.11771210698,9.066741775387,7.73767816930819,0.759088317032799,0.136250178637577,2.43821220895948,1.51942536279038,1.47460987633423,2.33775892043239
18.4316932380429,8.25962067069819,8.51635514018691,1.47773501924135,3.26869158878505,3.23254535459043,3.5933205057724,0.94378779549203,1.12561847168774
18.541180347678,6.69650948836954,9.29654244363278,1.00815642764947,2.94400351522809,2.53728064152913,2.4929283497652,9.06269738829589E-02,1.66547661549447
19.0037796901703,6.53397717829149,7.75844218233622,0.534512795452215,3.78673049897984,3.16718157697839,0.505937343835842,-0.53313233885241,2.01753732064418
20.1582894960122,7.96280332597998,9.79833701001188,1.17644663159681,4.54301713897844,3.60020363142711,1.22518241982013,1.65986763957238,-0.188562701510271
19.4965441130613,8.35920616284019,9.92892993592577,1.62775121952542,4.54213904352329,2.28435618005862,1.26385947596334,0.129748285614341,-0.346944475326135
19.3646284945433,8.1008168091439,8.00201144348251,1.44728794900719,3.53470419549056,1.11308933255412,1.5482678481632,-0.243547751396459,0.188640780657526
19.2411016371124,6.85166851479425,7.86100279717825,2.37510281757293,5.25858704005597,1.63819289589662,0.508381404910126,0.621159957805973,3.18751359082816E-02
19.0552804889765,5.42656218496833,7.77591192577127,1.48075879585339,3.91170385365345,1.97763774114935,0.193636647799165,-0.186194288869076,1.60294879792372
18.4607391368214,6.14782192384485,6.2449335995517,1.83437698915722,1.97256391145156,-0.188918932152402,-7.53499556604949E-02,-0.513712603844214,0.658156020651877
18.3856831690981,6.74550320194061,5.260787757662,2.07775811097067,1.00990037046459,-0.348152370742142,-0.730045182259613,-2.89786850207423E-02,-0.727188128806851
17.8334133682774,8.42727265328048,5.68682190732767,4.52550130362002,1.20974852749267,0.188285597237032,-0.248922241304005,0.292331024528678,-2.42383793330782
18.1155105485232,8.03659071729958,5.96631223628692,4.56438818565401,2.19098734177216,3.18649789029492E-02,0.727628691983127,0.465417721518991,-2.35301265822785
19.3120146392332,8.35456457204349,8.2578753134743,7.1773795080035,1.89569546346252,1.57765972040024,2.10905110013998,1.36297227575351,-3.13907138357534
18.068844373881,6.59027801236361,6.36124717089484,4.98800797216498,0.336857750903629,0.653852650069254,0.391446812823028,-1.45714961321488,-0.386447319528431
16.6584438615389,5.03496062646811,5.41540241037827,3.50812276099868,-0.837629749012577,-0.732514890129616,-1.5002507955564,-1.42487508188544,1.35278849026557
15.6137131417609,3.15121435820439,4.54393794052634,1.32460274429663,-2.93044723415495,-2.48404721191141,-4.38600881400231,-1.4413813237686,3.41841486980578
15.7568190177517,1.8086333203355,4.51397819131137,3.00650720826108,-2.18681467592555,-2.40971352243784,-2.3336624271638,0.537612106228159,3.18958293579352
15.92709363128,1.94929388454934,5.21484581782483,2.36274713353289,-1.09268805110485,-3.24080248704435,-0.32848015025663,0.562499914064433,2.7038770007521
16.9494652170669,4.41716459920104,5.67704129731489,2.23571142746688,0.297335241415328,-0.38794652848898,2.42873517223604,1.34641861600753,1.28605630650489
17.3232605277,4.79359717882115,6.02786292727054,1.6157144421803,0.32060079859482,1.33473238419631,2.21094207415601,0.315597749439187,0.173213674820741
18.0988279322865,5.48488437274414,6.42654446369735,2.10230152211523,0.440113510032945,3.30542183817964,2.23282999439439,0.584756801662591,-0.508402350319058
18.1414108929134,5.93220906782443,7.18390920115508,2.93019235794256,-0.615599016435187,3.09099314586642,1.21270594225912,0.31704555352321,-0.207433016421775
18.765680349794,8.09500986673878,6.60241460652196,1.3828160770275,0.920940245316311,2.63269224075378,0.991359575020686,9.22412892895724E-02,-1.53797958107193
18.5716811125277,7.78148001328519,6.68585341290164,1.2205770487588,2.27910689222924,1.26972690358594,0.374583498505419,-3.45522140201625E-02,-1.24106731521262
18.2668088495336,7.48957250651297,4.37846739467894,0.680318021678395,2.90484996557915,0.172914163843262,-0.733636596790079,-0.791814586342344,-0.415209967198955
18.4200606120384,9.71346422254859,3.4805307809441,-3.67509461341957E-02,2.2859899178103,-0.511000287792332,-0.923772862939237,-9.63361198297041E-02,-0.401963473342728
16.5660244092722,12.6098907370182,3.76545721394839,0.76592853392631,2.34021782771173,-0.207864195392338,-0.265738528863984,0.617684301553476,-0.670590304773498
15.3245697285802,8.16937832612249,1.96582846793733,3.12726896960591E-02,-0.237808409906097,-1.56200286621,-0.729333510998473,-1.25784196686183,0.950961703192269
15.2656052311477,11.4512719190593,3.00313657314806,0.326268698410293,-0.28748530366991,-1.25666335335334,-0.3645096680494,0.266195118445303,0.536322818874769
15.301713037137,12.4259577040585,3.04871271453628,7.80748054229488E-02,-0.832933471048613,-0.416941148404485,-0.943810538472175,4.40526245875997E-02,1.46200495015953
15.3977117027655,10.7210008383731,2.75306521674251,-0.472500549419242,-1.23761771816013,-0.403585740603574,0.227364605462722,-8.30233523527338E-02,2.54645644936796
14.8927368758305,13.6049575314003,2.54216781146455,-1.50542838332728,-0.977528074698237,-0.67511757779602,0.310116083993598,0.348914390927408,2.33898364658123
14.9636344045471,13.0077041187404,2.95423322468551,0.321229426501096,-0.570535786439669,0.942003609622074,0.633838860005932,0.368639387980508,3.17296554696549
14.7435067387481,11.5160294799996,1.81080249910977,1.5789388495031,7.47251087155909E-02,0.533461741823403,0.572173124858374,-0.14513396566422,3.08652466198353
15.2241697170492,11.8972933978144,3.06783872605338,3.90493494001656,1.12525716728564,1.44093836000748,1.17789296497181,0.955994335640039,2.25973227883614
16.4955490909668,14.8948357813664,4.07083883991941,4.32787900194864,1.48112282762699,2.48322227557933,1.77970216149213,0.975376796006954,0.835942760608689
16.65968759288,14.5029556487566,4.52045837323734,3.92800766156996,2.84785839305175,2.28552557709455,2.0661140649252,0.146890789604041,-0.620719262904128
17.5452796148393,13.6329694602477,4.95393058648753,3.76009441031413,3.73215772997502,3.0753846515356,2.2816696213405,1.17399330041853,-2.70241691448504
17.6512920222906,13.8594234737337,5.5632390251051,3.23421003392794,3.46907559792586,2.99411069691613,1.0930734939491,-0.229108413682656,-2.7792643146963
18.24000104513,13.0417856046404,5.97082780829703,2.81610284079404,3.69884578453338,2.20979678753161,1.10130575931962,0.155201808074937,-2.70257559229478
16.8345070792095,13.0403866539321,7.66367720064232,2.09476904669445,2.95303792021327,0.829012689050048,-0.496699167707477,-0.422837141447754,-1.5015113508748
16.0668380462725,11.2727727075762,6.04870760813797,0.714052152923071,1.31139957943764,-0.624596252156642,-1.58721086337572,-1.31671642346535,-0.467882274439536
15.3566871545933,8.54401549944521,6.48717257220753,-0.185021943683023,0.527694927124967,-2.77747589280803,-2.70193756482141,-0.940405223549176,1.45602475188409
14.1533405291336,8.03538503363274,5.36535733608245,0.295548204235115,-0.742100545606741,-2.85871557657471,-2.58483552392513,-0.308333759518507,1.55095514827206
14.2535662112228,9.03355138781473,5.46317779496434,0.624489773996737,-1.49643915957721,-2.77764350777692,-1.0148126664948,0.23389834149695,-0.17387965111284
14.632379090208,11.1898581088911,5.46160229199494,0.808484963112039,-0.830861482684172,-1.52440039585128,0.728568821783007,0.801692091099068,-0.17941173728368
14.450872455616,11.2079764318128,6.3235337323686,1.78150281915477,-2.29859269290043,-0.470081703405152,0.771895524341421,-0.26455450410386,3.01813820936172E-02
15.0644895519388,13.9206976218279,6.09175991081358,2.47828197135825,-1.07092462134788,1.43512891959337,1.50773173721746,0.973724127807398,9.70682479710243E-02
16.3558412298721,13.6711947518389,4.481744085879,2.22596249420184,-1.445232257637,1.52726790802465,0.498707839109404,-0.21456497250016,-0.191239811808366
14.3807508813366,10.5596302757464,2.13498001944925,0.851544037241426,-2.52315820480367,-0.174182519069297,-0.717309169263724,-1.48989943145212,1.53361319106411
15.4319225021349,11.1823494876174,2.82611016225447,1.29656810418446,-0.385087532023919,-0.179734201537151,-0.897870409906063,0.796194491887277,0.91788535439795
16.3760693802134,11.8119119076355,3.28877804953594,0.877399096433788,0.495973469758297,3.01722756838067E-02,-0.736684147005739,-5.44703030044101E-02,0.971520575889955
17.2270423026464,11.7197315904416,2.67907512587478,2.05032877396443,1.83339212554316,9.69741168947692E-02,1.77433568105821,1.03989546877209,0.799838288393625
16.4388327289482,11.772430743573,2.06146005813251,0.606421132720849,1.10727957647452,-0.191606239219663,0.486916201814617,-0.504045241911176,1.28242069188044
16.3268090743501,11.9923166087101,2.52823315118398,-0.137506209637359,0.541546613677763,1.51044874979302,0.774035436330522,0.234210962079818,1.28100678920351
16.1125133706809,10.4991412353782,2.10625410706328,-9.33468549646432E-02,0.993363911259656,0.909536848869326,-7.72160953248582E-02,0.190924728851181,0.860615692584745
15.4592897876397,9.80049159801087,2.28689596448013,-1.28373455822951,1.85109525339583E-02,0.962172868496877,0.423371928669372,-0.001322210895275,0.982931579552804
16.3301470462949,10.6701950437574,3.63336334813102,-0.171700371056303,1.1018969614277,0.793491638454067,1.05929954112748,0.871346615864322,-1.82932983117004
16.1646116431666,9.62865364824028,3.63703106461361,-0.352664319941274,2.52921935327395,1.26618290036905,0.845083348082306,-2.51715797132809E-02,-2.99751561752308
16.422054947714,8.91903027290741,3.57951461326672,0.302532879032629,1.97568488447377,1.26480455695871,1.07724201976338,0.232818212139249,-3.82750524821953
15.2322673000991,8.85809120797872,2.91061681008038,1.37671926043616,1.80853350951984,0.853272297293756,-1.69107583885222E-02,-0.225083505062741,-3.36458546356452
14.719087441718,8.81265032871005,1.68695490498767,2.41259167023462,0.895589223076356,0.973364076659297,0.128053546808294,0.11980469870101,-7.76347540992193
13.4757009345794,8.030173564753,1.19158878504673,0.797596795727634,-0.548331108144188,-1.86341789052069,-2.07543391188251,-1.96835781041389,-7.02229639519359
12.5223509631694,6.339226464081,1.38167133170519,-0.65779070443208,-2.02378426302978,-3.09014314077153,-3.09865779340749,-1.22975911642233,-3.26800477361161
11.9699652650276,6.13628512597887,2.17222779831411,-2.10871475161911,-2.8610791505844,-3.97983358765753,-3.87075979012135,-0.628194352642939,-3.86450368702076
12.2964829983097,6.85561654019062,1.89429189241985,-1.57957138322378,-2.59739378861092,-3.48173128837352,-1.60588852925137,0.255032136762342,-1.29130367544718
8.67825963517638,1.97274469444248,-3.24210376889773,-7.34175597984243,-8.30534459507417,-8.4169210022003,-5.03243665270779,-4.64362268436369,3.32358577613741
7.59445321171793,1.01105250838954,-5.86039979724384,-8.34961940140982,-9.52925245870566,-7.55266706203161,-5.58283063111445,-1.15550909459035,2.18350581488018
10.0009640628122,2.84440445369075,-3.3292302447462,-3.87748857445848,-6.82165257132318,-3.37841142009247,-2.99572039942938,2.69909643562226,-0.69831680221763
9.51027562469319,1.68306060404574,-5.23889218198048,-6.02277373254091,-7.91676510574125,-4.0198509762091,0.341931367569855,-1.25256943668328,1.02621851069579
10.5146342368442,4.33605490604596,-2.55922203608087,-2.9394909316794,-4.96122411677155,-1.30819646447502,4.29331416642503,2.85524632271595,-2.16809616803845
9.65607538781336,4.83731141712108,-2.62288370201535,-3.9897618095713,-2.9039805567806,3.21667676472083,1.66817107065478,3.02254682543256E-02,-6.72489190960387
7.46912981707652,1.96343778676212,-4.93065714458361,-5.83157323755039,-3.97577883360104,2.13684762278162,0.66637718185127,-2.28411950944971,-1.40105029587877
6.38701716421165,1.96279000398186,-4.23610886379082,-6.2122655380507,-3.45549531955488,-0.703227558415873,-2.38067432741027,-0.124661788066526,-3.5855037757326
6.5056201960172,0.802104965405019,-3.64027944844081,-5.9090826344555,-3.22648402721667,1.01579424215224,-1.92432374905653,0.475829726334899,-5.98371984579645
6.19118458925615,-0.349784440070963,-4.6146260467194,-6.24302011471244,1.04190810923951,-2.21614430785526,3.62427251157861E-02,-0.316632179887535,-4.3343770676264
1.86311983090666,-5.56181554391935,-8.32961416377603,-12.3788692251607,-2.57587474131519,-7.20973906895562,-4.68512258530155,-4.8536267426703,2.62109395137831
4.38829654565953,-2.76053640119776,-5.10091371773803,-8.7118874520943,-2.00701500344194,-1.42095864112456,-1.77897750837681,3.23870252366246,0.752238686846081
1.36973906952308,-4.38430330978928,-7.66359231801997,-11.573317377853,-3.15612048333431,-3.71884303309789,-3.88579183935556,-2.3931761134785,1.64745198762478
-0.346147544646192,-6.53450304591966,-9.79341366418923,-13.6192079119439,-8.37858770610227,-6.36455711285543,-1.12080906775496,-2.06288446357557,3.32429735325222
-2.34944465001871E-03,-5.2621686548842,-8.62114030296088,-12.1482440838047,-6.87961445613294,-4.53075716727459,-3.02887467474876,1.41289727640629,2.62447651436392
2.2350762871209,-3.47461641141938,-6.56657719854746,-7.50527479152014,-2.13847942472477,2.55414734968639,1.64630908125333,2.25316128661854,3.38777970748231
3.32203073345244,-1.92511992214079,-4.87567847427633,-4.66589429876492,-0.53839418206097,0.746622305023075,5.02562535630067,1.44387530643625,1.2649292632657
0.847200906207785,-4.51237493341986,-7.46716934973274,-5.56373101478904,-2.52566655516138,1.62075089479405,2.22776079675075,-1.49139518957574,1.06040093090165
-0.380130573482539,-4.59371292573687,-8.96687227641561,-6.26386568431431,-2.61752406268334,3.2173432952434,-0.432602142973498,-0.406510510891452,-1.55670461245277
0.994441145538965,-3.7568412542836,-8.31896520886841,-0.796268341715728,2.85740858653428,2.55735922218964,-1.14925917711783,0.740608254576936,-2.25988538886942
3.98201892788274,-0.345821885763548,-6.34515828535651,3.31939032059675,2.59248410066179,3.27676995972584,3.30189792492986,2.97481789166654,-6.0148851957413
1.89450715853261,-1.70578284271064,-6.7622255220651,1.92775392919571E-02,4.27723895348107,1.24912866919324,3.09418474867257,-0.62218956526355,-3.74570969981519
0.722104231334748,-2.53354453307573,-8.74253283422005,-0.419368815837146,4.62058629237905,1.04927441523479,0.714574913164221,-1.69679577789933,-2.44532365413437
-1.48819024468816,-5.39470794101712,-11.6152933768725,-6.55035070507095,0.277928277518274,-1.58132111112738,-5.47700282614107,-3.07580793955279,-2.7262743260459
-1.74325236315513,-3.03414918363732,-10.1355456300844,-6.55432438723392,-1.99373143548957,-2.3121370359147,-4.79701825964623,2.64972016905433E-02,-4.44962677007895
-1.94435048235786,-4.40673159159629,-10.0932514213715,-5.11413069970325,-4.42105978401358,-6.3998274708377,-3.97762438569721,-0.901642129021679,-2.86874046325853
1.88899128503944,-1.14970720344825,-7.83417628747035,-3.14609350622963,-1.08614096321721,-3.8914729807197,0.890362748441676,1.74995827558432,-5.2696122894731
5.40409085746074,-2.39667279256504,-8.45577848906804,-3.99285279495326,-1.0203843879878,-2.50661859147052,0.525846728275155,-0.341196035543793,-2.74762560761437
-0.347136500213754,-5.9895347226822,-13.0206294822156,-7.16176018979605,-5.20749911183637,-2.80268315740669,-1.91105718569544,-3.37351646565065,0.874916452403459
-0.843578021008255,-8.74618505399144,-14.7250787502911,-4.01703089953056,-10.3596467574491,-4.65683871204971,-5.56905511907534,-1.77663108093201,5.91960116194982
4.09936036838887,-6.67446309571967,-14.9951487759404,-6.70244507775646,-8.86496564603402,-2.9534677887847,-4.43088602512905,0.740610068038795,4.81685488604946
1.75676193248409,-8.78917171593372,-15.5982136701724,-4.97981569856066,-7.84085425172542,-5.5627475162202,-1.7705500700897,-0.740116586363524,6.45989566975878
2.31329941272831,-7.92098036338371,-11.3260181422329,-0.532467649146337,-2.25744720993541,-2.82525298202847,2.26673095409937,2.26089117954461,5.74678737530584
2.19637548798396,-8.58016069147476,-11.8393562790253,-1.62780702696895,-1.93805737616847,0.867328056540476,1.87105285149768,0.338753387533873,1.4053042512804
3.44696405350244,-5.34142012604635,-8.34605031149967,-0.777772795454585,2.07512154056005,5.58876836488349,5.58312708926089,3.07073436390278,-1.077338995824
1.41431141547211,-5.10098079043584,-9.81704486100633,-2.56470895479079,2.82920318031429E-02,4.59549648888631,3.10573965527247,-0.303667808020433,-4.04982299344204
2.56655264562866,-6.00430852740174,-8.37615717922408,-0.234277976287266,1.1798802994959,6.06791471015295,3.56842197665567,0.814648417544378,-3.83176884189259
3.99935996646905,-4.44186102493157,-6.89055568220919,1.77057063520496,5.9360277989785,5.43447939927472,2.10701303997519,1.60178303146501,-5.06773452202098
0.52904913902587,-8.28068595378214,-11.301784639474,-2.84965438890042,3.94763370079806,1.38582913552341,-1.4302722064513,-3.9280610900914,-0.459882770363241
1.12592029361662,-8.26220782733939,-10.5900845902454,-5.32662655270988,3.84845405294751,-1.08907199309825,-1.61079713694554,0.638118981992591,-1.03643156378631
-4.28426481906833,-11.746987496352,-15.367586685558,-8.2458450962988,1.29920599037995,-4.22075614635421,-6.78726257963155,-3.4110205692494,-0.276867570808396
-4.58434713904776,-10.0201414389906,-14.1395595219925,-5.33329143435178,6.58412567300185E-02,-3.98444350670534,-1.68299230555132,1.03954366023516,-3.50679511697297
-2.9251637769531,-9.63554407360118,-14.0390260491868,-1.86240349390834,4.77309881507795E-02,-5.33826354665108,-2.00783384843026,0.320692576638068,-3.17291743732324
-1.33738224353781,-8.98615603877018,-12.7783132957617,-0.989804788910636,-2.20832175234626,-0.462007463083756,2.22783694758691,0.882914742251584,-6.22401670027617
0.257536602555867,-9.43089286743292,-12.8466881502134,-2.80734104908804E-02,-1.83851287756889,-1.0472859661021,1.25931409270432,5.92496716149779E-02,-7.75387597758265
-3.27644140373861,-13.8534577920109,-13.5715758700583,-4.48054271746909,-5.36849351626091,-0.277636255564862,-1.65702293872897,-2.62336693475018,-8.31544088212816
-6.71314855335982,-14.7689578328854,-14.7419743532882,-6.49200808263768,-9.51772457931359,-3.63424048483419,-4.89377968764296,-2.27297046239448,-8.51437335520959
-6.49308636498077,-12.4047988760722,-13.2680789707187,-2.33227348910578,-4.67825717243418,-3.27689046633145,-4.25863280094646,0.664405254855567,-3.52382800946466
-9.24519586250605,-13.4027119787734,-16.2171664062734,-2.90069163183808,-7.81778882763122,-6.63711163697763,-3.97274462909331,-2.34196283444507,-0.861899078822698
-11.584462430264,-15.8378969725413,-12.8349449560241,-5.3253224713648,-5.92773886426652,-8.40563878401908,-3.2867812768793,-1.59822142206149,0.674014406096897
-17.4416527744701,-20.2814492868672,-15.1734209203249,-7.95146331137043,-10.5213542907041,-9.0696197507343,-7.35889497499405,-3.25193167685426,4.68696250429996
-20.879757939434,-24.9654622966937,-21.3220100519549,-13.2046750913236,-13.6437065100392,-9.30678803597006,-7.51981150465729,-2.49535965826744,7.82323476315186
-12.514270841816,-18.0865655293105,-12.8681078819755,-6.99802164218069,-8.0026889060272,-3.65253713612347,0.312641211476724,5.80286358911472,-1.8464672980167
-11.9695307157737,-18.2989043143616,-15.713785919883,-9.93957031312119,-7.62797576451505,-0.869392363595886,3.84428223844282,0.405992080530505,2.13682553313296
-11.8642476775063,-18.73236949248,-15.8045716413137,-9.65956911954457,-4.92723462953858,0.669501867063799,6.14007035497282,-4.82079528803018E-02,3.22945553651632
-10.900384836555,-18.0029573646595,-12.4191938021725,-9.77968265202308,-1.87094389222049,4.47712149839809,1.06146010401329,0.706007620901232,3.50539339901042
-7.92360164568684,-17.3889735209177,-11.7336150558021,-11.0245925478747,-2.05396431620204,7.25561126072376,1.14088167184677,0.485939816408759,3.77023897674374
-12.0184541403875,-20.516403589968,-16.1714491152782,-10.5428061550675,-3.18587698649614,-1.88120309803112,-2.24722756798702,-3.47706978703883,7.7078246271024
-6.70717941292328,-15.2350969300929,-10.8366146789419,-6.47985962224434,2.79447644048348,2.09212056668021,1.44348067081136,4.29011610436158,2.78279905397599
-2.99017454629523,-14.7793318691481,-4.63761414865333,-1.92686779948369,6.80753670095942,3.12842445960004,1.96324124378685,1.01075020228875,0.813624629137286
0.667902958706323,-12.2531803994292,-7.09021116173294,-1.99775635889099,9.95901920831521,3.38667704541466,6.17718659615224,0.970718194097856,1.79781283149034
-2.32006047852573,-11.7199868498596,-3.81338920627995,-1.56877538560363,5.1194647832272,3.63325652318166,2.69699076914686,0.739922644450796,1.02822583699584
1.3759375556945,-11.4273804021785,-1.40403024343975,-2.16011623727145,5.02406002773019,7.15623461321201,2.0040960951164,0.305847810129679,1.47275160324667
2.12969976065682,-11.6644954100645,-3.1617535674251,-2.52325264337869,4.78883267185747,2.70745599418305,0.750598357924066,-0.295997818644529,2.77532038658466
-0.612899477758891,-13.0895087019801,-6.51364309039542,-0.824333745092525,3.22700977214632,0.807058204811467,-0.911934493597343,-0.922789036605795,1.61702114648436
4.18013565949587,-11.3193515692001,-5.9902783358622,3.31727049735818,4.62948524957869,1.76606233619805,0.73017434224337,1.92814004953791,-0.163127245248621
3.14505680386771,-11.1760260086135,-4.44968628909389,2.65484602372926,7.81922933886777,1.01776095588854,1.0071139796298,-1.61954005062551E-02,0.509705243710783
2.35753782494473,-11.4155794863399,-3.25432205344983,5.58878908081476,4.40250355364704,1.45137643355239,2.64063883782718,0.742581994358809,1.02583185109661
2.79706571195691,-11.415836724587,-3.01034252521517,7.98011971211315,4.3681213805952,2.70037629281565,1.69457050589495,0.975148166217363,-1.28997834805537
3.21357162307935,-13.8929802416497,-8.36972923853698,9.03064778442591,1.42865524966112,1.59128965624112,-0.327224638586028,-2.07317495159331,-0.210928249792012
2.79962034973479,-15.0391364157891,-7.50635253410545,11.4046759456716,0.872084291970286,-0.163393785029046,-0.896413145991139,0.179462842931714,2.23990652914356
1.29323914032719,-14.026303421832,-5.02196925050913,6.56138335409657,1.21759628797996,0.507120424316115,-1.22431015061431,0.653333432797964,3.04794443905678
3.00455110005791,-12.7763773007807,-0.61481840536173,7.35292167658459,2.73994198047256,1.01541539653798,2.07090522544077,1.24967402690585,1.29873574005838
0.609667781081036,-13.8154034065542,-1.99818129963909,6.14923795260329,2.3301165132916,-1.30683625276052,0.572338134921286,-1.34804818212089,3.92513763440539
6.70909225227969E-02,-13.4252705121073,-2.06670194593828,4.56565035226503,-0.555573144935998,-0.211374097476333,-1.05174443936866,-0.96942613892495,5.89088452973787
1.94964387014516,-9.47809239546351,-1.21241320757766,6.56647928659456,2.04688369852127,2.1908338976279,0.301707866290829,2.57230192526047,2.78661145637942
1.30986094943564,-7.57828471486237,0.576529932646474,10.9993861157925,2.72758598722426,2.95779256505146,3.03684463517325,1.43234822292105,-2.69298260854542E-02
0.615371637345254,-8.32169784976263,3.38301684818022,6.58641091873779,1.32222726426511,1.28208484594621,3.53035115889417,-0.455529181792791,0.547013171367397
2.65906700613222,-7.87231535813424,6.2213001224145,6.77748147977862,4.49930746728429,3.77688952235357,2.18463899217812,1.21322536336415,-0.729601894263756
5.06540879786774,-6.61406246440531,6.37657470897784,6.71557851333804,5.19340729434814,5.5631649087637,1.6612752579903,0.904959336628932,-0.126005193976815
4.98483770196152,-8.06088355755242,6.72042780259573,5.67235717286735,4.21671939888133,2.71106461911336,1.74487897313657,-0.370125842786555,0.260945864451059
5.7339775060898,-9.27620355163955,3.2822687393736,4.11355282709001,1.70326344174784,-0.026937080194303,-0.796236918861466,-1.34164038129003,1.70080145054729
5.77437427041008,-7.54506280078632,3.06793015609427,4.50924545032425,3.12506780575514,0.544037216137982,-1.59681649267409,0.117891606262294,2.05478560362672
3.75630682656988,-8.47018025293884,-6.00650149511177E-02,5.32827339857987,4.0003299957448,-0.734964207040484,-1.28003612584995,-5.71703154354036E-02,2.27856272379645
5.10815191591336,-6.78078940278017,1.74306132719002,4.91869182727056,2.94753709012684,-0.126164167380652,1.56372288361392,1.50384836350106,0.67957580328084
5.84830413290992,-7.88425685730086,0.953123485578429,4.95048375969942,1.5541884980929,0.260266709236763,1.46453474118714,1.72465891662918E-02,0.274805156302556
4.84818623779267,-7.24322954195277,-0.565474579988096,4.32856479675098,2.09187146311385,1.67235796207006,1.61254951996605,9.31302884190915E-02,0.971317579979552
5.82125473765376,-6.99585269263151,3.68481030958814,3.83505452731186,1.3496466426087,2.01341425732583,0.574188043395069,0.464339676663107,0.853982463948475
5.987736694115,-7.02713182134008,3.22304471309439,5.94061367473229,0.609769040600787,2.22780088330896,0.717883115100445,0.161746580043322,0.801091329505952
4.15188167094759,-7.09042611938819,6.358657328874,5.7145365417128,0.916410141681089,0.674988743107809,0.56525174375632,-6.04615467394593E-02,0.77396443671644
3.03177184314216,-8.44913264232796,5.0094098783823,4.72782424280329,1.85041989094776,0.274052047146046,-0.284570642316599,-0.386345157750503,0.886547001063229
3.88047324426744,-7.57365706573322,5.44930422261492,4.27691192461037,2.50330365566952,0.961973759736442,0.338756922868637,0.782300021295713,0.859444083247886
3.12307197175716,-7.44888221794044,4.93954687207941,5.87933547234672,2.89863016008871,0.846751355856217,0.746124970662351,0.348538317431275,0.497510340204311
2.24154244849942,-7.09033274277643,4.98721084004144,6.88494809931464,1.52388947695003,0.794724857578463,1.23623866734427,0.109360654310831,0.471275630964644
2.31052409723197,-7.31249121820992,7.33511310945623,4.34298159336799,1.42082338063791,0.768020233244343,0.370521287059153,-8.73963748770585E-02,-6.36504145004882E-02
1.87614564503426,-5.52967018103482,9.14599867841347,2.68670932000287,1.05825547760981,0.878756412442073,-0.252200413383255,-0.274320784836418,-0.995416715392533
3.67793365652577,-3.45993956571774,9.22944192673775,3.85999158226794,1.34781593412355,0.85212058331247,0.396416451212803,0.755638272435283,-1.90000237710041
3.08859251303694,-2.82470706197742,11.2974298088474,2.66920063824759,1.17776537828476,0.495047428060793,0.473091934782395,-1.03484490611549E-02,0.184454112319836
3.56528555399837,-3.0017647576637,12.7654996164482,1.8621476947067,1.31972574296577,0.469065041729598,0.828024854718389,8.32775587938173E-02,0.62164741455317
3.4618072202765,0.955645507116378,14.9864955493661,1.61476955263081,1.08696416294199,-6.36909540567446E-02,-0.549738698370601,-0.623130923575069,2.03178361385003
1.72693997905187,0.894422560225881,16.0459549615192,1.73476706589554,-0.907230520515506,-1.005424882736,-1.76394075322191,-1.21803702354388,3.07576050821987
1.73995715318094,-2.01719289193223,10.7319451115998,1.46186618850034,-1.42167056982279,-1.9368016545771,-2.01120631042706,-0.159499635816299,4.15212188679945
2.93675897052214,1.33095664166209,12.2238631382939,3.55722066660897,0.569512647926725,0.184114505542984,0.719568063740751,2.07048556536694,2.26492946697524
3.49354559189477,-1.04356447742624,12.7200997600427,2.59134487202275,1.17034749377888,0.617806834340559,2.42179168147884,0.517408016352639,2.05519018841095
4.07965848052495,-0.29833346653843,12.7741843025611,3.3223186504579,2.1971949764227,1.99132421475599,3.32493681944831,0.767536909292844,1.70553039969795
4.36931607163321,1.75231015834577,12.179190695581,3.04555702670575,1.26245856349778,2.98398041698134,1.0905687000294,-0.192875613867706,3.45519335193518
4.52470853251475,2.73382062928785,15.8732939281428,3.44615224600006,2.13713170539442,3.98659365894849,1.446696929926,0.87559993923626,0.260982976574494
4.89402534437669,2.52611147813078,12.3338174353151,3.5443635787876,2.31345239330192,2.21476656638839,0.945909793237498,0.263298700022385,-0.127213265122268
3.6105577689243,3.13785840245575,11.7158415518255,3.90432804301917,3.22222040798554,2.01380271264668,1.44599198833082,0.312955826965363,0.025444669409791
3.21349456356062,8.0154455847983,11.2305659993903,4.68231548284389,4.79449920401043,1.67692985130238,0.999356433966741,0.426379432984456,-0.983097923652751
4.35751013909816,6.36411072869388,11.9117554819191,5.37335502390812,6.37345244466035,3.33979691109489,2.2285330703418,1.50161411506593,-2.30606931286341
1.58311561739872,6.46541251368404,9.62481879755286,2.87507882818323,2.2118300969416,0.26030362841692,-0.316950721124306,-2.28240008954336,0.71948632689331
2.24314469397127,8.24194747545429,9.7794712558221,2.64782095296407,1.58098445255954,-0.127375303404689,-0.871810150663663,-0.124368590234201,2.20665412958387
2.7006658822089,7.35980084748644,11.0201805159737,3.18521591859777,1.2810240574604,2.54381967447255E-02,-1.93330295259926,0.465097297701715,2.01995606129654
1.91169085642273,4.66722950552735,8.73745756473216,2.8825194747263,0.891876100648716,-0.992858696886649,-0.244520188993455,-0.587833649645125,3.2399267123597
1.52025757908987,3.43283969471906,8.90530252838957,2.30722890743355,0.18414118219186,-2.36050417527837,4.79477410603447E-02,0.167748792085763,3.00663755196045
2.35147592349403,5.60364396776157,8.94891696041482,3.08913274163581,0.711365173328355,0.714346700059767,0.374317128735559,0.790104583826304,2.71142751434182
2.65871668079621,7.23856108643269,9.27749444401358,4.30077476258354,1.72683534757342,2.1590121977637,2.27628295816497,1.33250071539175,1.62226780523158
3.25188942402569,6.81086025462555,11.3716125040669,5.1625144673611,1.58527609325248,1.97996170482851,2.3890480076377,0.282946914785246,0.918044066115166
3.89080407211693,4.53070058595329,11.7457060796796,6.8666939696248,0.685224725876973,3.13824972133754,2.20279205881534,0.600797617485556,0.881646978052922
4.14464689008921,5.06566479722355,11.1134834634517,6.96074699923216,2.84474515852249,2.91887748538903,0.824208249508985,-0.058351026513918,0.720369945508106
3.93384739617145,7.12101060320577,10.4431548891387,5.47339698423505,3.45541006275367,2.63984989787355,1.04501480437639,0.504958542468246,0.650627272775246
5.02977733448776,10.1403469066047,11.8773800156321,5.24307410516676,3.27103295639062,1.59637040214533,0.720682549666167,0.275009408216592,0.386592172890127
4.901638239596,9.74540496188804,12.3631001692544,4.11588044642987,3.43925935027991,0.909692686387898,0.368897891124915,-0.412896099486159,1.13946110782996
7.53229656742635,11.0572305816601,10.5574598403204,4.84110207068523,3.82343010369848,0.873941895739199,0.428956748284497,0.564935380589083,0.90954596274843
6.93479431565171,9.27518370904648,9.0593807151914,3.79070664617921,2.84559750042463,0.715217731922393,-6.38587260644914E-02,-0.218568010859926,1.24860267890647
8.632237174151,9.97791076473325,9.86648138801674,3.95731599404836,1.96286124420731,0.646421478340089,0.782103131165484,0.436016596422452,1.1187509422337
7.8320959691288,12.9267857891867,8.7711295667128,3.66805083679376,1.69718132628664,0.38510339331404,0.231088251331741,1.27144415083293E-02,2.38022209638858
8.02026982009815,14.7329820908118,8.24601259613336,3.57922487141937,1.43388467000141,1.12662366928683,0.781738872566364,0.334564380454956,1.69411592570868
7.5891322688498,14.3874532595903,8.89369746586258,2.44052640898249,1.8246987261611,0.901347790311331,0.684441041985655,0.338379735233164,1.77327125581976
8.78016364705087,15.1158949870737,10.2050529798224,4.72917089308843,1.44192506359139,1.23320485011158,0.788065105101361,0.117039372044756,1.78107915502775
7.9398560184819,13.4199953587805,10.3761073132914,5.14073396089189,1.4746891484918,1.10637337962453,0.761782280135195,0.308161415909005,1.62766789092875
7.72503395978087,14.2070311149691,11.5422285554066,5.88371607702757,3.10112653011058,2.32488467757733,1.66425331371924,1.24470118593572,-0.374485802186997
6.5311308114552,11.1900580776192,9.88822531187335,6.11761199628489,2.22136295493172,1.66589375431151,1.21640561070138,-0.337854763559476,-0.418271904999859
6.83542878780901,11.8271646633201,10.2475143662721,6.35096687697968,2.84037702829247,1.74237423435317,1.32315541159434,0.41589270454348,-1.18793591337764
7.4450469419984,11.2138224636755,10.2758768724414,5.7228607787721,2.53658000582623,1.7499118400139,0.204045648985269,0.124701661496321,0.243398222490242
6.03122321100543,9.91077989141527,9.99943870678042,4.6003082010042,2.67787892394987,1.60159917540924,0.696896558762299,0.157672368045063,-0.573412050455155
5.21290349111864,12.6743567402518,9.18657938227531,3.62168539065933,1.62861468156362,-0.375893469862982,-0.455698545003123,-0.739963965631127,-1.81598311884917
5.08201268084394,11.7778336784123,8.8947799557525,2.668782290679,0.917587414617157,-0.420028767326503,-0.965317956358804,-0.381973335397353,-1.73248966375769
4.14509985681106,14.3809084859517,8.91888462803241,2.37556414631684,0.444584842686361,-1.20221748665857,-1.48859537600691,-0.359784879972449,-1.82947827955765
5.80698035746832,14.8232223132838,9.62434343266974,3.40172297542739,1.68550281490696,0.242807233998612,0.819171702314502,1.55077985095076,-3.30370787676863
5.66749934886562,13.98303073226,8.70736673556502,2.49355601487794,-0.213238492242197,-0.576719026852395,0.541949092196777,-0.66255329358526,-6.02969686005679
3.79468989483191,11.4682303357918,6.76596663678068,0.937939700136776,-1.88818282363566,-1.84957101627586,-1.0982768662919,-2.01488190676885,-3.11865604732891
3.22636543245532,11.1529297477535,6.57101036422472,0.079553137163529,-2.61724570235837,-1.76303404637974,-2.99545129339485,-0.296683316814454,-1.50048243857934
2.32765157759388,13.0268042596683,6.39899772509974,-0.160100227490031,-3.21690679502819,-1.86357192311497,-2.78711549240052,-0.458936401701232,-3.44202301275879E-02
1.02734715344169,15.0021155917132,5.73331944907619,-0.548603907188133,-3.32839914954532,-3.41658175740424,-0.706778988549441,4.98251506288085E-02,-1.09206712423202
-1.04613107631896,11.368039616992,2.36615133811115,-4.16418059209763,-6.24415459583595,-6.41659828539362,-4.00620961124393,-3.58267807917117,0.717764430724191
1.41990953649614,14.3059601074322,3.31118580684907,-3.4160240371365,-4.72812312547623,-3.21904705291088,-2.44356839073316,1.0504088150578,0.663885391278977
4.13354213174291,16.7935228067837,5.20814313797354,-2.36524172858428,-2.94285809482558,-1.52333988604938,-1.10991903508479,1.35101456035718,-1.10072302002466
4.59305500953809,20.2315524515378,7.29880978451586,-1.44561973789402,-3.50376114425326,-3.44320817293569E-02,3.3773782542275,1.0143612123259,-3.59109462358215
3.07569086101753,21.3805759307433,6.50334236001536,-2.79609471619258,-3.87023433835131,-1.10412490937779,1.35666766173398,-1.01896669367564,-2.70160774446672
6.16806973307872E-02,15.1006547643255,2.88313202380467,-5.88352515352394,-3.57138015643851,0.712649287621832,-1.71553675762875,-1.72136592243145,-1.33284531023357
0.745267090948631,15.6048433637274,3.35175586698198,-4.4744209517623,-2.23499601396855,0.659507020515316,-1.73291710396697,0.997447329358942,-3.14265697850765
-0.247013068918397,15.3003910703361,2.20573372179833,-5.33995628421192,-2.18430705624567,-1.11297377861269,-1.11876841143511,-0.409128029043247,-2.36178453129506
-2.11715218947088,13.382312091112,0.888350052614079,-7.09845332399188,-3.81229705265375,-3.72485779146762,-0.941032549572855,-1.54257087848405,-2.46266726692785
-2.30901141767658,12.8762518901624,-8.25918783283259E-02,-7.36998969998466,-0.317355525848657,-2.77662115666981,-2.05534614626022,-9.54668975038934E-02,-4.42325392825053
-2.5909611754264,15.5426070087025,-0.658113481296657,-6.9119776653596,-1.69680615741415,-1.35085005179724,-1.95483060791,-0.310233870723979,-1.53372041580682
-2.65267720310496,11.0046474505533,-1.83487001272021,-7.41305775642039,-3.96834634453211,-3.24462439343427,-1.26190614754894,-0.852448294687723,5.59800245536142E-02
-2.14991580865101,10.4500786706048,-1.86808181742899,-6.60639854252354,-4.62003478068845,-2.41891406961659,-0.766831368868529,0.393905098407265,0.421370800783955
-4.47827990056061,8.08239664644582,-5.12502875998182,-10.0697815363723,-5.27107335057997,-2.52484581843894,-2.11028120247588,-1.64759622669038,4.05908562898782
-5.39751964024178,5.40740783202113,-4.98766125634492,-11.6948647324026,-5.71336854867139,-4.62796036698089,-3.42274742692052,-2.14874706578656,7.50800370305616
-2.89587330379879,7.61586493180312,-2.09592911710329,-6.60550458715596,-3.96651201730213,-1.55760979523494,-1.09742909966163,2.63341123940419,4.84319949768026
-2.16925867966597,8.57926297275963,-1.80379177110886,-5.49308257973384,-2.76641415889986,5.59487044551228E-02,1.28709717625226,0.749906521347749,3.48142198340928
-1.31240954764545,10.100289584974,-0.443379746644062,-4.21691797474687,-0.439806320291702,0.41960271745331,4.09445940244065,0.756329431426644,3.2263916777649
0.270449180226207,10.0798269988095,1.30532849598707,-2.28169587544777,1.56836256907846,3.90075081330243,3.37778353010331,1.90581735377745,0.833458041953324
1.03080140710457,11.1087413505591,1.64171086640371,2.37005677205733,2.97989983910807,6.98366953570614,3.7461026695797,1.12824299880165,0.327782317350337
1.33100873719864,10.5857849171863,0.471529242665215,1.49018146489483,3.95256759184706,4.6194693798785,3.16641934560844,0.158640377436335,1.61767935212972
-0.175448222700132,9.20306893870554,-0.366018984809213,-0.414330814248377,3.03641855441906,3.36429662124998,0.736052803089816,-0.556188263571146,2.61566400661644
-0.645081404080587,11.5018879781857,-0.456549872980875,-0.924816394787157,5.09567708915838,3.12554921791369,0.116500769570798,0.511138805008339,3.02728914026426
-1.21859419102006,10.9685510709162,-0.82175552973549,-0.328515023846428,6.69986134713889,0.826568936678291,-0.464493769980662,-0.422109047734298,3.33823142058347
-1.7758539138938,10.9475561082678,-0.695141977965909,1.99056137497809,4.78003114321095,0.326711415102865,0.720518911794567,0.629905985767669,2.61076832320913
-0.095214396102371,11.1065563035335,0.467035125861119,2.41480472535819,5.42866123582262,1.59192707651203,1.63344422034208,1.42598947009979,-0.574429630405737
0.172019395545488,12.6588799307227,1.2943840036308,3.22233148228813,5.10984983841392,2.54899096735152,2.46004689778214,0.421767039570984,-0.530664837357547
1.49559643579455,14.2834435032082,1.63555417708596,5.55850634203707,4.14523038750073,2.93833717797119,2.73363444278597,0.9086268504339,-1.04677535037897
2.65915189719464,11.9148170862672,1.73235620628352,5.53541438622913,2.93513335869309,3.23039341267315,1.2082113865319,-0.119941310271484,-0.746689645713813
3.49409945850199,10.5681456217904,1.22840546832717,5.75733327118148,2.70839645630854,2.54434146227771,0.71578216811559,-7.45822230163758E-02,0.584227413628346
2.12447013385953,9.43181488867871,-0.495024724891128,4.93549398409282,1.57082752643074,-0.57774838833754,-1.92991145406598,-1.73192790922528,2.74358035392028
2.35176116585049,8.74636982843957,-0.362918821824944,5.00390059066088,1.52575373178358,-0.533495912574319,-1.33380533758137,0.46557974577327,3.0239738824316
1.94826989506403,8.27381302198627,-0.309126883068546,6.90984125740331,2.32387146485919,-1.05784864928399,-0.861558955472411,0.391795796031109,2.40627918062439
2.38571672530689,8.77908818456877,-0.243121233413338,9.03459360949645,1.88435250884165,-0.752307044519214,1.03675236961727,0.182764594769694,1.49548889529101
2.65765035130676,11.1115402142598,0.703514612249529,7.74175027741519,1.70877455864597,0.580834022043885,1.81626489738857,1.2495912792509,0.755908106702497
3.26058806485277,11.368082853194,-0.139618606583233,7.42222256411045,1.69337241115821,2.67031803298025,1.83042685600436,0.406163219151203,1.32797936362634
5.38275243742118,12.0711048666975,0.932589603305803,7.40370261489063,1.5225848818164,2.93521378420375,2.37499825012185,0.736475987217616,0.49747444859749
4.42401132465281,10.5420019639601,0.310917832502265,5.40739418208716,1.43496614081849,2.34973792610919,0.933008557254535,-0.209021463277765,1.3000395342609
3.79499061752244,9.88865612866517,-0.525187553221964,3.64587280160394,0.806212343256105,1.47345356091033,-0.18020008245791,-0.712965543637835,2.32654618221144
3.29416905374569,10.2779403234503,-0.155617961736894,3.99917719238621,3.0065696843945,0.750237004367005,-0.393899980324165,0.524731501521679,1.28046240765774
4.71101045119822,10.732343042235,1.54288027937343,5.45474099754536,3.49659640154869,1.31057519548549,0.785737783738637,0.968443960826985,-0.185236733557702
4.40723940644161,10.5127659628355,1.83530502306002,4.88933464019511,3.03579433642573,0.495011890922631,1.4055095874521,-8.38316377054938E-02,9.30759119539909E-02
4.78457153504112,11.0899330751683,2.75932742810238,5.84308166440898,3.42643556030033,1.28335540660989,1.46514520523112,0.584899864538904,-1.3639270625085
5.06895378771999,11.6954711538824,1.5212886268613,5.52797627191402,2.49518948955244,2.27364869529418,0.79742134046616,0.297354187874131,-0.775832095926541
3.75308436397766,10.551804699839,1.67766693410436,3.67953899796647,1.60538306665254,1.26427385619926,0.382234063488702,-0.50270717590841,0.34665980411451
3.30989914764805,9.80293480851236,3.15144585460834,2.80170774621107,0.393851505179529,-0.185580496808109,-0.690602832384298,-0.485754415142554,1.54447593791673
3.27271945172967,9.87977171428101,3.62569947609667,2.10118001601694,0.79490089358348,9.29893612579799E-02,-0.794521345170185,0.194455303746268,0.32565253860956
2.63717469272103,9.16284828140754,3.21829251171042,1.35445251375257,0.626810808051152,-1.38278727233277,-1.17653065131655,-0.883610511940171,2.32357783762397
3.38628635618434,10.2160372012063,4.03017285000101,2.30357034428319,0.989991296779811,-0.781898314004093,0.20695448013439,0.888285060821344,1.0620964640638
5.84017217797088,10.0947129696677,7.92539122214177,4.56367165500041,0.643153109662895,0.345462225440508,0.633975983586777,0.621530292058901,-2.62742376699672E-02
7.63475894439867,10.7329039023294,7.59893141587397,4.78803085911168,1.42086735076025,1.52098469527876,2.19334381943925,0.699573065687963,-2.02007340274138
7.27691626722759,9.74896183670098,5.37991165050625,3.44040948968898,-0.16860301619068,0.324595485171885,0.312111043434508,-1.01804947622093,-1.62322963680363
8.04956997361839,11.282096058975,5.44858081938891,4.31435895197051,0.623928052438889,2.27081371344464,0.778226133379894,1.08619861668091,-4.04330824066509
11.8233889258838,12.0439399780701,6.07579345807026,2.7655249415452,0.776059320973128,1.05093452562748,-0.269367686892614,-0.348851181863242,-7.177171839561
12.4293458510375,11.7797363586408,7.24014048465446,1.91952940407195,0.801134741784628,-2.62811428398994E-02,0.284188434536696,-0.46036011453045,-5.42158599780949
8.81117829777366,8.72441322090821,5.06779397562423,-0.113520827440696,-0.705205140161915,-2.06172169432702,-2.14262598773313,-1.32109703673693,-3.78249868132372
9.38938489838036,7.68950731622902,4.87735782544881,-0.514667709248003,-0.432628522717804,-1.65001313908847,-2.40900380072169,-0.610551008505158,-0.978317299372525
5.41246360232945,5.66529742096507,5.00298980865224,-1.20879263727121,-2.75998336106489,-4.21368032445923,-3.37549396838602,-1.40845985856904,-0.604851289517468
1.8482433866572,2.32857630240746,1.54712508208946,-5.54459531075328,-7.26661982903817,-7.7321193307703,-5.84018479736882,-3.73680668960003,1.96866373864065
5.38775108624549,2.84963277722527,3.23001813511458,-5.07995936883419,-6.50524110129606,-5.73237144543778,-3.72049055219031,1.40440773693979,2.74991623810714
5.8881870787484,2.98759252638409,4.43649942398602,-4.56679775950423,-5.00496563778652,-3.93119612283002,-1.86575563765411,0.40493120936453,-0.817939856195123
7.55511771780091,4.86159565971031,6.20635017210735,-2.82737613643277,-3.78157189219698,-0.987982907067207,4.00190036544494,2.23862531602638,-3.10608777151082
6.90009638686576,3.4725428215326,6.778599238583,-4.19367874793854,-4.4833624760831,-0.608532003185864,1.63413010526702,-1.02742906018228,-0.551379953886022
10.2163804868759,0.90469313697485,7.71865511367844,-4.83225949788935,-5.16803144274817,1.93065562150211,0.129336337956653,-1.11866675130394,2.08472191364881
9.20996616266505,5.20292696182138,7.26435175300686,-2.07824641084866,-1.56091690766872,2.67631968841184,4.29598286782698E-02,2.15407309640728,-0.824000569347119
8.5142714478921,2.31197589360932,3.59446364749344,-5.52727389244245,-4.15239788895519,-0.824685285836154,-2.08461001344436,-3.17778196106075,3.24547103988849
10.3006189803725,1.78679980600918,2.79175779470373,-4.6762210266283,-2.77772953243134,-3.20565833298819,-1.02593358085423,-0.070007708864122,2.97318998675999
10.441590140069,3.89157968519656,2.45682926733043,-3.95851717031974,2.47787052002141,-0.554437008407306,-1.63122311486814,1.56783634113656,-1.82953692148062
9.74464071964887,5.1669058932652,2.81618069985438,-3.04741868454735,2.56499277138401,2.04214879030795,2.96904390542172,1.49248897571289,-1.86933564096318
7.76700802534292,3.72758977463543,1.96517176008256,-4.51603307208457,1.46872516951597,-0.830846751308302,2.34301915200921,-0.715639828977078,-1.28436799935286
9.93027484023473,3.2948758731809,3.37414427625233,-2.54292519804169,0.10849296929352,3.14345124023369,1.66955032961691,0.889021649455208,-1.87916547052846
9.99477127914234,2.69596999259156,2.55273158497709,-4.01586521058251,0.793520018994657,2.88734377088082,-0.154266727041302,-0.334612185903731,-0.066429406429898
6.37830727167752,-1.07140130127436,-0.189149617079191,-7.02063900956331,-1.29524620930504,-1.86363277110887,-2.67220719652673,-3.24769356690365,3.02759950113798
4.90942598171358,0.454784277797296,0.640262335941027,-4.98282512785445,-2.02151281448761,-1.90494546549051,-2.08844333084269,1.45253741904313,0.455312329208369
5.38512271296836,-0.169309400042035,-0.916861286566401,-3.73709858406588,1.00316810797736,-1.30107863701308,-1.86887971631094,-0.118820570365181,2.02510431494456
7.23190869674086,-0.156037902449955,-1.0522015313855,-2.81039549809565,1.35755610906838,-1.91515439054285,1.61981575930099,0.288222037717944,3.61944675074791
11.3369885138355,1.73740085766479,-0.464016639164092,0.123469452670695,1.27494219266688,-6.64735644241778E-02,1.65262109678785,1.48539853628328,1.95045382489149
11.1830711220908,1.03380574697699,-0.491223507996356,3.57963853855156,-0.368222597841629,2.9386295670264,1.62488623065922,-0.147054999349895,1.83851254713301
11.0340876087948,0.192128008242316,-1.49168606125756,1.15894453125103,-0.722254126744035,0.453248632303523,0.28398674816119,-1.07089681201549,2.69701991324014
10.7367943776921,1.18016646694951,1.65443534022088,2.16795673154776,-0.180976131100823,1.98490786021958,0.219451371571067,1.42164070343621,2.18065226544029
12.6615572067042,2.96876073126496,2.99508810130059,1.75146962686358,1.97277215759792,3.49301879545287,2.18173770817064,1.82243905913356,0.696975786450691
15.4041876895883,2.5190575278827,2.489512947403,2.62679336876984,4.93534576073475,1.9131389333897,3.09492215257738,-0.127347329653844,0.514610559131184
16.6671773658138,1.93657116592615,2.05977733517185,3.45641182779224,3.28609366222357,1.80532148511312,1.44464021245084,-0.25713702058118,0.255477248352998
15.855677860044,1.59979730611638,0.596309026275979,1.10803430440424,3.18257549195495,2.62619101851117,-0.611664623519147,-0.225983206095147,0.947568313213238
17.245213360752,2.20714084674894,1.11263530766091,5.03893462887222,3.79939094120123,2.13411464606381,0.444242720834527,0.92347716283068,1.24245966443506E-02
15.6491953105462,1.34679071506339,0.753409604740993,5.46206175306353,2.71593742342756,0.692151656995913,1.07283506834367,0.375883819565665,-0.196404347924937
15.1009445137749,1.37515124256457,0.654381441666293,3.65946825964944,2.55861243261391,0.511975877206873,0.990884270139809,-0.309009939249588,-0.879265673797498
11.9591310183752,0.451963155260611,0.848401955577968,1.69489366958679,3.09331784764167,0.254826225324457,-0.447887973246431,-0.516274621421958,-0.430441100248206
12.6304541000584,0.787319728374056,0.785038009631392,2.84352860197825,2.14912553129187,0.938673738304609,-0.361905945018186,0.461160710324398,-2.26587347362523
11.9102852738649,0.627744480614972,-0.188120518827254,1.96918068696949,0.329844737189049,1.24230531301083E-02,-5.56502073889204E-02,-2.91561451012052E-03,-1.07776324196052
10.6261998863549,1.52281951304704,6.34033554422507E-02,2.45969584106892,0.623276498109922,-0.196790853717957,0.624921694957726,0.167430417664853,-1.6426657757293
13.1441608988247,0.916463753666811,-1.52986815448229,4.58308568360911,-0.113120003067654,-0.887065334790468,-0.833892542388043,-1.00005751864562,-1.8146493599453
12.531127655683,1.20929423516455,-1.8970123845543,3.11551541770211,4.94972891600923E-02,-0.432301905325885,-0.894660304069403,-6.31825861630202E-02,-0.884556206282189
14.2252180274032,-1.75991304844073,-2.81503079102054,1.86782429144337,-2.30271178878449,-2.31840561138464,-2.48701692857625,-1.40816390057639,-0.335925624250972
14.3627123074912,0.121098885890247,-1.09206847148858,2.76336124374323,-1.45831250945084,-1.08950553210467,-0.256422085361262,1.19817416198289,-3.2389146464297
13.7384376459568,1.69634803956259,-1.70020805482251,0.896552877705702,-1.55635815280256,-1.67009993579508,-0.599846371392654,-0.405944938168991,-1.71899346242081
11.9457195004153,0.833552472277835,-1.99594354286488,-0.122631021222197,-2.22389143900083,-1.84818748226277,-0.370496694690416,-1.17697140432046,0.944076609239251
12.6651568821013,2.15112040209305,-2.00878772041887,1.80580557329875,-1.79806308834821,-0.892450431966138,-0.697985018291623,0.875804089322467,-0.313828723328749
14.1743903676924,1.27027878201075,-3.51919668303805,-0.45691515250893,-2.66028469028414,-0.337057888065543,-1.14326391762773,-0.849932458284199,-1.03941364941295
14.5997968424496,3.00180510913427,-6.08956148959248,-4.12870706243982,-4.64852022106296,-3.34733186858594,-1.73213663735847,-1.76604037458333,1.8506672811719
15.0145514957995,3.09633312779264,-3.81598740048622,-2.80360128246921,-2.42407104114872,-1.74905968404336,-1.45397132118155,1.1468385353458,1.33496718549327
18.198501437949,3.23506274100154,-3.38981957931932,-1.00978837002359,-0.831946969990061,0.935247159567202,0.902232367392735,1.49224281347932,1.15771011464902
19.1833664935089,1.87686161915722,-3.41677097990584,-1.1599804792929,0.19533651860875,-0.31481670858613,2.25679050061294,-0.375009870384062,1.51712657262725
20.4846750575663,1.32280942154868,-4.57900626884632,-3.72566991966355,-2.62050137620047,-1.05033093248924,-0.448695272524514,-1.58937018280518,4.45249839892587
23.2907224859665,4.08073305740957,-2.05772554037238,-2.94921156279217,-1.05922478684824,1.81703991792503,-0.826601027497463,1.12163921082161,2.98653018712625
19.0894221974172,3.73806903038101,-0.785363988238273,-1.97135533747785,0.759396203794136,1.31738058694944,0.196760874171222,0.643768506891152,2.60685549509326
19.8316647267229,5.39542343256581,1.92596256694718,-0.108874828369159,1.20374254035317,1.14446057877042,3.05461462262887,1.31962921364072,0.313875676164953
19.8545585304367,6.81430136196768,5.44021993463678,-0.592425975443523,2.01713011311689,1.49445381665908,1.93564922669666,-1.96370211404004E-02,1.24962861802551
20.306187325708,8.08135618826996,5.30703714661615,0.6835078089099,4.93601163310399,4.26270167509143,2.5493368249432,1.2655407064215,-0.859011563859326
19.6881143303019,8.10369927060015,4.65025548565001,0.232569590957816,3.55823898608749,2.89992310809941,0.963863331906605,-0.285851006475842,-0.388121022043605
22.6010873643628,9.13204753378813,2.73616430836022,1.49317438373033,2.36762383941859,2.54062507082475,1.25671418534552,0.276122052746493,0.309488374669798
18.3748088896345,7.91880017639979,2.82417592193673,0.633920866646588,1.82195059026573,0.312893579327163,-0.945035197350452,-0.936011865046541,2.04270450874311
18.2874011533526,10.2309349863293,4.76869349258784,2.90025729409231,4.23231780039368,1.2342056312521,0.253389972457063,0.904748291317869,2.14525089007636
16.7978899299268,11.3859462424853,1.86002626158469,0.902646730889871,2.33776360002134,-0.866454508281041,-0.857438200192523,-0.834452964079537,2.19553451468135
16.335444586265,9.16056465136442,5.06168348444192,1.48907341050794,1.88998754035443,-0.389633270675974,0.265924073480227,0.188225571552973,2.45441075256005
16.8925228952442,9.36169464974294,6.04803482487146,3.57913921915168,1.54203988592545,0.308533499357326,0.331253012532138,0.969658780526992,1.46999015906169
17.782798329103,9.38185776451511,5.29453670468614,3.48439823544504,2.32762335569333,2.00181337664182,1.925467230939,0.778406868911302,1.64337258164554
19.3526552060434,8.54898547222363,4.82512542120442,5.25887503745066,2.06912622508374,2.10019640794164,2.72727160641476,1.0042326959425,1.23282046982555
17.1216935424746,6.77948831377656,4.75973313484544,6.17234399211682,1.5818557541401,2.1483663891067,1.00391301160235,-0.784839037168017,2.02137058543574
17.500071135986,7.04258633125121,4.32865567832183,5.50184273132494,1.74400694782082,2.39561257981148,0.666698832503819,0.440424539564592,1.39698705077626
16.8902611757051,7.56497848173452,4.65620875253438,4.07888340056631,2.66383632510827,1.44869449258581,-0.332020836657873,8.9066692397076E-03,1.68014418907869
16.8671893858356,7.97054834049529,8.53039453901831,5.34286137894444,2.70598455858658,1.61680249277983,1.39269246933957,0.9476582401788,1.16061790159989
19.0465809082339,8.90975877700453,7.74164318093794,7.38539898132427,4.09272823378389,1.21780709467935,1.55346829609313,0.602753006457456,0.380602777365035
18.8962970361186,8.32697943285043,7.84574759627682,6.32933748102965,3.90624809687486,1.98132075058038,1.53894311695968,-5.84640044432112E-03,0.652969849625716
18.2219928428764,6.84026290777365,7.41981178692612,5.55964290028222,2.79781796796742,1.37774019860836,0.425327872152744,-0.172644560842257,0.778181631838815
17.4250728437342,6.71451947467349,6.29394195616601,4.57172750664566,2.31676531239164,1.65238179241208,0.109372053554589,0.287360167403709,0.464496663483242
18.8810655180725,6.27237039253187,6.84226655151655,5.0092721681127,1.75898661440498,1.14730210794959,0.553665322575751,0.438959336909767,0.722272220196745
19.5236298382292,6.22586269444825,7.67297871488526,3.62852785337379,2.35867656890211,0.379159685072999,0.556667083236764,-0.169620876714251,1.05036332597662
17.6175822473708,6.54384973480692,6.58947044878925,4.15765647481362,2.18640599531209,0.648733813419757,0.534137484132598,0.264769554889476,0.906968836332953
16.3801588656398,8.09062193924557,4.80967479881498,3.84597224391359,2.1305574825571,0.772172725522728,4.74587187840891E-02,-4.81851277450859E-02,0.289837175431402
16.7393855286437,7.63856848590973,4.90794797180373,4.71479795539506,1.17052542859322,0.4623490674911,0.192786724841757,-2.39772434162433E-02,9.43347102083825E-02
16.3015662279689,7.91856672823829,5.80985915492959,4.51192469021781,1.26101554683292,0.717092857692616,0.622089779111824,0.693762987762647,-0.522757446317262
15.6686454190921,7.8935171844082,6.16847251839471,5.44949378518049,1.42042725683437,1.03944537298522,0.82452020056481,0.155610627629521,0.521703840316609
16.0830053461314,6.84276041704142,5.41040972616966,5.38774443141289,1.71140963742723,0.898816847629245,0.970290475539468,0.12304017153671,0.563754236251523
16.64427342689,5.84191942055229,4.42323826769277,3.82713143202052,0.77380413460088,0.28899954730648,-0.38352195563604,-0.66382978723404,1.94308133393691
16.3628378754407,4.93526196461973,4.50867569522917,2.860039537264,0.11771651733326,9.42458037025761E-02,-0.760499514857915,-0.219342287692868,1.67029212569655
16.475601573975,5.20729444333629,5.07298674451919,1.95090696985631,0.364359499761237,-0.525504560538212,-0.806208859956124,7.77316384692848E-02,0.449828035372138
16.2120323509633,7.00125299662085,5.7709512621343,3.87509212332162,1.29169737444053,0.518996217120792,1.0532816208449,1.19303434214095,-1.39979670159689
16.3356885192141,6.66475866797842,5.92898667382166,3.60897951882658,1.5018334674895,0.560593864591721,1.43254926512237,0.164803386697668,-1.0639477685359
16.842378246263,6.41004842084571,6.42911361076934,4.27344455878294,2.212983039086,1.90604532304838,2.0445935976487,0.698188570122587,-1.61414660775799
16.0465415151457,6.03188127106221,6.90328522742418,2.88575957199703,1.0490642194848,1.64285170306341,0.377810673419264,-0.488238485996597,-7.50861527330823E-02
14.9550020098059,4.40496506307421,5.90485795365653,1.1866279307664,-0.231308203137215,0.447813644054957,-0.920539253796364,-1.13632260875216,0.643619287397428
14.4450340047052,3.48660284878748,6.5986330278119,0.539811066126849,-1.01759716235763,-1.41966918400822,-2.3013444396795,-0.660469015377837,1.20597377991313
15.2035851132944,4.45306652299215,5.9421227910946,1.21134980528004,0.154040303596813,-1.07538934952323,-1.2915037973707,0.503704560822427,1.27860683924484
14.6570940253238,5.05079196957296,6.45623706128737,1.06819604255934,0.514900582542955,-1.64062876125366,-1.03509701025538E-02,0.142867459438628,1.9075875018054
15.2659701787584,5.87374380311932,8.52397834083768,1.68481322128239,1.49237201647661,-7.51425744012648E-02,1.69850798523825,1.05949839056754,1.07581302241057
14.8219363510046,6.31180689582601,7.33360118812734,1.4448613731863,-0.109892212361027,0.639503320681972,0.791726156738092,-0.414098728407209,2.48232038781548
14.8102352204676,5.37651912969266,8.02162721188755,1.0832757780733,-0.37657299423409,1.19160335588064,0.54929862382083,-0.101145638947163,2.650255138378
15.5318407018772,5.33227175841792,10.137564399633,1.69947194978704,-0.501034797521229,1.26246487698465,6.23615757484851E-02,0.575059416062387,2.11850841583746
15.5348658125947,5.38910981481984,9.78517495798338,2.46914746736995,0.74655511055416,1.87187975750246,1.23008566309471,0.759192572479374,2.05978818668958
15.7507737658332,6.57232634008466,8.64320293695236,2.02869796446861,2.10245166246254,1.06436247232762,1.57191987002381,0.245295845404705,2.24772052768062
16.4934139058823,6.45692756288264,9.86193063744336,2.82194501261912,3.68235528853615,2.42219377783586,1.956984153469,0.96402355568573,1.46645461726678
17.0625138472661,6.84049115524098,11.3277050269949,2.76315636041374,3.25536107839593,2.58183005468941,1.26881770584327,0.062618794967184,1.44373054094709
18.1075493379266,7.32056657910501,10.3732597411376,3.45977330309466,3.17249802461828,2.07455871487142,1.08278888938097,5.73385140001547E-02,2.30391277087202
18.8120060777963,9.17120013331344,10.4258739146586,4.34738331892576,2.82272669937012,2.01821718748013,0.821173690502239,0.702094247502399,1.50081758626315
17.450846863913,10.1093623429882,9.61711081075164,4.68330320136338,3.63830574212795,2.19830869194987,1.18442263573501,0.428645997172307,0.35997045568987
17.1886876855017,11.5364402754827,9.81691603390521,3.72676664355262,3.9296182962071,1.4452605275293,1.32693039681416,0.201471709439162,0.426172463003142
16.5817385117093,14.7573828870822,8.69773125153026,3.60663991420207,3.41283589535502,1.42318360459382,0.669233094737512,4.02321510062061E-02,1.98528422865195
17.4896990422986,14.3192710214153,9.77523008415059,3.80027590732157,3.54760768302783,2.25202800994723,1.13712092646534,0.897667090818156,0.177596826724052
16.6912933332421,13.8990169855592,9.44979922425999,4.18767344128021,3.2296277040878,1.4786261056347,0.854750552389805,-8.35710490731928E-02,0.884051725120806
15.8839596635028,11.3080428440376,9.65862317201566,4.59796113082724,1.60050885618727,0.358679316121163,0.117340032354612,-0.703236495275973,1.56973867157766
15.8454014453108,12.4446500486083,9.07744928186766,5.47722622170668,1.80200090002713,0.424363940744772,-0.518030887190871,0.267259966999007,2.0531153420275
16.8105615054631,14.7712748331308,11.24408547128,6.48868039791618,3.28666331538215,1.94663793278344,1.14108982870127,1.56837860197335,1.32334410102545
14.7901386188153,12.1191962610446,10.2847428331002,5.52087242292953,1.73540749837954,0.177281979554011,0.957140745289349,-0.89061735976074,1.96431617371132
17.2058152097752,15.3516068223839,9.96550835619968,5.09859275901506,1.92156428419669,0.876304737967489,1.30473796747932,0.617278369716075,2.51036331499504
17.2893081405536,15.3910325610838,9.23794290365062,5.46784303308108,1.70056915485873,1.54547869484371,-0.291303291150672,-2.33992166349181E-02,2.11350315663344
17.5174504649156,14.679148195149,8.9953626252052,6.26185851799241,2.38836583310613,2.01181055095335,1.32927605115139,0.739646132285801,1.38347039003093
18.7042180823905,14.13083742045,10.4800753757385,6.5299684191674,2.35070853861616,1.30606042740357,1.56969752926426,0.859434704209166,1.50584618054359
18.3588278329452,14.5223851966846,9.8535237279516,5.57343664962572,2.18208827386847,1.92647413077808,1.34041290829116,-0.256394814557067,2.30956077192795
18.6522465313952,14.7445883150601,10.8792644408063,6.42666181585664,3.97898717291484,2.44888734544933,1.74496866266474,1.14666534371848,1.05813806066819
17.2138569888259,14.6787152595584,9.65581142025944,5.1264083813218,3.3248758498996,2.06975874032204,0.484755496810741,-0.41213626732732,1.71751119730954
16.9996248202956,17.3831049606725,9.13059020526425,5.09060202508502,1.8089416722833,1.36459166835441,0.76397212381595,2.49013078166865E-02,2.00660272010819
17.315397260274,16.9860821917808,10.0254246575342,5.96580821917807,3.62849315068494,1.48350684931508,0.595616438356168,0.978958904109588,0.180493150684924
17.8025732172192,17.5250416133895,10.6576060119493,5.80396414544573,3.54501386022915,2.25742418841627,1.5294760146636,0.531190693425679,-2.41504818650646
17.3214147402044,17.222577981221,10.3307322320198,5.32518493710338,3.49288669881951,1.04705873368948,1.42866026009558,-7.74548552739705E-02,-0.82582148510411
17.2913739569922,16.1750957983669,10.1504369014983,5.36057297272589,3.0059084275355,1.68851083465653,0.691837794129007,0.238774912744861,-0.946393181964105
17.8853594127361,16.5561821768085,10.5790616883187,5.61431184617954,2.46664308699813,1.9671302313773,0.469242636959178,0.308235452393299,-0.877619350372893
16.7366955205235,16.7583550566812,9.60108166410871,3.97266522780253,1.91249328609075,0.180167959857652,-0.2752292574389,-0.826015947106978,-1.64043638495777
15.1615584137048,13.7723995719478,7.73409381848891,2.02408798750696,-1.32336481169949,-2.47481619002298,-2.64058586847002,-2.11445703728029,1.94421917343037
16.0905429917511,13.5122589218045,9.16407892261848,4.19319035566219,0.632608545000349,-0.832698084794393,-1.38654681094233,1.52624648963307,2.67442384882514
16.1783464683721,13.7236159316868,8.63682359494639,4.049173717617,0.724487206109694,-0.955435357041217,-0.437944495534293,0.117341876876732,2.92113153606888
16.2143761718635,14.2696711612955,8.83977719133678,2.88821585601719,0.12138672013958,-0.885389701721408,2.01300556364922,0.377404338179676,3.39127569890402
14.5780853271586,13.0875681615213,7.25984845704448,2.1977398679421,-2.0265784056293,-1.66779550931934,-1.10570971950206,-1.60796128792605,4.55529716365772
15.7404536155674,13.5724170878884,9.2314131903316,3.04298708228917,-0.442680055181599,1.90714018822668,0.269771855410164,1.47618458005112,4.28008060283382
17.3618982522075,15.1779611444537,11.4466802227541,5.22398613250824,1.5587000726372,2.60476148642712,2.12094201237189,2.22657664510406,1.9691324032629
16.618877222049,15.7409463377557,11.6939667872256,4.85840375426474,1.60662205844048,2.83822330018318,4.01356608180641,0.356766174040404,2.62311742325579
17.5897106899063,16.869823161746,11.3698824466013,4.83055117976863,3.22308467571185,3.28004048308688,3.38442417467013,0.830411436895512,1.58565814658605
16.8510067970769,16.0865217900033,10.8003318760571,4.62137409452086,4.77518588250311,4.35683058365511,0.713108040548456,-0.47675272042633,2.36653157609215
17.7596765312856,17.1094607033427,11.2656091727927,4.68842599013959,4.47533004652805,4.10440860621804,1.569428507782,1.21615998587766,1.18694860899205
17.6386288514435,16.9793419949442,11.7062028649297,5.08979959780876,4.37335703614048,1.93110636214444,0.755842174606482,1.07166947191957E-02,2.11045340023912
19.0544251653976,18.6165896891774,13.5640577539217,6.00767694420173,4.96307160986977,2.55606873881747,2.20634128073899,0.991761328173763,0.152186576790238
19.215377721271,18.5196494263055,13.9745927863522,4.90532217555781,6.29646612545203,1.56090748981315,0.821826443094309,-0.182373354731807,-1.55288306220495
19.7381847503736,19.8838685811309,13.7895668763599,4.67445586777478,5.16803518025517,2.31182158822392,1.09855168243002,0.289705078567427,-5.65226246365698
18.5265529917548,18.9646721634925,13.721987995597,4.80975721198779,3.07109181914474,1.17302540031983,0.172381565556902,6.45911649255368E-02,-8.2548962595277
19.8034105279188,20.0308064942642,13.5960151172015,5.45503373383148,3.61415534745795,2.06683383528505,1.26590614205764,0.915037252809784,-8.69424297207556
20.6451505687159,20.2148355340715,13.1399287274495,4.26731672661441,1.88941848786279,0.151955321188671,4.41428650069642E-02,-0.944137983325418,-12.3720506074578
19.362760924726,17.9665046698897,11.5638387625719,3.23097296513383,0.482602901121982,-1.57737789638487,-1.93835089327583,-1.91749702805956,-10.4254506075673
16.4861343468842,15.3694588876419,7.45647124387226,1.40369156011863,-4.81528432325988,-5.99088288839965,-7.03883308020261,-4.04267574780031,-2.22090547742584
14.1296929100259,14.5342263100646,4.16508675283282,-2.8982882600423,-7.7306174284398,-8.9976422969438,-8.97534428916327,-2.7703859819103,-2.72080970065209
17.463059627486,13.9216070752421,4.35046699482521,-2.56768269594851,-8.33288256612756,-9.52211914678782,-6.45645138024919,0.438258415823725,0.851048484520659
12.2653843281769,8.0905143854151,-1.58427436417449,-8.29023773597877,-13.7380032643211,-14.1188407274434,-7.62101634886749,-5.18083556663945,2.78534066165916
11.3282824164513,8.70615457885587,-1.34568999849915,-6.25963887244249,-13.7292996904925,-11.6388535340464,-4.40850265249953,0.297335209995945,0.809635740732208
14.618640726832,14.3468446651153,3.3494105641148,-2.79624419068302,-8.46836780438793,-2.27135001430505,0.047533335285722,4.68744016093751,-10.474792689328
12.6919689242759,10.5179015857835,-0.544534928774146,-8.60516447165567,-13.0809390667742,-2.79690825168219,1.83629278758832,-3.29850869568758,-2.58561008273905
17.5721398816441,13.5085727566911,3.02583001090591,-4.67300162694651,-7.58217420842793,0.843866769170262,5.44680689396243,3.96445300627537,-10.5389483846745
14.0761976369,9.54592315658132,-0.280799754602929,-8.92862496915239,-8.93750446857926,2.70986177963619,-2.3792445737033,-3.20146315699648,-16.2369142701628
13.0086256819775,8.0654463948682,-1.98315659164817,-10.2077994546525,-6.4392509559994,0.803133286598192,-0.75202160757953,-1.65667488048542,-6.27266908470237
8.05356799106193,6.51733825866206E-02,-10.4463621803139,-19.7383502578626,-11.157985060449,-11.7003836170724,-12.5974612576953,-7.32646957799606,-11.6714456286652
12.795932285987,5.39949141630645,-4.76226877537393,-13.6831468645899,-5.98989282476556,-2.65423833679515,-3.57597163015526,5.06720399604887,-10.7297065192594
9.08979630582604,0.799138658925916,-8.78840187256748,-20.0731440448057,-5.37776101282519,-11.7804879267361,-6.54774097815172,-4.57337636707919,-10.3788102101892
0.644166500313203,-8.32694306581402,-20.229774287032,-32.1057595010773,-16.4955635252249,-19.3843315688394,-9.42198481479697,-10.2217204848802,0.342389845325708
9.3788069431138,0.687032066499405,-10.9684988355601,-20.3660668946351,-11.0405415208511,-6.69246528568177,-4.71541888568977,9.15054669891912,-12.5195428291263
-1.532395682285,-12.1680023018697,-25.2624501807594,-37.1692130625408,-22.422005646418,-13.2136721943826,-14.0411202812383,-13.8864278002045,-0.19172751332549
6.63544711966229,-5.55957693053874,-18.391479739629,-30.0347205962041,-19.7396289779835,-12.0193471992721,2.81377317215127,6.06867854347433,1.06864509395969
0.11748834175589,-11.0316396243718,-23.2923773340878,-34.1824177233184,-20.8563408862217,-11.5807547685215,-11.4293996805655,-4.1639373507006,4.10359043257451
0.927760368360117,-10.1625570074583,-22.2795574410168,-29.6105382162634,-17.0380269245334,0.341221537431479,3.67893619006328,1.55504821280589,8.35025492143809
-4.02671321892573,-15.9613055792654,-28.528127944366,-29.8148918617901,-13.6359802067115,-14.3112453158219,-6.85787978479588,-4.2067171935965,8.49378564514768
-5.8566388655786,-14.8508902627688,-27.9683512870134,-26.0877817928562,-19.4857369571795,-0.192095813852592,-2.40134038921524,0.180250381051876,12.5888407460054
0.686937205281558,-7.00691835389247,-20.0803037403592,-17.4738079541212,-5.98769893907983,1.05734581973094,3.51213028639813,7.24004543396586,3.43773084346728
-0.592131862129539,-8.2227743847746,-20.9354692742067,-12.9464417199269,2.75743612124847,3.94183372112637,6.363509790324,-1.1272327106332,0.223170656606361
5.37967590757655,-3.34349314244542,-14.4171363520671,-7.15069905142754,-1.24260332551193,7.70672383511478,11.2725762397225,5.41348565871399,-3.31094967412212
1.02380353092956,-8.20057535412743,-20.249803317445,-16.9945587787628,7.48500666150965,7.82882226354276,0.455301995026602,-4.06885800244322,-0.794109934017453
5.19583572590224,-4.07110651399859,-16.2849330904638,-8.94256693805686,5.26124317246398,11.1812508793879,5.31612965378419,3.81087107254269,2.44200476358884
3.67287387214436,-4.8957573430601,-17.3178473155436,-14.5361233762079,8.16945031036027,3.32347859473988,-1.07032699814424,-0.966404300249571,3.01798169834262
-1.99177429674778,-9.79604049535885,-22.7386328875852,-15.8338776616989,2.64176247513788,0.222673714216255,-1.36355925298112,-4.37078980376128,9.92814865574271
-0.420133950437813,-8.12280798254505,-20.7096701529403,-11.7171272686317,8.39966682644329,-3.42432743207529,-3.31798429998193,1.95621596561397,7.89545370013857
-2.78874777334551,-9.48179556356111,-21.4311427436634,-5.57802688855503,6.92325165280528,-0.800466518156619,-3.79099136436636,-1.42864543690249,10.6883401013003
4.36642966915213,-2.25362116198901,-10.7715494094035,-3.59591965017089,6.53133143438353,2.38379243868215,7.36692709171135,6.84945914576956,7.55414110467404
4.05363938026986,-2.61513098638267,-12.940488066679,0.536567730650211,7.20173530401985,2.92956787600428,5.13894979818147,-0.401897802420325,6.74157163781739
7.75255968134307,-0.343761619726,-10.5968255819888,11.73686500096,4.0392294101493,9.03148900181542,8.5233196509161,2.19003735324211,6.41943535118608
7.42219789209969,-0.934511375208924,-10.894662033154,2.95283260484577,7.89169912593631,7.3176889566464,1.90410182399045,0.109121408795013,7.20856754785137
8.10885735064336,5.11236400031709E-02,-7.905802893166,15.7494413602248,5.32513914990747,9.65624752482377,3.4014021798352,1.1306004987555,4.72557646104403
11.747252696683,4.0659628906969,-4.99381051430254,14.0150434414461,10.1086496336929,7.02357066597946,5.3222674225969,4.13499061222987,-3.32667599307882
9.58826623960073,3.58719081559969,-8.6371444932239,16.489601906899,12.8686586064181,6.31578824854863,4.11349680398883,-1.16620654658542,0.845790715971677
10.9388969642023,5.62022784182839,-6.9611992925188,16.7771011768897,12.8133338966388,6.03220204091652,4.85382794596379,1.89396231714935,-1.32829707815749
11.0357195827639,6.34436127851855,-6.94612229278306,20.8110810073355,14.7672039681129,6.72387264631057,1.58790182973843,0.844390149460905,-0.518657988023648
10.1439177861482,4.06325094453567,-7.73035268394811,19.7053575828137,7.38955206606078,4.51234227658022,1.54185350157166,-1.21354355865059,1.2737050665157
7.34511483993812,0.20528382720457,-13.255265976437,10.1056765440914,4.20909199095561,-3.44115196953469,-4.22265857431869,-3.84993454718553,3.26788051886232
9.66884910261603,2.53813492324543,-9.84727564823889,13.791818000307,5.02144927134798,0.838697093817048,-1.93637812578264,3.01951727886822,3.67159359372531
8.54134120233756,2.752068506625,-11.2445755945148,8.61389805010704,4.66319504715616,-1.34617832552219,-0.98374124862582,-0.267661864259668,4.15448706821733
10.1270115858239,5.43259053558828,-9.20833997223045,13.6370154553525,5.16536544283341,-0.521362074067324,4.36573873853368,1.65137823503972,-0.778685725991852
10.1205522728867,6.59586361095584,-8.89285172771978,10.7341762412222,1.64636340388745,1.25768585802124,1.95787120120032,0.577754745034313,-4.01690040123661E-02
8.18970683138195,4.39142159122338,-10.9730801143173,9.95782243938416,0.986908822715972,3.16446943855444,0.416013644325624,-1.84451922190467,2.91578316585231
11.7522899420668,7.50726948064961,-8.19313885709959,16.6593563670854,2.50401880936372,3.54156183622852,2.18373862821672,3.39717414246846,2.33781154121936E-02
12.3520778267009,6.70117582225896,-6.96982726534385,15.1641406986937,1.86767194303434,3.98877396947507,1.80934191506926,0.197211046929563,1.12626951139434
9.33738463761932,4.07699772200162,-8.35621654978448,13.6504408030116,-9.55474651819523E-02,-0.784796826860653,0.465464122098878,-3.23840526348389,5.76003248384411
11.3108168225209,5.43144697088897,-2.77922733586064,8.51755298496397,4.88006148893324,-4.01851459852693E-02,-1.68268223963704,1.31229971100654,5.26153738180756
11.4829653484305,5.91235546916116,1.0721540049851,9.86840779251609,2.9784046348406,2.83317395656741,-0.782588442907653,1.08066405243981,2.03602885353984
11.4670679342806,5.76492009892198,1.23652455352671,8.40658619054721,3.82153979026941,2.33726513267916E-02,2.96810412182271,0.603682194269023,0.169396072949376
11.9896109375206,6.74772684324557,7.30849011413026,9.48540301564071,3.46389976576267,1.11372595551687,2.9419196913165,1.28566845530812,-8.18512219453444E-02
13.995997982723,7.04984084118282,8.22658575867511,9.62664107110902,4.1504932025357,5.44632253656315,3.14228852483907,1.28487530299827,-0.734353901966855
13.7862246368396,7.77746232895862,4.52676224765887,6.52505882403548,6.68163614699341,4.99853746456577,3.37738145935226,0.844936831373963,0.354987460909441
12.3278591377731,5.83630088505287,5.68409154508393,5.71185575778195,1.42321768569375,1.9954018952093,0.115995149493292,-2.04632124181751,2.04215112291426
11.6400076443765,3.98652011982115,0.564439427205083,2.69164274095341,-4.77773530902271E-03,0.169109607914589,-2.4474226895761,-1.24854445738261,5.38817432733932
13.6968452118495,4.5735686568592,4.64866957027544,2.88110414836334,4.13714768270249,-8.19182730528346E-02,-2.24851914853377,1.03744819631357,3.11795241702888
14.766122124327,4.98905233899726,6.79913117963778,4.65581515278651,3.4801980630725,-0.739786553387885,0.439108279141305,0.635991364240253,2.85546028249773
17.5647481282007,6.77694753389706,14.8297297557954,9.95431813140476,4.30039659534522,0.353731757524973,3.55607039487009,1.92125315985012,0.622057816550266
20.2488777808129,5.59474928322082,9.96145631464725,6.8173068030035,3.37343281848549,2.00128192167803,2.19507578609116,-0.359088631118427,1.54336057058418
20.7031719490312,7.52808112160017,15.5919544713664,8.89318103704579,4.03942216252576,5.11269348931263,3.50426251078017,1.96604751492353,-0.720188254742755
19.4720830369834,7.12583400067605,22.5457694026119,6.3061487589558,1.68095722004395,3.02367564904633,0.491150022552802,-1.14128933812044,1.89304957672167
17.9430825824119,7.23306483223373,15.0704430321256,6.12205876573058,1.22232974541082,2.77618735520221,1.22636629102006,0.382409584033975,1.96409811355227
18.5699011073506,5.51396275604421,25.2354105120565,7.58659762853594,2.95559734951511,0.618212179365657,-1.01214273086845,-0.255698095203613,2.84697092006586
19.9148489999523,6.86450505981222,20.8439904469898,4.86430383232454,4.68086909092834,1.51990298716908,0.678454361076244,0.551469225433033,2.78159933489021
17.9315281027025,6.03384833981294,23.8037488677043,4.4198026699346,3.42242672865575,-0.725412591021719,2.88848228308968E-02,-0.269096106814377,2.26140552273566
21.6146269381467,7.42052761126553,23.7245068818861,8.76289307123003,4.21620173470414,1.85787900606142,1.73240179498343,1.4526681959747,2.81376628378151
22.0233797866212,7.15207695889836,27.1343874135447,7.96737956159513,2.78115490436914,1.92626439098687,1.63393892418811,0.451823075376413,3.15276037125127
21.2605787740064,6.91372649319531,27.4443918648154,7.52476621336582,3.7150096662528,2.76816214867287,2.49137699835669,0.604930358453856,3.20855393479137
20.4578404874344,7.60508578841778,22.1632015036029,7.41734151219668,2.26354473970833,2.70632034614193,1.53709185970907,0.488217552544193,4.01424465902568
20.4076779450157,5.80508553780715,22.4311138711024,5.48077502217109,2.61348791130736,2.21139687174833,0.319533607624781,-0.779155234971958,-0.427637112836801
21.2854945701463,8.05108510553835,19.6170958196896,6.1483715528394,4.17735859427404,2.73676024669215,1.70066538482287,1.98210779498778,-1.63491066620929
22.1591230437347,8.7446169880988,23.3615646890578,6.08593428079729,5.16627750082816,3.05639942150297,1.98787660884389,0.778971309455528,-1.25869563460965
25.1042171448867,8.44943950991104,20.8500507165023,8.57535288351658,5.2684964739239,3.10880621079003,3.38621695024767,0.658662388621842,-0.178586298819016
24.9571538676436,9.1193410908774,22.5946230828213,10.8396256882624,6.71223051516407,3.85932203054013,2.67349959283792,1.25903236096554,-1.10736200573396
21.0924984981978,4.39955029368576,21.9241214457349,5.15253721132024,0.343745828327317,-0.429473701775467,-3.26475103457483,-5.27487151248165,4.41748848618342
21.4809541203899,4.91733557400477,20.9867370601742,5.28913664129011,0.671373594363287,-1.66208425904175,-3.13956147549041,0.779095528970587,3.56869006609221
21.2192220634578,5.72687224669603,23.0009747475936,4.55114049559726,1.22308832358756,-1.27474074066499,-3.24612427878396,1.15701414253407,3.61505550333491
22.6986231289016,8.12011212770257,18.772143361841,6.54141920543713,2.45925118876874,-0.178905800065725,3.62726484189452,1.73357710086168,2.61775368691685
23.7713474006459,10.3210825366041,19.3656285812744,4.9833307955538,3.53439225523116,-1.1197618227134,3.19269359918576,0.331681105296467,0.202554876143014
22.9004050119606,9.20011386279532,17.8036466058399,6.33296877262898,1.8743414185906,4.23060212444005,2.34876973247237,0.295344110347029,0.89671945305907
21.4424737027208,9.06247002589761,17.6858194519935,5.94136665920644,1.07027528215621,3.44572289541835,0.59218834926622,-3.40705630335376E-02,-1.59142500879239
22.4848548862673,9.81448778075344,17.7446341826969,7.30825155745173,1.61060893376622,3.48892879106604,1.459478615208,1.20124418454286,-1.66993572766139
23.2856210981193,11.9327275113567,14.8647086824254,7.51991709941997,1.13185149199496,2.55097543345523,1.93705667680724,0.778564166655238,-0.518814239624198
21.8736941025923,8.76233416977417,14.1035920301519,5.85831825407142,4.14108190788488,0.202145420736413,-0.059383966329078,-2.07064092694971,2.76475351655052
21.919295810759,7.60030608315524,13.3045200721057,5.40803003020244,4.33644201100196,0.888749860173856,-0.282127099743314,0.981307347282613,2.3764011075221
19.6156907656944,4.89250062948253,10.3250363475393,2.54300787056216,0.735783847884544,-1.61716091197803,-3.65973017536164,-2.5633137584574,7.66242679727413
20.7627424918383,5.17248995096956,12.3946407848082,3.05034754988375,0.118359709110174,-1.69829618237233,-0.417019704532413,1.12235924330097,5.65044633355955
22.6885304006656,7.44079119018199,17.2676568030443,4.45177392597114,1.71677242452139,-0.521519959436236,0.541703382446334,1.92668002382629,5.01976498619159
23.2551985796629,7.41698081085682,15.7075662134883,6.31942991949802,2.59941143565922,2.69037137923486,4.18211445387552,1.19074835226305,4.62426733467909
23.722259664336,7.96788594734617,16.4417722485929,5.00392094675151,3.22233170145882,2.32123915454525,3.68143540494049,0.605691996337221,4.78094429548178
25.4833526026824,9.34415686067411,17.1392843873007,6.62519827311425,4.46743982965015,7.11708534278379,4.21734694070006,2.47235492820674,-1.74461479848319E-02
25.6599908209893,8.82087721315354,16.0238350210614,5.29113902400321,2.98545896478624,5.34824653340315,2.32572945103625,-0.760641618546536,1.57268949763446
26.700760310124,9.77921943993926,18.647754225768,5.36660822934929,6.22498054693579,4.77982881303496,3.04508423411178,1.33771456964197,0.327936475198511
28.3093079327059,10.4586971702315,16.4751050481701,10.8429052153546,6.06959447082595,4.41988025577916,1.39968143834401,0.817232456095485,-1.19139827738669
27.9872429134218,10.3134548320326,16.941344532697,10.8206376143953,9.10797290226488,4.56279939795116,2.88215659729816,0.754314421949127,-1.76360446756421
26.6946231021645,9.19034805007635,17.7701630131831,7.78441475880972,6.04638089605846,-1.74491921967247E-02,-0.608269407981936,-2.20821885248454,3.29997236425237
28.1391493724695,11.6266212140489,17.3572807759376,6.92407142696772,4.98310494764966,1.54833893383426,-0.608727052290465,0.816781296073176,1.34290407801285
27.5866032249142,15.1569660090752,16.5493642119742,6.72044015519059,3.94732415844989,0.326864567058626,-1.25821366364907,0.113627019309116,1.57984540745004
27.6886187874419,16.8597068073469,15.4482301726069,5.78188785352789,2.67793790218003,-1.20576372564336,0.228203936212059,-0.707855673479232,-0.431658332125647
29.068727560351,16.6408961017245,14.4979624657828,5.9799609590032,0.386652413007903,-1.79526585641256,-0.416149220025524,0.176229331098843,-1.52265523868929
30.256261824238,22.9674180612267,15.8118823091139,7.50314095587322,3.90857261816933,3.19455299815196,2.2863236937641,2.80184220714239,-2.53559141277274
28.4219524105355,21.888901299447,14.1617288543321,5.75321677049996,1.53576040771452,1.32510913342201,1.90721559077898,-1.09858055011184,-2.77455975083702
28.9365499160591,18.3314858680404,16.1745969689304,7.98518961433203,1.06855552744751,1.55527447508221,2.07464986316492,0.346618218614174,-1.91127567095187
28.1300003118919,18.7711649350367,14.9378248282941,4.52488944378338,-2.41706747922375,-0.433529699194459,-3.51105184115441,-2.74238015082335,1.2751651845502
26.6389904541869,14.6316033474735,13.2469977955057,6.04561805491298,-1.13592028335049,-1.54619851132248,-3.33812515918433,-0.929684168754952,4.032669632066
27.4865612803741,18.7619327773604,14.256003627377,6.68160586375976,-0.141834935612197,-2.60155624963699,-1.83963846143758,1.79167314635604,3.56648348662874
25.5269878946119,19.0093520056967,11.3987182530263,3.56657963446475,-1.60626631853786,-2.85373842867315,-0.456586755281274,-1.34706859719914,5.35523380014242
26.4527364770449,25.4614563658564,12.7960476339635,3.59871255502683,0.342493374272487,-1.94851720625942,1.68667670763708,1.2236729319571,4.33706149687987
25.8752033267665,21.8677412461003,11.4832611793559,3.48672158394702,0.655965045060859,1.25910945909248,0.383836140323708,0.490223983739464,5.14739849059914
27.3766995418985,26.5889593503688,14.0097818791331,2.76749790021529,-0.423624686866174,3.87634927213577,3.42365769658202,1.74557211339203,2.14113854177747
28.1584574693263,34.2958169456937,14.8446686952966,4.80385487938576,2.00821703687355,3.44366571748012,3.54678573108472,1.34960579208835,0.272182562224788
29.090599412069,27.9481712317533,15.3792082937564,3.87363989135352,2.03477840840479,5.08302588013922,3.43377304997775,0.373629978353621,-1.9867454179411
28.6290699513907,36.8979563954325,15.1309970661835,3.33335131015043,4.89733439756091,4.1567794172635,1.97349498087268,0.259765007046909,0.290145827940278
30.1094871075736,33.665599250205,16.4227998736141,3.82308459689644,6.95788083514097,4.89541212097544,1.88158777606975,1.2571136443515,-0.787337979316727
29.1750266396993,35.5873167202154,14.218642133905,4.82234664555241,4.17446556768369,2.0962548218529,0.384670973904303,-1.14629257077812,0.224967435380226
28.1317291480419,34.249813038501,13.4078232449299,3.56918297148352,4.98567004385138,0.271443739699077,-0.363278145486271,-0.489121953023719,1.83488390344938
26.1754234981721,35.6910761965708,11.2059675912645,1.60351891490316,1.95934564659326,-2.02701708703872,-3.59504527366478,-1.92247574493752,4.80825812241176
27.3088946487275,37.2011486217614,13.0226426187429,4.76136701763443,3.96326489641252,0.289306417440112,0.164280874587281,2.52417160495154,1.44223013303793
28.0081979751967,32.4246737225553,13.8545244074047,4.76947891329417,2.43765414814505,-0.793586184747858,0.833753042706591,0.184731763217727,2.67194590982405
27.5995682725078,33.094599375697,12.0029199826234,1.90219849611939,0.979627299150435,0.224462467922749,2.5829306414557,-0.124681466619494,3.4995902171625
28.3892468222281,30.0431321239094,12.28720732564,4.03505492724056,1.70110120236663,1.80182255148349,1.15913707404924,1.09951924823072,2.9906356606727
28.4046975926899,33.4296865610495,12.561244246221,4.63442942074896,2.40011650114089,4.58767105622146,1.93577874608629,0.969029820958458,2.83164444693977
27.4589526656913,30.3007251754628,10.8173773527562,6.52065972590346,0.45553175999943,1.42172557833803,1.36226613798123,-0.710244340309447,5.77189485662589
28.4643701996593,31.9206590543737,16.4551866551074,8.66006508641158,2.94204521196649,2.60241089827088,1.64223384929054,1.38023272530833,3.91311356141169
29.0703893325579,35.2125803537121,16.3683583784214,7.62239553584719,4.06736038272079,3.3812599738991,1.3511712516313,0.675975062223289,3.81379401064114
29.3004489010568,34.3235132464088,15.9061840657758,9.40696721276224,6.45173776058668,2.90379376871317,2.64515313297501,0.6107772379038,4.16758055318304
29.5681298366037,35.7768979364108,15.1208729709831,9.03299063881773,4.81231140924482,2.75367029494591,2.08807342893291,0.815914948288698,4.87168790485429
31.1564374696165,32.4949841044977,16.6176910342016,10.494790318027,6.62858317031325,5.45692678045497,3.48130712315632,2.08930215153101,3.74709529115582
30.7087109346177,32.5071104194477,16.049675670962,8.55497494583337,6.3868839592962,3.76575528082803,2.51539472889849,-0.383862031030949,-1.29790309705722
31.1444374512852,31.3967747179233,16.5658123434354,7.84246218483893,5.89603904683704,3.67368715013943,2.28445670794484,0.58095091219047,-3.11541074621641
31.8137679902896,31.9731311980315,16.3522339749147,8.37408242298133,5.87637378516519,4.00084223042434,1.1457636635372,0.948334943479736,-8.60759493670887
32.3548791737643,32.214797858269,16.9451209889318,9.49673224945212,7.92508822194348,4.6453795129856,2.98303242695354,1.4818357973653,-7.29700004718186
32.945910564275,30.0178575166619,19.4664644210316,9.28671378217051,7.59620757229558,3.61175923108013,3.41925552351186,1.02797462912241,-10.1961750455294
29.1608368439697,27.0096853637257,14.1830560079243,5.36878884955618,1.83674457603491,-1.31497013516693,-2.88267211038307,-5.51482112957116,-5.81045366851948
28.7243388260155,24.6452242403071,15.2534001942845,4.6201513836104,-3.47612700942157E-02,-3.21558956920978,-5.7711452203684,-1.28410196753953,-2.96305410454021
25.3214145674207,20.2005554621955,10.0024755471953,1.73631627735525,-5.90472215144927,-9.41828254847646,-12.2176385448119,-5.00412892360677,3.3484034527559
27.4117332186717,23.4237902394293,10.8723789800673,2.08962034424813,-5.0552613451388,-7.87137422833751,-3.295234668761,2.87464296213095,-1.30091217416867
24.9431600162093,24.6646082344461,7.84346949826612,-0.217408455351027,-6.92156799460647,-11.3538315886865,-4.19584870881789,-2.1671812747218,-0.655990790846791
24.3668488554575,21.8515612316684,6.72393888558183,-0.694932986994256,-8.1935350036979,-6.16889442069377,0.172628388982083,-0.601764164727539,-1.35667514475892
25.1206799931901,23.3757412819567,5.97370399795705,-9.58523678460926E-02,-7.3856865193088,-3.05353190704536,-1.04710509888489,1.68792384303266,-2.63828987316631
26.534002047405,23.1864685934887,7.99781796628513,0.348286150642504,-7.46568498461823,3.23991792895627,2.48931931213485,1.40844331651641,-2.20738586940843
26.1241509299762,21.4262598243181,5.16465734912336,-0.631601408300429,-10.4283580497173,-1.31805896369003,1.42430385148832,-1.70054055976386,-3.68318574629255
25.5051236581701,21.689024857977,2.94523483997311,-3.57460326055075,-6.23069321673683,-0.660322445277707,-1.77611125399898,-1.50393242456648,-1.66483920602477
24.1424049417664,17.8680037816655,0.920272323804191,-5.65220015031572,-6.2645264049125,-1.3753339587345,-4.58892674211712,-1.31635972635957,1.9580359477662
24.333027935688,18.0297844669779,3.44264504718485,-5.8828511632736,-0.801805428306545,-2.70978177122135,-2.43510603612679,0.393799031349097,3.49929236390529
24.9321272226826,22.0642621332926,4.44156594140906,-4.78653933313487,-1.87263607407943,-2.25721123116793,0.942396863325637,1.8428677041793,1.22095013842739
22.8054531709087,18.4543441397982,1.21523114314804,-10.510249387769,-2.96113937265828,-3.82403194585599,-0.95676952515985,-3.25883177194825,5.3975093530798
23.3303078887016,18.0411637897411,2.47795845810616,-9.44975758204263,-1.75221883784382,-1.69302535591803,-0.768597536633423,0.57945371299145,6.3023162547137
24.6479056382627,19.4264617128488,4.53684962869234,-7.57519641507185,-1.13557998158035,1.92043317583061,-0.316021784339359,2.28371474460436,0.937662819821859
25.4967024361056,19.9091905019601,3.62859619251262,-6.56652983646371,-0.654849112803524,3.38098192169442,4.67352137586949,1.87708160095738,1.27247689065462
25.0397643723588,18.5693657571569,4.32643436560261,-8.56587726696664,0.665462622373148,1.20622275996979,3.76650961101128,-0.366512260497485,-0.279785744880974
24.9405765953235,18.559545141644,4.79337120316411,-8.77977519823859,2.95242799564899,5.12109762954477,2.33778768021888,0.83297863209686,0.745573240988408
25.9643276469369,21.3304613578286,8.65572553353133,-1.6245079080047,5.57894191587818,5.9286725602597,1.8885109468886,1.42568547551628,-0.278506802956007
23.766379493394,20.0397310160461,6.8637284786628,-3.2555978354059,2.4473843895843,0.928952378752447,-0.597564431856245,-2.90972832407431,4.17708732205667
24.9174997784354,20.9802538174273,7.25237334760615,3.83002608379832,2.80379110022885,1.25648836655642,0.790681428370345,2.20148300556257,5.0312536384379
23.1398239524872,18.9405620448364,6.71997038419948,-0.926202278397381,4.05569966885922,-0.280570741820896,-2.58544875819992,-1.92883528602185,7.01338290555446
24.4034915532126,18.875285898955,7.30414780595644,3.03454954669096,5.27436302451756,0.740055584581329,2.15157708426967,1.84227157857951,4.19161988978709
24.6856965753437,19.4997117117741,7.23257154828958,4.01300673365112,3.46127674457664,-0.279284629649191,0.362567894907263,0.41338626986202,3.00953861763631
25.1371115953215,19.1101711176588,6.99284060430588,3.82138608288525,3.08207933753203,4.00960271536818,3.70617055479986,1.49166158530085,1.07727797984794
27.4412625298744,22.4197165644588,8.54583553591091,5.37089751830518,6.32985636298809,4.79024429790928,4.83880441193867,2.99682911555239,-3.75377126779952
27.918501519055,22.0900641139701,8.16532416576113,6.91515554279216,5.50443302543952,6.55374376095015,4.40472160865071,-4.08833112502804E-02,-3.35450051600697
27.135522003511,21.6545852606847,7.17475319890266,7.54595606640101,3.35542695421748,4.02299138282037,2.16522490772075,-0.816078949651904,-2.66984053879066
25.4345690280429,20.6455061406539,5.30727642061189,8.08155938066507,5.4030022095092,2.92161158861947,-1.59296453271276,-0.729415383529289,-1.98057413621973
25.8034604633582,20.5486421473874,6.01391981384,7.35688063873536,2.89491291468145,1.06579639002815,-1.94901018125795,-0.391489490953974,-1.34658885250549
23.9448701474513,17.8680373205207,4.72033246378182,3.85049444103022,2.94885403997645,-3.90017491308066,-3.01701427239167,-1.87221460588688,-1.11591966891146
24.2458365588157,17.8025216992184,6.86565323724251,7.23173121056634,1.49556767347386,-3.47093298075671,-1.89016119419344,0.372414761633999,-0.675553013228469
23.5997658025421,17.2138560542872,4.35176938236851,6.59130400493085,0.980937595635632,-2.74307630190898,-1.60132083251538,-0.10689759518986,-4.48001220707102
22.9212092007912,16.7901492852127,4.15453776115908,4.38809868206134,-0.539659484639773,-2.02059348824607,0.244878850990014,-2.10925060726778E-02,-2.67660472386394
23.3133519833535,17.6429134056927,4.51671446055058,2.80622651820771,-3.38283200357151,-1.36496937798962,0.125977436953549,0.253665361849447,-5.47031148840673
21.155771818381,14.6040860461801,1.8770883096383,1.57824924464471,-5.02976221519889,-1.12851296707729,-1.39814611995981,-1.63457493228748,-3.64865287730388
22.1186400493148,14.6343419016376,1.72360429176779,1.5595377167761,-3.33142224080628,-0.680147771996598,-0.55142922419701,0.814125416524774,-2.75059380374949
18.9099469072295,10.5502586432805,-1.57842401702988,-3.95270112611239,-6.78296938998955,-4.69013063190808,-4.93423532410282,-4.0940485122178,5.69212654674426
19.6087655958995,11.0695866525002,-1.11279088411856,0.837390337546268,-4.4175974429861,-2.75021716645787,-1.35480153716851,1.83230344453313,6.40777605689144
17.0019768478099,13.2495849524335,-4.54367386082448,-4.12659063869825,-5.26013417232503,-5.78687137822933,-4.93985768505241,-2.69421285720101,9.3947769599971
17.3042086612611,12.8193122810056,-4.8842735431349,-1.86300831050921,-5.35040903005568,-3.78682082426683,-0.523240918161512,0.286970579426162,6.72662285877186
18.5403961556431,13.3247517045792,-3.91758444881209,-1.9794484175849,-3.41722584666013,-2.8283913612786,-0.627930541999005,1.73006699521538,3.05303854374726
21.7375872674072,15.5187814914129,-1.65508761978837,1.91967068069851,0.968920830566651,5.38557292082378,6.1481597212198,4.22101686165091,0.984204832801505
24.3134871713775,17.3503713755592,1.25773405850438,2.91619439198481,3.1917351033733,6.02190581773412,8.22407884703433,2.49253398928802,-2.07756702850704
25.9621134116538,17.1965909513826,0.789820822323396,2.67960153332736E-02,4.85330422161297,8.58795750681272,6.71091317346699,0.109830581366023,-1.26958528204047
23.1561258758164,15.398900627959,-2.36940624949813,-2.13670048071112,1.95631758547266,6.30266626882123,0.451126294230359,-2.20584443961696,1.54677910026635
21.7017985614605,12.8520537598425,-5.75149105880875,-3.10616820468175,4.14244654942367,2.96258954310329,-3.90372229185609,-1.77301151296121,3.03846514496798
23.1804946300029,14.152189578178,-4.43633318282375,-4.74231329033251E-02,4.558927026393,0.974612648018612,-1.66838617565226,2.25882099701251,1.49668752779915E-02
23.9756187886505,15.4258764164456,0.471542570731374,-0.211631890719148,6.5458766870097,-2.12164563875967,-2.74791707885423E-02,-0.556262968054837,1.33836244434412
23.5520831239152,15.3797504406157,2.64461577638837,2.54225219972792,7.14601636476951,-1.28591101907883,2.62652205089027,0.927303431776609,-0.263029157703568
22.3027990457307,18.0134150422279,7.86722804073457,2.79305241322591,6.10544243168866,1.52321827828638,1.00263206524724,0.628798889238491,-0.894336148527714
21.7909595416068,16.8343283943464,4.85610925160446,2.60588821197095,1.67372295864993,2.94886491243156,1.25527134650081,-0.299645418196963,0.854269133182325
20.5872190242553,14.6103604039106,6.22621316534828,1.94876545960346,-1.54152560255778,1.49646355396545E-02,-0.362598163385245,-0.695939623580572,2.16491196506683
21.5622635149511,14.235450876606,7.49268069647898,2.44346677591042,-0.883739673920753,1.32068686730473,-0.233199810102757,0.756919025850563,2.27593002503872
20.0698109594472,13.1403677337643,5.28016770755994,3.37565216807039,0.638729964624196,-0.263722825630496,-0.59673588410977,-0.663422483966658,3.03936357131098
20.0578870714954,10.9347099011082,3.92299977994177,2.57846083551572,2.36562589766116,-0.902406697833171,9.43226658290012E-02,-4.19958440912687E-03,4.61441935706042
20.419278117785,12.8793416452742,6.889263986768,7.75715843212765,1.54704420019851,0.847033190091564,0.781303679445283,1.43934383073905,3.11759870395313
21.0374729884745,12.2242684875685,8.81542631716673,6.59533813574803,2.67506677792206,2.11903668630094,2.02251111319577,0.595858205332029,2.59137836543446
21.4927791251741,12.2662281034507,10.7783273414308,9.83226751703551,2.61351371856086,2.22528411570693,2.87374747210236,0.864645001186958,2.20480804293613
21.5067751737809,11.6722583043155,10.4994000808587,9.64728667005751,2.07803513439493,2.94971112589172,1.53655920289005,8.24073711804109E-02,2.67477535636501
21.9713166973497,14.8781284799359,10.1880881518193,9.43708436468564,3.83642986576831,4.4108827305258,2.43357662944298,1.50144556587421,1.44829562926072
22.7078267333847,14.1845844830091,13.0300784897093,5.45413967587772,4.50932491785354,3.02334300171559,1.59114865358479,8.67023484294373E-03,-0.736729121793522
24.2272279185346,14.1608373378636,12.5984087757166,3.12068615631665,3.8637601436738,2.52592216492489,1.59467335304917,8.59861090724116E-02,-0.52449922315721
27.5280800224768,15.1815703102052,10.9937518358173,3.48909045630435,4.96500772639617,2.15724493314433,0.583869711249885,0.489684303283402,-1.22177630486699
29.8623344476667,15.4904508961638,9.78067664988682,6.0817038424257,5.48193263668313,2.60509491944965,1.1118988097459,0.539754391508095,-1.06585416390465
29.7724229406793,13.3244484683105,10.38935652262,8.0045300149101,4.39951186002855,1.42761947874755,1.33423342714147,0.310627332672772,-0.31498007236627
31.7677667930486,12.38669302139,7.65554031496267,3.81499178301996,1.71796348296432,-0.742197103999797,-1.32506890617115,-2.19238085378952,2.4547419091862
31.7690098324912,12.3449612715635,6.60020287475789,4.63322082223946,1.15733759940138,-0.527264722530866,-1.57018289369072,0.2991515706667,2.82476491202041
28.2611242779027,14.5031154523365,9.04794265402115,3.53580204615443,0.865345067355345,-1.23688831319528,-2.1034454616049,-0.212760627728697,2.93137762708468
31.0355867859713,15.8806503822356,7.64832240830478,3.60152813987246,5.52069015046224E-02,-1.07733700523423,0.782926944739334,0.696505675959555,1.82993225118178
28.9509618987736,15.2552572579057,10.3577190074246,4.90976443165724,1.1075808674555,-0.315975331694702,1.541610299208,1.06153421107788,0.965709531340302
31.547596493887,16.8584861574214,9.19604741335758,6.10546440840659,1.58689186117006,2.39592805900778,2.31091176619178,0.570248560169747,-0.118564969182584
33.1061804916225,16.3822943116642,9.41902720031116,6.01181299335166,1.7532853515432,2.74716398762239,2.2729660933214,0.657932914368342,-0.321908773954947
37.6046656586734,15.8787990121038,7.94721066902807,6.52950421488784,1.1124823169401,2.84789506821226,1.11680004521839,-0.108963760914033,0.790379787379361
34.0260168034382,14.0610200263824,4.74497764427206,6.18048802782606,0.429778428495562,1.79704749942082,0.174149308209606,-0.377612436624624,1.20746147045056
37.0467290895423,13.0723189039407,4.98829964238423,5.01471980474242,2.77506062483684,0.95647278251488,-0.271278452784968,0.214663819160273,1.00490974683824
42.5940912690447,12.3020846999243,5.27758327182027,3.95885922387645,1.98685859794486,-0.118705712574115,-0.672086138302436,-0.509122636752617,1.85835294638328
37.099726929646,12.473989085053,6.39162426903921,3.56226609844537,2.64023079204564,-0.322948373103312,0.163244305527256,0.45527460052349,-0.128628645560033
45.3192884726526,12.2423641974443,7.68518388704293,4.44385249157636,2.93367168113058,0.784181773148085,0.944787932885015,0.995804923490095,-0.284137376682987
41.8074837913994,13.2682004657613,9.41441928946104,3.02223149626776,1.92759133226249,1.19305578156716,1.48207379769829,3.60493915594531E-02,-1.71402009889835
44.1418535564593,13.7029246358218,9.08904071197693,3.02794160693045,1.37948644491085,0.994911781374762,1.04590295639827,0.014557785846413,0.733416579994637
43.4484663585831,15.6126341140944,9.48854307944892,3.26769747398413,1.05692924114002,1.82444825841773,0.38344914914946,0.333015732122518,1.68307951099759
44.9036839111879,12.1069804153873,8.12743310966973,1.30905435828924,-0.342821312268312,-0.128794311939039,-1.17238271840286,-1.52520823716429,1.63714506729601
45.2686141170626,12.6852194670053,8.66877877394672,1.60837281817912,0.875774660649028,-0.284947017663914,-0.335718827280563,0.841406051062376,0.700729083186103
40.1599416953503,11.5571540042857,8.86317815793747,-9.79930050263914E-02,-0.746315360027244,-1.74391108540918,-2.09872973497527,-1.41824476070139,2.77485770417519
42.2730430763928,12.7593111672181,10.3606224936377,4.44319247084718,2.21359751521882,0.728076744435859,1.8927213191783,2.44382154893864,-0.315930127508095
39.7404846930989,13.0190306138022,14.9745139334005,5.36779293715472,3.00788999786345,1.65522082837347,2.31068583463054,1.26384946433478,-2.29885846839423
41.186778676054,12.2755375125267,12.0267483253233,4.08510295299589,0.493160622484491,1.61077435440756,2.16345837121361,-1.57109209152653,0.728929067180064
38.8073617233513,10.9760325905264,14.2656466096653,3.33444771173643,0.376975339142066,0.695853038568618,-0.368287841614506,-8.06696198987103E-02,3.13649687521574
39.7739876965815,10.9334858478313,14.5593022153399,2.91136713471865,0.98869784324047,2.6999382593769,-1.01413405500235,0.628505668806641,3.32489827442281
41.9608502878975,9.86549796917362,12.5499566235021,1.78723575804985,8.07058701309967E-02,-0.316931409313653,-2.94603560516554E-02,-0.580989232239853,3.6260271391901
40.3647161457459,8.4514676353276,8.02027190089293,0.405109993572292,0.853409851506533,-2.35294944599041,-0.688538597133848,-0.740085270694234,5.30587093181547
42.0760448550153,7.88363672177364,7.06703476463737,1.98791370626336,1.49393607837164,0.723654141794671,0.176277686214959,1.48200982723094,3.79831862941983
39.2194157087042,10.3056830958639,9.06332141285832,4.55903643453704,5.06225345862994,3.04111247739059,2.99147516818399,2.25556445517412,-1.38232385335936
39.952883217369,10.5120555852709,11.7463720599568,5.12816495946659,3.47199065422652,3.21790616777782,4.48385265486956,0.809698477954844,-1.51779300096456
38.4311407708882,9.39445175963609,13.0335019152502,5.33621618386402,1.9541536988269,3.49914711515441,2.76708762269571,-0.288709001675845,-3.29946732104382
38.8982214281529,8.82892825119092,11.7950440879044,5.72768219032596,4.30755401686088,5.03853288032817,1.38571520749016,0.866924912243238,-1.73837394285817
38.2311146099499,7.92909514247019,12.327847124466,4.82817514060217,4.43359211397319,3.65932577673109,0.631570052015581,5.11482788604136E-02,-0.252553892865851
33.7116448620226,10.2289010993201,8.95936366790847,2.05267432593717,1.06019759545172,-1.40169988522534,-1.93515422130538,-2.87920443236112,2.20946948175999
34.9169376579836,11.963764806049,9.00009317101883,2.6979448594216,2.29397653150809,-1.54118499901147,-2.13429806999643,0.673255296923925,2.72210872527653
32.2431526191106,14.3680108437818,7.33355615076694,0.287032180098369,0.93962421220884,-3.41204668644172,-4.36977481513117,-2.13649424620399,5.24998104504471
33.3347674146533,13.9864441576282,10.2211504351305,4.18329068828355,1.9047619047619,-1.76912800307951,1.02838726233876,2.44186309806852,3.36722293926289
35.1483934447671,17.1074574245771,10.929525004236,4.85830982482321,1.18659762249445,-0.253193342508834,1.89200155765555,1.53996843072149,1.71639373013914
37.3021338763219,17.2728405498431,11.1616825979286,5.81255404827654,-1.95487812976286E-02,2.16170722043938,3.55899740120592,-0.401048471277841,1.88697969090541
36.1057423222222,16.8361368612237,12.2038450278706,4.58170518306689,1.43419790294,2.64997356368202,2.30066020740526,1.16894982556454,1.2791195858089
36.4780549193029,15.9151452959285,11.2037230335873,3.66628540513202,0.887021132082116,4.98810640431169,1.08674238971592,0.316598990294001,1.49765215422569
35.8409115138204,17.8708756905795,11.2654088858578,5.78699410442629,1.49565316443495,3.25753449063967,2.13690816077669,0.664913231232969,0.575026542495009
35.4306396981679,19.0408034438317,10.4395532136877,5.80832434675621,4.1968776393504,1.68743077413151,0.921964363472709,-5.80109124809712E-02,9.22768041101477E-02
36.4523733327865,19.9065269306283,10.1568844848912,4.99177240728306,3.32281968793001,1.85203221906267,0.375752365204066,-0.232950355430537,-0.130059676593727
34.5963951697751,20.0528601644781,9.31256302628083,6.08445248592034,5.89012221182656,1.26296475624985,0.286362295995077,0.575782618034344,-1.11814538001434
34.8152842254684,18.9845520977426,9.78649594067079,7.26963940410061,4.04701724400154,1.47555349551338,0.873570543971848,0.53122533079369,-4.22923441268278
36.7044752453395,21.3481131164525,9.48643690144384,5.64282690940824,2.30619503592698,0.5717388921116,0.860330904320313,-0.246337785515515,-4.2040777506812
35.5160802673925,20.4620389774674,8.54930505828225,2.94356595869546,2.17041090650823,9.21917325257192E-02,-0.252852067671515,-0.540595384865821,-2.90166726156976
34.5142918318667,18.2319206365385,7.63365159768903,1.70500333271983,0.561832768591926,-0.13022905207769,-1.24795508857556,-0.456094990947753,-5.93363451245866
33.8413552093473,16.3196075630413,6.95880501709034,1.57855439820099,-0.17068239084941,-1.13078924774571,-1.42105239905219,-0.417722693394632,-4.94330958899268
31.170153073185,14.3740726904794,6.49664920816653,-1.96275788846424,-3.56389342198199,-4.41599728972288,-3.59935993901876,-2.699992589086,0.447755324892965
30.120859041237,13.4648658439632,6.00975694047084,-2.23938229790576,-3.73157121300886,-4.3885769372726,-3.35589035302785,-0.220012414065945,-1.02131839199193
30.0948189734172,12.9226089839342,6.96712345861847,1.42487815916027,-2.6542997807128,-2.98838010883921,-2.09431680046669,0.807987256233758,-4.652316648612
28.9660914025308,12.2589803333409,2.85384434894386,-2.90934659358872,-7.062816536239,-6.30792364699638,-3.0824792977407,-3.69401737251439,-2.83989083519185
30.2829557285211,10.8477207376927,2.4286103812404,-0.123475534182727,-6.95816394824253,-5.20038049675277,-2.20977827078478,0.628454836150918,-1.86630868573695
31.5330555335976,14.994259558306,4.62841462175195,0.256343658599943,-3.69511290790073,0.445759413383329,-0.144847341893177,2.811950658551,-7.40701425511653
29.9182615553658,11.9201068916803,2.35751285418398,-3.03347256306494,-4.89864050015504,-1.03185693666514,1.77366682108279,-1.7075103656599,-2.03262646487928
26.4236600324993,8.92817580241151,-0.432457406690517,-5.6691736318459,-7.52310315981686,-4.87931797091143,-1.78273371425328,-2.96940945319566,0.541971233106761
25.3968228498074,5.92225609756097,-1.8153080872914,-8.80046534017971,-8.96004492939667,-2.92289794608472,-6.57052310654686,-1.75970795892169,4.72480744544287
25.1291588355695,4.58143854328567,-0.387180497153961,-7.38405700433594,-4.38275693037302,-1.90180218510306,-3.08986613263912,1.6143177058707,2.1216386141701
23.7504756453328,1.75549715913711,-2.87875190664667,-11.3499546307529,-7.28208939205208,-7.99954142911503,-3.12421742114044,-3.0037206034923,6.37006995645203
26.4215298929461,6.324050431084,0.652468367242458,-6.97636248103676,-3.96811439924531,-2.07479938629833,2.58306505378487,3.87205742471955,2.79643815423671
26.3650528894525,6.69303101378835,-0.68059538569033,-7.0827716598168,-0.59786371938046,0.539049738591458,0.655266164630523,-0.332651875342592,3.53126982521269
27.6632012809414,9.19895195703636,1.60431781443204,-5.22067892958653,1.09906610791471,4.51164109125175,5.77511510851994,2.30469857273096,-2.0207003807583
27.2126542730356,10.0711972909319,0.71058158238704,-6.727915970037,-2.67181148447627,2.07756029276611,1.10378603246894,-0.893618369844061,-0.543390462763075
26.9597494064608,10.7372115812373,1.48487984749139,-5.28360700597896,0.172672890738344,5.9885924292989,2.52603852157151,1.11025840547784,3.03457891204563E-02
27.0172928191918,11.3053402147764,3.47939672817185,-4.16224411280781,3.56554148786371,2.72036483408201,0.75561043408444,0.530250268394528,-1.02256034695125
26.8517494572948,11.6605490828169,3.02975675597885,-3.2958451430727,5.59277948369915,3.41082441196208,2.00789554610607,0.37947703368634,-3.05626712759366
24.1177280098584,8.57422782141723,1.29633423357629,-6.189939276605,0.943222140034429,-2.06237479611608,-2.29413392925561,-3.23117895339327,-6.74791268216565E-02
25.1599635967697,10.5888789841292,-0.564079089204235,-2.77259871966948,4.41369737599858,-0.546359327239713,-2.21722407493906,0.605036609183658,0.871454784685471
24.9273488500754,11.3671253833146,-0.142818826409795,-0.826805618915959,2.23145819626471,3.03365832448785E-02,-0.885415592086805,1.67745258285059,-0.922858730096874
23.9385487091127,14.4035969239018,0.885711015464231,-2.18470262617541,2.04120668715658,-1.03312467016291,1.75644252979962,-0.527892983371212,-0.931494516350319
22.1246702836498,11.3145837760804,-0.728266848349238,-0.229941994924558,-1.98470491167978,-3.15261960421537,-0.532155938644636,-1.71038403360295,2.28582500968836
21.0183318193092,13.517144464501,-1.51105081096137,-1.00880168318792,-1.22671161010007,-6.75246918941357E-02,-2.3942706511712,-0.143734483209191,4.29560322710127
26.1238050037291,14.5954425261497,0.619687621348753,-2.34091371371865,-0.796818274274374,0.863926059702052,-0.297940076060627,1.53022701076807,4.76950671540135
25.466884265765,13.0021888453725,1.24798121819502,-0.726607197121035,-1.43871464336012,-0.931454741495668,1.28693001710663,-0.10319503553211,4.72568476616066
24.1897626725949,8.68070713595052,-0.775479915915368,1.65315786494507,-2.37156816601054,-0.9402529207469,0.899621836261385,-0.536655984206598,5.5842152889188
24.0009502392403,7.74070690466443,-1.56598510171532,4.79275007180265,2.30914246255569,2.23474270210154,0.857965204744472,1.48883545278441,5.09546696161767
25.1099252710715,9.28886358163203,-0.566262375736239,4.95892197087515,3.46989499238907,4.11868103178587,2.72905755725455,1.78603714615166,3.86765905123293
26.3720238620519,13.0000676562123,1.70434823534949,9.55335133576896,3.7626414161916,4.55238061620101,5.15974220041534,1.97563493884466,1.62661713055296
26.2903156911756,14.3916909575902,0.700889497041625,5.77362970469405,4.12911331623762,4.51244102792216,3.58671012765806,-0.145082726612596,3.00497994617947
25.6036337732343,12.6592346163167,0.929079732974951,6.34977637753641,6.00600732923543,5.28887322185258,2.10910132410937,0.280831625871185,1.37485587550581
25.792691214383,14.0376392501804,4.69425831721604,5.12853499397828,7.10832786399109,4.8484174521805,1.16546050408075,1.0307075402787,1.94555951189482
27.7525180479666,13.7753926493584,4.64801499452872,6.55656714854767,6.25443750654565,3.72364130140374,1.92552572941232,0.625060942358453,1.42188002210177
26.9008310810566,13.0684149399212,6.46897285328182,5.33172689019382,6.17691859602659,1.6005817929208,1.46642208208056,-0.185971120204633,0.639103865232444
29.5794727626445,14.3638611259866,5.27358901339793,5.96439850169699,7.79294876698871,2.91731520917686,1.63000152289817,1.19501032782349,-1.26686538223672
27.8381270234303,13.8308638639342,2.51950353197028,4.35767836794068,5.16136370057469,1.35620994341458,-0.298031499770713,-1.32266872212293,0.950745114971046
27.5865363295378,14.5496389254673,4.44753707172083,8.81957252824895,4.96699388786264,1.90842987297335,1.47466988540723,1.58474967186385,-1.88098122155767
26.7959273346717,15.2078314132479,3.42560235751405,8.36723779030061,3.1601826247284,1.40194603155839,0.394675653098475,0.11195058222136,-0.715500953930052
25.6389459916722,14.3929932188497,2.1837590336843,5.90436787758122,2.36711109768927,0.635045266388976,0.746063143574734,-0.965222787138319,0.851975924076425
23.2107347946674,12.5240960801778,0.82755823973698,5.73171703127601,1.39471225912971,-1.283120795406,-1.57060821330554,-0.712346027677006,1.09332116761893
24.4786744312045,12.7944801455313,1.78017459446077,8.15398470773548,1.26758592480167,0.941791082263196,-0.766120206815142,0.903111914834073,-0.240614561020146
22.493671143612,10.9294481469748,0.77813688931259,7.13431417285989,-0.600841716101008,-1.91704039132823,-1.05585088603989,-1.25552594177161,1.51020609837266
22.8588295039824,12.0010558450203,1.48542761723323,6.90258682029977,0.875734500883697,-0.72065726352514,0.947821745816797,1.28451580324558,-0.578706360318592
22.7420049393419,11.1992876168531,1.55751823735077,7.56030160785276,0.282828657308915,0.844778613676158,0.648858989203034,0.604014213441165,-1.61441192742704
24.0544602257261,10.7724916692215,1.33600472196833,7.619832840029,1.12010647350913,1.08149693272629,1.41773660700215,-0.471910305523952,-2.97708928474214
23.1059401710017,10.3188693116342,1.45242065313252,5.82795386436977,-0.896082614831938,-0.241194911096684,-0.286441436321808,-0.421965209810079,-2.86477403352991
23.3963722781349,10.3199667864454,2.38142617858012,4.58611902478132,-0.513306896107422,1.48773818556642,-0.400566921017588,0.490902062962591,-2.55164564573164
23.3342183256907,9.12136131063521,2.01994695817545,1.89455700841801,-0.338437430559362,-0.582074864581742,-0.717998147287742,-0.789567094445041,-1.01819813632154
22.8591594612065,8.43495375268484,4.17385280281049,1.60336586539437,-6.94216984112716E-02,-1.64090285889859,-0.73842077955206,-0.442327815346984,-3.19310826596481
19.1410348129559,8.71213547469226,2.5837469646732,-0.531795902004262,-2.88290523135669,-3.06843946733291,-3.14167860863351,-1.88302852708851,-1.42786793624355
19.7750635582081,8.15818569734815,1.48985031144078,-1.88945426215826,-1.91796566338625,-2.94926377637582,-2.6466726454211,-0.305849576809339,-3.71566505250172
20.1486293616812,9.09611105846818,5.76932258829873,-1.69916694396025,-2.40720214077994,-2.61845945233232,-1.36619427592585,0.810652187166917,-3.70640522472533
22.8799173155544,9.16511596887088,5.90533418175271,-0.726841758852106,-2.23424392640327,-1.02867205602484,1.27525304982714,0.771886705399487,-2.37987467592055
21.5280543270944,5.71266883647676,0.569874572201074,-4.69650604682358,-4.50030990158005,-3.29843073025986,-1.08008934747004,-2.69891339822802,-0.345607631663259
20.0497031368552,5.11644210625656,2.18196471197122,-3.39023928060776,-4.12207977218647,-1.44855133631482,-1.96580550015092,-5.84963078418719E-02,-1.00057897113908
18.9909265222899,1.91952855142009,2.44815457754143,-7.8802427080297,-7.44960439575654,-3.85905459546227,-5.52238450102026,-2.68920127707065,1.81731059874801
18.6600199097577,2.82985548262091,4.92137171365039,-7.11533547178879,-5.73347623606413,-3.84906725455121,-1.90653093449995,0.820190477643481,2.93642226994123
19.9924289485945,5.2479183341895,5.41031514688139,-3.84189792968329,-3.03588708232285,-2.43789348561051,0.31247386717957,2.12026771954557,0.139026604704497
18.0804196828492,4.47197494762603,7.61538987343864,-3.72863633871182,-1.74086657237223,-0.346806220428141,2.33818150952722,-0.602497876121757,2.47008355047845
16.3614189479546,4.27109749971251,3.20169651557611,-5.42810841236888,-2.16142318470413,-1.0106917401541,0.821097197087542,-0.720474394901371,3.32925294000157
16.1760428949887,3.98023555077803,3.67006574300626,-3.96172809756223,-2.83896778267868,1.78487389625704,-1.17246604637742,0.152818685124763,3.51135488910258
17.5532399739441,4.8556812649093,3.26950539087853,-3.31515500489474,-1.67139836772987,2.85265623691557,1.34266186160015,1.89846073355076,1.21356831027509
15.9909154218617,4.23695955931147,3.53757230605424,-4.58121019345738,0.392641074163381,0.138833589079411,1.44694126190934,-0.614014288973693,2.04872745818216
18.3433943592281,5.83788736782304,4.09925412795279,-2.33496435574615,2.12934557516447,2.41054116957135,2.96032400535122,1.6860740007697,9.41228214855143E-02
18.835926614452,5.63380591064547,3.70083461893008,-1.78572866794117,4.80387297156995,3.22198491257331,1.1981493264254,0.117003338036405,0.13223280881963
20.6284290587138,7.35677681981852,3.65153246722919,-1.95187239924279,4.33190734115951,3.39224125977724,2.12366285866914,0.328474451095184,-1.26295908701471
18.305443389699,6.26357735661177,6.36051794389308,-1.48566575266239,1.93829921986257,1.19901741489327,0.117880925621532,-0.32867545038201,0.826777274607644
18.3256359729398,7.76794084101791,5.98779382033842,-0.827164850644899,2.72969515237997,2.00759726182935,0.210280049479383,0.209403273734501,0.850326343238701
18.236651558194,5.23648091960286,4.16035926380799,0.805004031611349,3.19972990767207,9.40343137362612E-02,-0.352628676510973,-0.233767546297619,1.14445032769201
17.4558105966822,4.17226354016843,4.81142222862445,1.26076811650369,3.20186256150468,0.132058184572893,0.13118072155247,0.155018466940489,1.01749149409284
15.7479703880653,4.63566026690949,5.40145812761278,-0.621226813937944,0.263051306461056,-1.27911377061394,-1.1591552793562,-1.07992206763205,3.18314993407087
17.8067747845618,6.38076156961448,7.19102853362594,0.371366307040211,2.60718899524137,0.819997719807971,0.843671051074125,1.75073724998675,1.65226781073243
16.8503842311284,6.00787226443158,5.96809798527699,3.21534113508113,1.16743667449353,0.843156759200423,0.920821654015924,0.232704890062871,2.3568252735478
16.3327989712444,6.604729900962,6.11924239330498,3.32774352936747,1.10876513120835,1.13150086236484,2.0359340403132,5.77082093367188E-02,1.58969101127663
15.8434998631916,7.3182366336734,6.64794780143815,5.88717721539146,0.812164222211611,1.0072428834291,0.319726325268152,2.95332444440579E-02,1.21658146904728
16.0349847962265,6.90391000225639,6.2241276185769,6.09726833496295,2.16685111762957,3.08495130852737,1.12790868423787,1.0415927967422,1.45741331700136
14.4757577705864,5.01382310709157,4.77765157197659,4.3232392504804,2.22734189151539,1.62541165712979,1.33901973811105,0.271104348385153,0.366330197238241
15.5861326991407,5.11891111394233,3.75164564488046,5.77065726702624,3.35223170679917,2.30255800455827,2.21726759247463,0.919437720304083,6.39147237439931E-02
14.5010730263763,4.73264858261448,3.2212173414747,5.79263186179163,2.52750988745161,1.56481528337375,0.499343925088429,-0.696986046737058,1.71064138539073
13.3898924480495,3.57376559124251,2.61967916779005,5.32860950539262,3.2420058342231,1.20195866269136,-0.109346986092401,-0.338982808422504,2.08274184170647
13.2093695128641,4.75592372391326,2.86151819319801,4.72838875980403,2.77495956243411,1.43647789683707,0.251415403058914,1.27649269511522,1.42722897299526
11.594937357558,6.66874027551002,1.4557730551376,4.53992218984482,1.75585319988214,0.364993117231979,0.136445359932468,-0.813049215706089,2.10397748544797
16.7349615165064,6.61869404402418,2.2485310064277,3.5047884203624,2.30858520374924,6.38738989179552E-02,1.09087848185252,0.619994157271259,2.742757951876
18.5578980856905,9.42537080198061,1.98964010870038,4.29342654245636,3.19177711658101,1.68187061067579,0.747069812941739,0.933329222265361,2.11857814976714
22.4598997915125,7.18314950568297,3.29495650906808,4.00371578451812,2.19899623377496,2.04024872777815,1.57388414374425,2.67614948326475E-02,1.96549868854664
20.6746364322329,6.33330456161648,2.36510473368991,4.9290823585754,2.55924421340446,1.40714578072053,1.59216648243486,0.638453677999934,1.35104093287187
22.2448236968794,6.57231209367885,2.11408988942628,4.59157710115872,1.51256380191813,2.06062245297724,0.521150658269887,-0.144857018176132,2.66605229073458
23.6666763052342,6.63746180717633,4.24998864025974,5.99236625454906,3.40496165915547,2.66953895977826,1.72626743720129,1.23786745317377,1.79952055011436
22.6106259971522,6.64795594517164,5.2388876498945,6.15504966461374,4.0468682987082,2.07462558542485,1.4190183733338,0.327803606045533,1.63174418006211
21.4082639404183,5.90719212905707,4.25735839722978,7.04317476021655,2.6863302827933,1.92761150960508,1.44021216368483,-0.123327012394542,1.14972380245692
22.7502652806824,5.99565248745711,5.47862129594334,5.42086050528672,3.50596323501636,1.3330311365689,0.240864557470611,3.60575684836247E-02,1.82719152750163
24.7608067285775,7.28128015166051,5.33819765977281,6.27894644284247,4.00879163857321,2.59681971912656,1.05162880925172,1.13786128521697,1.02025919988484
26.0333171923313,7.11473276722601,5.14122475037806,6.59729642724781,3.48929689254151,1.76771024106001,1.56603788897336,0.397190383569732,0.596360429476898
25.8621225154518,6.77112380777473,5.74091154002488,6.72223970226609,3.62106985970803,1.60554578023489,1.69129552332327,0.163262109281635,0.607000149893249
24.0166850743166,6.44179446738042,5.57337452299733,5.17445154033313,2.41934936089455,1.13665540471698,-3.72907743031909E-02,-0.600456183679828,0.492795205044926
26.9306337679051,7.59728289791847,5.77286391759391,5.58333316471167,3.24367382094672,1.79440432372932,0.267973552028887,0.701128888331318,-0.976049653010342
26.7606495275876,8.33706930216583,6.83652050122698,5.03895377637554,2.37204334754458,1.00995504066773,0.452685158984228,0.348167650117048,-2.20999079842638
25.0321018330651,8.69781519294042,7.22590412879996,5.67499902517994,2.02890307868345,0.592825055430288,1.02456949929209,-2.25217048728804E-02,-0.983761514641809
23.7307757354816,11.2526878400906,9.09885882564542,6.15706650273415,2.31966304350745,0.603337888008674,0.498978553653452,0.173820370405167,-0.387975120197802
23.4661219667327,10.8145557629122,8.72826669568608,4.2642326402243,1.58597442731143,0.490378642607592,-0.562363929220544,-0.714783479748477,0.983325774314971
22.2276107559371,9.39414414721231,7.27213654302252,4.30341016988866,-0.315024881857155,-0.985670284401064,-1.31568013361143,-0.771793932178047,2.93167263567867
20.3853986744188,11.827406387616,5.701112578175,2.83082996943452,-1.63082364601498,-2.25993515745658,-2.41492766901573,-0.909266490206597,3.96492151742824
23.5773389977465,12.348886931949,9.29597011449456,3.10825280193587,-0.558995288633186,-0.993535534868132,-0.45137868077656,1.21616951415005,1.55320979263604
22.4594293598911,10.5081107593465,10.0478149761868,3.82944262573411,0.811783356453673,-0.389486229866279,1.0863977610437,0.770887639185239,1.18220288452923
24.4234168687505,12.5849973594678,12.9753543634376,3.8433966949506,0.76357899541973,0.973750633359591,2.61764089699113,0.652870750466701,0.724155079895346
23.8793683607303,16.0699692094715,13.2521693326866,5.07292650308137,1.54779810995257,2.84817351220472,2.53828302272598,1.13566956660992,-1.0051092557533
23.6349452431087,17.5985640571336,11.456007721829,3.97310582145254,1.66211047901123,3.81371087435831,1.87307243511979,9.36139548259769E-02,-1.07318879144781
21.6027711495042,15.3002914360328,10.9919321894742,2.56883580029912,0.377950881762809,1.52945416083605,0.112322214994075,-1.12977427914879,0.698336628341173
19.5097249319155,18.1049533562834,11.9883340768806,3.08494416737138,1.4876049566856,1.16839014256132,-0.623847224349289,0.40704216911594,0.43474207789267
19.704406327334,14.977512499701,12.0308791124083,3.24493831886,2.43867105784286,0.718948775813448,-0.51560435821578,0.201085035179915,0.885677907758711
19.8834216806262,14.7583205770092,9.79826068356071,1.55261733032975,2.74607450584562,-1.01531427349114,0.019585692417732,-0.591314113062259,0.99907084940408
20.4833456075468,12.7691026636603,10.3710198468018,1.18460639871903,1.57321557216771,-1.08483107697202,-0.36408302269103,2.48602945009374E-02,1.13268046101144
21.3077518587225,14.1031190950123,9.42587086742153,1.66571279467672,1.45265187479003,0.693493707764611,8.67116115213538E-02,0.649341164378918,-5.20535248336488E-02
22.8664776287028,13.2652540310898,9.45185399303472,2.39501862644936,0.949521294616127,0.43286025223772,0.818715156208251,0.145656911344196,-0.36881629394983
23.0791930252595,13.3671988006566,9.74137181490274,2.34197359442062,0.460095220279222,0.877902519095426,1.43607673479281,0.647163284072077,-0.610342492642428
22.7937516876956,12.6211831606369,9.60669412867256,1.53196429233271,-0.109799488528966,0.989188158863122,0.317286767937229,-0.478378965091829,0.180815070922923
22.9311754160249,15.4890171286669,9.55917190848411,1.70863755037794,1.16393788190267,1.11999450212151,0.328551104168285,0.156940642075555,5.06174870862622E-02
22.32698135593,14.525382002155,9.29340396105112,1.01729953937867,0.235691443497159,-5.20806346397345E-02,-0.850694652036256,-0.528312866441077,-0.337129108158989
23.444878012425,12.9177601984594,8.99648384057238,1.5509297460167,-0.137079644604388,-0.370181583948634,-0.542995097073685,-0.171815360373068,-1.1301750893014
23.1296615145623,13.7265076897179,10.3340318563614,2.7013091673526,0.855458752016372,-0.614090548201402,-0.29246509704434,0.40572656335948,-1.02750484128151
26.3857067732158,15.4446021188266,9.02384142361469,3.8818948408766,1.14331544301656,0.180488720115638,0.548997534465949,0.315128548664573,-0.291411326658161
25.0319501584133,15.5887712447914,8.83627450915641,2.72482839380032,0.524081668237483,0.05059187874857,0.746395328639166,2.70131571908175E-02,1.13633586666992
26.3275661991771,13.4888551026706,7.94496771609089,1.06779854200841,-0.536965359202227,-0.338269513151852,-0.574224996217378,-0.919426534860426,2.36522042841251
25.3949408800155,12.7351607762056,7.01969050849648,-0.553576812905171,-2.1787706489199,-1.14309405354182,-1.876171092589,-0.975304753289827,3.43924317804915
24.4679568821088,13.6428162963022,6.51931104584591,-1.1909114406513,-1.17463978025893,-1.03817210997231,-1.3849660571825,0.509041820176058,2.30736162057702
21.9680942344478,13.2590407067849,7.25038876745313,-0.221168429233729,-0.268608991046594,-0.292263014185129,0.594597209090299,1.05104697211939,2.25528190361218
21.1244565011539,12.951957901941,7.73613220817589,2.32386980321065,1.6929605389471,1.12356835644904,2.97071342835611,1.43833728862483,1.90866215367255
21.26838168265,11.4569388084659,8.64238608956561,2.21114126612874,2.14824114058894,2.31057034656276,2.75914070354376,0.292101411150646,1.46395809783769
23.0239340174846,11.6498752026818,9.01761477058895,2.085767900412,1.82146826192081,3.32489205487438,1.79810943124176,7.31346119310907E-02,1.57883572820992
23.9174344111864,10.8768388561196,7.29592918685842,2.08541141419457,0.928362171205065,2.25532315957305,-0.22449818437911,-0.591680346002097,2.13194733521309
22.9380643363712,10.8497727265364,8.9637431599273,3.04109065343956,1.89322196987614,2.20554074237266,0.487722697216024,1.00065120407958,1.42493820040886
24.2097290050874,11.2786276785331,9.40628987080498,3.4839273595987,3.85938177863761,1.8729145426268,1.51341645578462,1.10310161620343,0.452865058772491
23.3894924501893,11.3149935408352,8.42027375564014,3.20307832306862,4.65002108132772,1.44283558938836,1.95084103908805,-0.144906051720807,0.246045085162789
23.0482264115653,10.4094591383186,8.5662748845888,2.75391904850057,4.34056280053831,1.55429594845361,1.1441514210294,0.186143994486137,-0.323606145954574
23.2421295480398,11.5374977970745,7.93559446945544,3.17150776230834,3.27910665363603,2.08744412579906,-5.38314882163606E-03,-4.69102968742471E-02,-1.04779146706827
24.00935036792,10.3921583659472,8.35425602733303,3.32047945231734,2.17238255500912,1.40491897327389,0.449438632939925,0.310550276435109,-1.39501662954885
23.5416337070738,10.4227801395275,7.34114326833277,3.96905795955029,2.02912011921591,0.450823436949788,0.409485728283672,0.146085421057733,-1.86823477777154
23.7785395801125,10.9672649055589,6.70962207562329,3.79678442594353,1.61278035446215,0.245441189179847,0.10626822484052,-0.351517363011615,-0.751047478210211
23.4888391207534,11.2572737700862,6.46646595184772,3.03366418075901,1.81562298173966,-0.324656755167553,-0.589998746871203,-0.384292833709815,-0.290083252736797
21.7666887942619,9.75082168936095,5.70373848420576,1.96926962744685,5.05156809092775E-02,-1.05888638829072,-1.52201156031929,-0.779107232485464,-0.694784903583056
21.2658654313389,10.8337814636043,4.57980498234475,1.90307428164177,-1.10525122290972,-1.41475266448541,-1.20736013476303,-4.04936991804075E-02,-2.73614305614046
20.3127498716107,9.37053481463183,3.87794239057654,2.47073048644924,-1.29760968347971,-1.90380227395355,-1.15810412861034,-0.335437401270244,-2.30860240916862
20.8675701598281,9.52924914519468,4.46988524548925,4.16427742585076,-0.696873550733279,-0.756730886449729,0.404940036236913,0.778080862874462,-2.10932606961125
19.7254302196906,10.0260313446005,5.11584560621968,3.75079515155733,-0.569351072544247,-0.290927183774586,0.524687240387447,7.97890681242621E-02,-1.28468133676981
18.7632675447893,9.33806894329854,3.308970507002,1.57107295348019,-2.08295969535925,-0.699645937938383,-0.322366691949052,-1.1898154820794,-2.47171709991219E-02
16.9532892935674,6.94095931373104,0.89460631660005,-2.00257257601988,-4.4202078444251,-2.81311387612333,-3.2729401906051,-2.14012745642041,1.28315722089848
16.6311435429209,7.76568978630895,1.01964562939145,-2.19533570183733,-3.94656026809034,-2.36315833952742,-3.24825306748772,0.103674730182854,-1.71329478691783
17.0002194180349,9.07184853434683,1.81906116755433,-1.26781453707077,-2.5337841176924,-2.15477734999681,-1.03422987234878,0.980067222306049,-2.79128732495153
17.5029934881024,11.5685747079309,3.4073533386696,0.248488892428985,-0.810690114895101,-1.30140018202497,1.9873235408949,0.914499189766904,-4.09334198626586
19.3418257915364,11.9135559254988,4.22905109565236,-0.673660506938178,-0.683771611670953,-2.47232818949845E-02,1.96944750314423,8.54551432254317E-02,-3.50829241053955
18.4354698049697,10.4643790587458,4.31264559527834,-2.63252047705925,-1.17120755128966,1.26690089063862,0.186190957867305,-0.821186965712193,-4.81886664886529
16.2142271991767,7.11339647806747,0.284963744812226,-5.49894044129098,-4.96421873624775,-1.74316026079363,-3.69850307712098,-2.94184952235229,-0.650968497593141
15.526991660617,9.44770821174698,-0.608287596531932,-5.82041891453132,-5.17200358709379,-2.87143739294471,-3.90967464679802,-0.11801077619368,9.39476943161685E-02
14.252921450657,9.11085514805693,-1.70562614962129,-6.22636936830224,-4.38302692649639,-4.26804777795477,-3.50723844456153,-0.430712298888594,1.41263014291723
14.3572786943098,12.1028646141428,-2.16280970560179,-5.8206974506942,-1.48946684901909,-3.63584861143317,0.14582334755512,0.69125810326889,0.195242386527188
11.885335389701,9.41790145465903,-4.51785916645246,-8.31695701804573,-3.83945130360997,-5.0628380638082,-1.94007512375518,-2.20942059629135,1.66948588043769
13.1930639934851,8.72984125145238,-1.92733480303799,-6.45148100571414,-3.42343508823339,-0.65523386363094,-0.105423482791175,1.37677480467352,-8.20490454302229E-02
14.0619296730831,9.84536204648958,-1.70213486379874,-5.37897641661164,-3.72343271200501,9.38595154654923E-02,-0.170111906817687,0.627084497265819,0.053159970880528
14.630804725474,11.2736480113955,-1.01516198086478,-3.64915926759047,-2.90357941428987,1.39295287078785,2.85296563834778,0.8752021362504,1.0424155525259
14.6255081557951,10.6798913685205,-0.938886358652562,-4.14115345039893,-2.5914343066309,0.194861933437911,0.989153720290811,-0.515358534487116,2.20076581819409
13.6112325018877,8.28912858941954,-1.69834569480343,-4.54792904314542,-0.384470830985751,1.64207172484475,-0.360343706184635,-0.727347858089012,3.9905584783736
12.4351133636291,8.52789946331054,-2.72341429712367,-5.73873746684481,-0.619146903140127,-8.21164211699343E-02,-1.60290708499662,-0.352063925314972,5.10574535315858
13.0704722970503,7.66755106737238,-2.09000582080056,-5.01746240168938,0.575176316110078,5.31317260704206E-02,-0.312360402312074,0.761374250402717,4.15652538816617
14.6624928084653,9.2655533130221,-0.858466612013214,-1.86714162905366,1.73095090357563,1.03166135412114,2.25007008839775,1.84568328547835,2.90431704669415
14.9115463737842,9.53447961697824,0.24797120470696,0.889487763849017,4.45503112183863,2.15337507559293,3.20071671336483,0.623889213120555,1.37420676942903
17.0331921868597,10.7381988890842,1.09653752167357,1.78499420621937,4.09610159931873,3.83742383612979,3.43960384003806,1.00628133396162,1.39403655604348
16.9254908271645,11.1883805558728,2.31747770383213,1.51978622673048,4.17871455713944,4.8577224166035,2.325004931632,0.712685714878993,0.965366965333226
17.9700572692578,11.2687808139864,2.34555073167276,0.468720250105429,3.19441980516885,3.99065288773392,1.57121682064318,-0.143026933381682,1.36255735535987
16.4627985634223,11.7097999366026,2.58631764946652,1.03237077288682,4.31799679655821,2.82234713765826,1.21823753888903,0.651276115119903,1.86299314571916
14.6522939980085,11.8878650504361,1.42226639149154,0.978504168330069,4.17673120343965,1.35557832038538,-0.362421011431401,-0.876062434101573,3.22629594003804
16.8342659204251,11.2375831416271,2.40695775931583,4.79490066835588,5.49226224508015,1.37487036061825,0.808807936476228,1.02564168673969,2.52085348961177
17.1432354145284,11.2895731158284,3.57762368818001,5.18397453901124,5.04444554416629,0.956136737129562,0.44924351633633,0.291140647926116,2.65432864444786
16.8271212605916,11.4597083416942,4.74709248839143,5.8260499961855,3.50016892769061,1.34424129669793,1.55990457989574,0.249384712140161,3.5010664562176
18.2497198659413,12.4426422345825,5.35056052163243,6.25098237056792,4.00071998255817,1.82892048248972,1.67300876654819,1.1393597225532,3.60041982081561
19.2205026097018,11.9246937157068,4.78156168239806,8.69595664986589,3.4672788882601,3.12545937123631,1.83578152572132,0.456200983314687,3.21069343685077
18.2878893046837,11.9896034524384,3.72492656526638,7.74038558264929,3.1094076935458,2.45886900450668,1.92948505150492,0.344602547078714,2.70822016336713
16.7540565059048,11.5466655480767,3.84918068504034,7.54885431138163,3.65490915943601,2.58569578068291,1.21665438513344,0.420785988909676,1.549226200799
16.9686890272229,13.0948000867168,4.80398897457338,7.72628449317105,4.05655176685558,3.38263805010995,1.82123943138531,1.06544024280715,-0.984421939360155
18.2295133315062,14.4573308601856,6.53189969069339,9.3323602247367,6.06359627657492,3.47529462432951,2.69762342899651,1.23416761285776,-1.91952400062645
17.5806784853705,13.4208631378451,5.66298967320277,10.0593665530112,5.16639383644123,3.11081471302702,2.3649429257099,8.03208923565528E-02,-0.974914697256252
17.4206340218523,13.9963626413517,4.47440412389057,10.246798028652,4.75354171117463,2.63680955532036,1.17243908097623,-0.142935584716718,-0.899300503243443
19.1572225297997,12.8404297426501,3.92991589364696,8.91088376405831,3.83201170904455,1.52559134004195,-0.778671191138804,-0.715723979250232,0.553824490102922
17.415957016234,10.7293640451983,2.33961003580104,5.83745215215973,1.29748266718046,-0.994209152379304,-2.33842146385771,-1.46613477029597,2.01744448274287
19.3799832464991,10.9666819897371,2.67095463144481,5.5234782912427,1.13519626108766,-1.95709082879931,-1.89340756602072,0.292531344203355,2.80992261329665
18.2161113439659,11.3206324240473,3.37675132362009,5.54942039729899,1.81859259538181,-0.984512857803354,-0.123766272487042,1.0334638074703,2.30526256659768
16.88170820897,11.3899952560732,3.17101856061355,4.80816746061553,1.33812091083395,-0.907461307347156,1.25732590777016,-6.65261607795768E-02,1.18511691802889
17.8261250771777,10.943072771719,4.22397127611242,5.64728993725847,1.01331901062983,0.550774167876064,1.70020791219006,0.739740658513269,-1.87004476458043E-02
16.8455249456251,10.6408667610576,4.5806769286617,5.01886489327063,-0.234055899931752,1.97754853885224,0.663352561032668,-1.04242868714736E-02,0.366321704530332
17.4665730751194,11.697952492785,6.32301096222344,6.84282019563223,0.749804191841652,2.73312394550255,1.7827491040753,1.06109517884217,-2.77492466466906
17.367169200656,12.1477626115195,6.87151775079737,6.39068528130117,1.43187794373373,2.25331767766787,1.59032518490539,0.545273312440335,-1.05048228057832
16.4452920399146,10.0931079825505,6.0929199596117,5.01490142836387,0.98309136571804,1.17123639733397,0.445089365837696,-1.17428871776903,-1.49600329162235
16.2598609652953,9.32351815693161,4.92551537035038,4.34379200722156,1.96943346056104,-1.87039453673154E-02,-1.08084274458629,-0.455395076385688,-2.63081723363129
16.089263010751,9.51422334447919,5.2047280607485,3.60249782958135,2.04877744792981,0.364984686405816,-1.25569639432521,0.373232582734038,-2.30360689670762
13.8396239012878,8.13349657235495,4.31878284592508,1.09269056096566,-1.08769854195604,-2.85412446850598,-2.21770444501852,-2.13552333207285,-1.95649705034076
16.0097053278079,9.59282259421779,8.45801390796159,3.01209080420801,1.28127888853386,-1.06163456355294,0.56417248604205,2.27852022410796,-3.37259531539268
15.0980545267949,7.79645660117304,6.86759726126555,1.01283347959088,-1.07740990287508,-1.51872344434033,-1.43710429898016,-1.63188711892474,1.17588584970674
14.109141614791,6.31816154964314,4.41631418112927,-1.68021605117108,-2.71040174533875,-2.70189926513379,-0.931242017115811,-1.6261780658684,3.25374172110354
15.0710785478614,6.81843764774157,4.21605977451979,-2.22303380202066,-3.07809009703104,-2.3579242012262,-2.55447520943346,0.706908239508321,0.993136036060822
15.8368996005611,5.83851619522354,2.43354777610037,-4.12002515268545,-5.48178339668178,-1.99553972622269,-2.69780372249561,-1.77392623745866,3.94563659461151
16.7324449582738,7.35055054347552,4.04728969037294,-3.0914114208111,-3.37507635919365,-3.49030932415173,-0.199164971198066,0.84638802082018,1.49178097406564
18.5197413152056,10.8820715364647,9.52708803196931,0.647569531645271,0.116013686429832,1.16221947535352,2.051371889406,2.93709412054398,-2.51603916778862
21.7515923178365,10.1628366863198,10.0122969268662,2.4933605134455,0.161824141746485,3.15120950279182,4.1618021829485,0.418925068041777,-0.638940024423063
20.0632586502303,8.09272321182546,9.04017877875386,0.725096705361198,0.767760379997732,0.983369835853212,1.87874971284065,-1.51564406978019,-1.76865390224012
18.6690774786646,8.52199182217955,9.43002624299074,0.80878129902192,-0.411830041427935,3.79586553498105,3.86970838808259E-02,1.11688846055408,-3.24835078171783
18.7942832448834,6.03610745808344,10.0135239747428,-0.662643672800654,-0.331850359551196,1.46985397216237,-1.93868509657984,-1.55093564142502,-2.82859372425393
20.3053113748751,4.95730416150902,7.79615329031285,-2.48113403163074,0.233617553361946,-2.58097757447424,-1.474530157274,-1.05341535290828,0.448510515303276
23.4848759238262,8.1808074973035,9.34854713961493,-0.113446685889575,1.83448447750987,-0.643048720072144,-0.260227544094108,2.30018066753062,-0.67190150273887
20.1427262079912,5.33184063984105,6.09438764896994,-3.90212015426181,0.957517489350058,-1.80049848902605,-1.37803093052545,-2.68312915959087,2.80050227118861
22.164913875047,4.7660152922578,6.20645180888348,-4.8848650694303,-0.282885252375418,-3.35741127718578,-0.717908345178234,-0.395406500411996,4.84790645927655
18.1290969077865,4.27281406533552,5.84803591585166,-4.82056151792593,-4.46657332777054,-2.91093216890074,-4.23576432525961,-1.11226007253814,5.50959709847425
20.2311607203177,6.39711052227285,8.28316531425697,-2.00446883202345,-2.55256382347863,0.446507880507542,0.765281228653571,2.2434237358535,3.157269858904
19.3276448782273,6.91415525452808,8.68682224010422,-1.15987871551173,0.188935324416227,-0.676446557322747,2.34040002126063,1.19813549202911,1.53867642677999
20.6700796715274,7.51045025787625,7.70035460666743,1.733053474293,-0.145754806934669,2.72421068897199,4.17317412517989,0.785309975772937,7.27854252551371E-02
21.034917760676,8.36493134148182,8.57449826467482,1.01560283687942,2.92711634223631,4.62375132035612,3.50819375282933,1.56505205975555,-0.396740606609323
20.2343913938428,8.36514307408849,7.20355686878133,2.13928845643005,3.47972485332344,5.22189189418667,1.87110414066395,-0.478146799072818,-1.26711327663983
19.9419562537407,8.23418335202027,6.55078130448044,3.71893534719826,1.22139274671471,3.06063728055466,1.1084827430218,1.42501884359936E-02,-4.36134596971318
22.155565429634,8.3724610599485,6.33260495097114,2.66807067946509,3.43999366976887,1.51535994059321,-0.842407679057291,-0.376831354121649,-4.04002653827658
21.1585359875687,7.91858863436944,5.088761819795,3.72571703079886,3.17780304998505,7.27324866054627E-02,-1.03296062274204,-0.668011431316505,-4.46008843093906
20.6963253032856,8.56144522678477,6.94895153671394,3.97296774830822,5.29718933181108,-0.398320907393568,6.52051264803838E-02,1.10103340429542,-5.37724135047331
20.0368187924493,7.02130809294748,4.70241214074189,-0.282129986185276,1.80254832236161,-1.28337509283017,-0.917521359383718,-1.3639046839229,-2.67578147794834
18.8494894044934,4.0008800528539,1.34601167401524,-3.94730334813191,-2.58918143671798,-4.56023353102819,-3.47646239042137,-3.22062569982588,0.845307251305811
18.9329644232672,4.83674334109719,1.05909411519941,-2.43705186560915,-3.44330862092587,-4.2101163563661,-4.67106364840384,-4.07221909299887E-02,-1.71096632109891
16.7588388802343,4.70921660138826,-1.19271250542739,-4.7446189406363,-6.25511874855296,-4.66829868030084,-4.40951527655832,-1.11062012456236,0.124421264748567
16.9630911919295,4.35808415677037,-1.51167862035309,-2.99799608439116,-5.59885951648571,-5.68282031428621,-1.00772170357804,0.142432352637911,-2.58523686103175
18.6036838903013,4.74340007523296,-0.386010709335702,-0.446727240137028,-4.0828395644567,-2.74934802311519,0.497092927849576,1.44968606650291,-5.02571300899009
17.6903005954065,3.72383700825522,-0.42370057402971,-2.41740070794902,-3.29454074479254,0.83822170247279,1.96735638254396,0.383399035529482,-6.65597827112059
13.978853379213,0.890187033497211,-4.18750588876082,-2.37692973885524,-5.32060027285129,-1.7407499667648,-0.766732792879533,-2.64255318599707,-6.8227021571257
12.8970207390791,1.55442206719495,-4.7057987046803,-1.21621180161661,-5.70204572372193,0.124266650610217,-1.48947032301002,0.742845539756036,-7.05892224943135
10.7312192158709,-0.445474124895799,-7.5513649548083,-2.74069145788902,-7.027722480665,-2.65384504127341,-4.56479492148979,-2.63517404784508,-6.9795329095982
9.51060085700007,-2.55923773777499,-8.56063062871482,-6.23637678231561,-4.81092302948463,-5.29165647694287,-2.97570947059512,-1.08268030494742,-5.81531967378707
7.32800950529621,-5.10983763132761,-9.2512289124815,-8.98315153915479,-6.18935422989724,-7.13058870599457,-5.15361911189604,-1.35641762413398,-5.68047871344414
4.1095273714539,-7.92407746010639,-10.7156610150709,-12.9502576462766,-7.9911208998227,-7.32227947695036,-5.34934618794327,-2.82621343085106,0.11227005762412
4.75706395360858,-7.59491315393002,-10.4957552182765,-14.1831810431453,-7.61462426893129,-7.59505099389507,-3.70968697922338,0.490572435590832,2.89787850509801
1.14940010403475,-10.2842438257644,-14.4939755970689,-16.5348799077257,-11.9795436041252,-7.50322281527049,-4.928504387552,-2.54757893070381,6.15275013569748
2.60252766574754,-10.4432728699279,-14.2270101236456,-16.3570821773599,-12.2230250141821,-6.17437958449871,-1.87429971297051,0.1667988451085,6.82280656696367
-0.16482052915388,-11.944846537662,-16.4724836125689,-17.3246514524273,-10.6584180228535,-6.02259069592397,-3.61683940210424,-1.21151658453015,3.55635283876225
2.85514448331709,-8.06829101580741,-12.8226219870339,-12.9057096663279,-8.00422840879138,0.112144153318567,2.11344339279994,3.12357095763912,1.65857121015371
6.84780024179423,-4.22637566518531,-10.4013047511562,-10.5272252939541,-1.8801678494044,2.81626652288505,5.07225360933151,3.18445015254469,-2.40320695510061
8.05862708126938,-2.80345520011079,-10.3441617930608,-8.38932653691689,-0.187487349930224,5.79612881233155,6.76825338489235,0.596750396812722,-1.81528501272996
7.95647745601972,-1.94692907540024,-8.1985555894619,-4.17470841639289,1.93715347819712,6.3870317455914,4.52537494038867,0.793012297437073,-0.546772930050322
5.09443759822524,-6.08084484567043,-12.4515295725637,-8.71829811648901,0.432449653854091,3.4342198631691,-2.95798045804769,-4.40400769320417,1.41044375223689
5.12380608873478,-5.50674238738019,-11.388458829414,-6.11010354319858,1.2574220703876,1.6315114312644,-2.21398020327541,1.31506327261839,-2.9978188895732
3.74085956935747,-6.48304023333619,-9.98081839238226,-7.15916616625204,2.89700609076091,-2.46238311744016,-3.90144977266878,-0.844814274684741,-2.07710388607703
5.3349725334525,-3.97666513189435,-11.2036796561748,-7.43939627165606,3.89414004040136,-1.84884685255268,1.66759001643043,1.19196882355295,-0.855833344069965
7.6731292372431,0.297337576775117,-7.16585552462118,-5.63287675599856,6.99908879348819,-0.54977897264787,2.40825505281278,2.05838363122435,-3.01070069921153
5.00107441770639,-2.19052009977125,-7.97027535013777,-5.3719525297777,1.70703213188953,1.39082692082765,0.913867060529154,-2.38901537097331,-3.63057983195563
2.75771300926627,-6.4731328540239,-12.1856285744754,-9.52550330296959,-4.7440549353718,-3.09046544650424,-3.46005006370214,-3.16967217255139,-1.71392410746858
3.28602896291786,-7.34473413280499,-10.1162763804973,-6.60310514213388,-5.26393988473984,-2.12116263765375,-5.52521307291049,0.103373914311085,-2.78976409021494
7.36039428705093,-4.84829168268264,-8.38078849202713,-2.92062962268874,-3.54918533980994,-0.863221077887567,-0.580131620524702,2.40909880567574,-7.60142044016683
7.53421749645978,-4.11664489127368,-11.7917176813452,-1.66273613975694,0.702085233544506,-3.10415759358625,2.39529322826363,-0.117641902977616,-4.30693991361058
3.93748403512907,-4.22361686003271,-15.6833247011306,-1.88163203671532,-3.68769113743267,-3.7673567254268,-0.683402320392558,-3.047614477827,0.122920685815574
2.0693755826387,-5.30602717862256,-15.2755193960687,-3.56928207492893,-4.00948211004786,-1.74381171687293,-4.36331242853084,-1.15778248250834,1.62938968731306
3.68731403918957,-5.9052538006839,-17.7458972368035,-2.00850291949911,-6.31915290908134,-2.86982545007292,-5.28537842461679,-1.00219674374375,0.976602912794242
1.17073777354041,-9.49292457194715,-19.0468435751915,-4.91012574179666,-11.4551835273583,-8.22677196595267,-4.90257546025258,-2.67294771133942,5.43516639858233
6.96288356004114,-3.55965471814362,-13.8839056664665,-0.203511066808737,-5.23067807683473,-4.50078606507345,-0.249522886765847,3.32916627011586,0.433212376392423
7.61151470559216,-3.41803179328445,-14.8030609282015,-1.87079432468166,-0.455840937729931,0.122769776364493,2.24558747663709,1.51164691919747,-2.47604509357848
5.93272420407351,-3.71503763570381,-11.4212087392654,-4.86198368990736,-0.216184932935618,1.60326623265796,5.11581486197666,0.341695808554824,-6.45064093424481
4.9484541970971,-6.36256344606843,-12.8193008848357,-7.23754622129532,-4.38976466497548,0.967157623274036,0.223618608895192,-1.65514897554546,-5.2718872425298
7.20325982944027,-4.05133782046646,-9.71623224038152,-6.29085581053785,-2.52708392277562,5.15498441766144,0.382836189217827,1.66880913583489,-3.52078709941033
5.68071300678792,-4.83441288017778,-13.9012526353364,-3.31950857878152,-0.972767774760767,0.431343741917642,-1.44351242339801,-1.48540705839101,-3.16496867521041
2.48406000073711,-5.95671431142022,-16.9268591968538,-6.1896988183841,-1.24087374971365,-2.53890964117929,-1.21521943830788,-1.42637971416038,-3.87343969394045
-0.693425669963621,-10.9255836232618,-22.4397081545838,-9.39886090794016,-4.13795537029502,-6.89544107908927,-6.93958727808653,-3.8924484473001,-2.04769291063097
-2.81995023971913,-13.4523851695972,-24.8717741929405,-11.1506141648722,-1.82263421972759,-5.56528266959911,-5.78551826591224,-0.390198385391179,1.4392192715945
0.614675961636428,-10.2219440846444,-19.9855918266362,-9.56731818777196,-1.69165053630423,-3.64927013142,-0.695885666050554,3.4535227256189,1.56154036471599
-0.822161724670736,-12.5810462806269,-21.3377234934883,-8.20130969023618,-4.40114781840924,-3.26841292031491,1.99852843793688,-1.11250091972629,3.88198072253698
-2.67647383856207,-15.8541343559495,-23.5100734259872,-7.15698516670263,-7.03647543232773,-4.02952075015242,0.25725783595189,-2.17391140918205,8.40673802025736
-4.90448115376833,-17.951518551903,-25.0902914466867,-9.36601301177928,-7.35323424268624,-2.09049992948376,-5.33133435121994,-1.95598253649982,10.1899799488604
-1.45654512815636,-15.0909904179942,-22.6117058585763,-8.6358421703362,-5.8336850301964,1.41879963383898,-0.984057729801706,3.06065433449047,8.88482868895335
2.01335693952549,-10.0186360903904,-16.6437984665528,-4.63466169513189,-0.561877050525216,1.53753119449386,4.69276961249686,3.56980365829106,3.51628132256771
4.17123510829686,-9.88476194523536,-11.7092346266627,-0.376382927485724,1.98865326590455,3.73691442494299,7.59253750371851,1.14607680648223,4.58324479764283
4.50281829227022,-7.90155117031251,-9.32921315277031,2.84700223577122,7.63310605766404,7.7548113464003,6.66792417240404,2.09069575203466,2.31780960993281
3.98717592892087,-8.50231182470337,-8.45918466008491,3.5166724749219,7.71058055423971,9.24764661323072,2.91664840718164,-0.305994188962366,4.25226887143861
5.75577320832818,-7.668927886843,-6.55164719233155,7.81270791636328,6.22430366997331,8.15984081155536,3.65577955457533,1.89868796458112,3.9919259358838
4.37866627905769,-9.71043533332641,-9.66648324456397,3.27308090299047,5.92868687078431,3.39683891040348,0.190136043827496,-1.43124612823628,4.31907139964908
5.45413048763722,-7.71782422629759,-7.7166051840449,3.90452461076997,9.91392884450372,4.3823891738212,2.63854923136,2.15458945704536,0.493034866640159
5.12399427692654,-8.25643489936161,-5.02436237275753,3.5006720070271,11.5740417545788,2.26530417213682,0.677632501960441,-7.71300047240503E-02,0.724534051405993
5.73281556507466,-7.72048520757436,-4.1647650693249,6.54823384976714,10.2008353683761,4.07882621401977,3.60202570158934,1.55523973471049,1.14883168528231
7.93283427344527,-7.2635786898628,0.187409936926316,6.53329676127281,8.41592669489189,3.83868834042464,3.10794707375394,1.65309213271983,-2.74736668040306
7.22248209374616,-8.54477475773892,0.157316268067977,6.87613417332657,6.32284005294743,4.14025100271704,2.10489299375313,-1.11315690821449,-3.79967554763777
4.54682383450068,-10.0922668007324,-0.05371166473138,6.74367809662573,2.81976130994461,0.490615958901474,-1.00353876978048,-1.5706449915052,-2.06678711917453
5.46139917274569,-9.14279523672703,2.84505770391509,10.3748618046579,3.26433715693405,0.719322316285145,-2.54427465865835,0.152881225687541,-3.59291067147291
6.74392034607819,-5.4486338012003,4.28771773360476,12.4803589545357,3.33287597677508,1.1357834451878,0.580688910906507,1.96819436950101,-7.71373613253138
3.71252523507756,-8.17663744615617,4.53097841928553,7.27660883740512,2.51736767103175,-2.82497921817142,-0.1204401429358,-2.28694577292209,-5.94036424877738
1.54936105409521,-11.7320096448829,2.24927718554812,6.26172504358957,-1.8402111059613,-3.94975336025955,-2.49902061400605,-2.2192058972831,-1.94215001434592
1.14128935074158,-11.404704575686,3.63822538279814,8.46405231007011,-1.53112378981008,-2.11040469150092,-4.31997115293966,0.226606320891894,-4.39449731313581
-0.125076253240327,-13.8373282818906,-0.888865002798863,8.93834550360642,-4.6075802351601,-3.72681168625403,-3.44364519105537,-1.42769796876723,-2.90704572960915
-3.82245870505161,-16.5677284329542,-6.71784054706827,3.8001573957789,-8.92845782872452,-8.35848782827421,-3.63589967555884,-2.4091847084497,1.57288561072351
-4.53729634496967,-18.2402168111883,-7.74333870865925,-0.118721055017712,-8.11542699408331,-6.31552971828318,-4.2436141702008,-0.358458677899371,0.41814201190224
-2.37394046263387,-16.5717235844524,-6.4882266592297,0.694154793213056,-4.36932776921621,-1.98061655913327,-0.773494808082267,1.94868360988628,-3.4946181726616
-4.79975470031764,-17.9063729692418,-4.37551868862561,-3.79228414455695,-6.96743229246517,-4.59648994004985,-0.698182781373059,-2.3326502658493,-3.86044693774872
-5.87221690259913,-17.2237893544278,-5.63297763745475,-3.34510839091466,-8.9773671603852,-2.99408515422594,-0.211922281744488,0.126161331228496,-2.71401418757854
-4.05411301411797,-15.1830438007468,-2.54034760799591,-3.12499560176942,-4.29534716465426,1.54852902058091,-4.94712974991355E-02,2.10763209117919,-8.4484731454597
-5.80068050002393,-14.4804490185755,-5.34699000537914,-3.20762251464974,-3.57430387333526,0.416400864947969,0.752364712580546,-1.51251595703263,-7.10910359873501
-7.30070806715522,-19.5240680881458,-9.7410070369412,-7.61811748156948,-5.91350866771861,-3.6211640288766,-1.38705363162287,-2.02675568221159,-1.92697761370801
-10.9997327218128,-20.8061469490981,-10.0979495944783,-10.4623313695499,-7.26510028172768,-4.01546170622308,-6.38914655903666,-2.72204491022223,-3.75888962009813
-9.93606843012971,-17.3240367037556,-5.32482291723626,-10.7452623987492,-3.37680167764952,-2.78972779575002,-3.43828002500515,1.30308973030808,-3.37960958293739
-14.3341396541506,-22.9140388217724,-9.67646473288029,-17.1380453522792,-7.15258064937651,-9.22810731369109,-5.46315021626156,-4.02399438573189,0.616385761096908
-14.5891523421639,-20.8306160869191,-12.4387850524787,-15.9050430042697,-9.33551020659276,-7.65317579456387,-2.71860503746724,-4.88335322562672E-02,4.093941873485
-9.9481571871707,-17.7622573026577,-8.52835079510644,-10.273661086529,-3.24872213708916,-1.96483963359261,-0.57342193777376,3.36428345295725,-4.49990561873238
-14.2093225876715,-27.0004978685005,-10.2447334847683,-15.6082552820736,-8.21451909014532,-3.90570059433053,-1.20507514702679,-4.6773189781249,-1.25455082926221
-11.266877487888,-25.3787707873676,-7.14056829957517,-15.9357135482588,-8.67561191050677,-3.49782232130224,0.554380785952728,1.69052107511176,-6.79213970793487
-12.5158328176686,-23.3742809341553,-5.96360552792612,-13.2219497475153,-6.94145868188451,0.612609721999408,-2.79727117854223,0.107334662602459,-5.68407703649378
-9.65534870354049,-20.6584656438414,0.194153095774059,-7.11577006304065,-1.36483420522456,3.93293000514933,5.03047124975343,3.29358415627994,-11.5852807130176
-16.2609382477793,-25.1506744847497,-8.74764115154605,-13.0831754282891,-3.94006482212825,-4.71193839952376,-1.75323235192269,-5.33175622833264,-7.0428892148585
-19.0511228948921,-25.3780469262687,-11.7826168134475,-12.8705726460646,-6.61510233953832,-1.27048976919737,-3.12261443428265,-1.23700814509438,-2.41170107921123
-24.1081186637041,-33.6557617011221,-16.820947642381,-14.7893945709288,-6.74441158805749,-7.28708897152216,-11.0602311178793,-4.15016098170947,0.458330188090969
-21.1496809456773,-28.4960302481966,-13.446855869093,-12.914288676528,-5.32567192564957,-6.02663564952137,-4.08792907095981,1.28091522178286,1.76771808525287
-25.490074835639,-32.0357700316522,-19.0191651431035,-18.7985687976497,-12.4377901593976,-13.1033393607385,-6.06614882231634,-3.16104535928795,-0.327969945419116
-25.9751370809091,-30.8244945795488,-17.493700556695,-16.3049683981416,-7.61207149135657,-7.57649324013226,-2.02770917918881,-0.18467205223724,-0.58490645012767
-20.7670697644381,-29.0527471462938,-11.7089138963786,-12.2976572969308,-5.55766343219724,-2.47130148376577,0.335340749471229,3.567334549623,-4.45436491919207
-22.2160511876428,-32.1520339639223,-8.78664573596938,-16.0629489087342,-6.91235733339432,0.456239106535838,2.25440598256393,-1.17465643218732,-1.70946732900017
-19.8766326278842,-29.8000652653194,-5.5993664488503,-11.4168941667131,-7.73322402718857,1.73701259939032,4.9235520252147,2.55107807164859,-6.32166251462501
-26.4503521454422,-38.8922655430652,-15.2065967433777,-15.0242574178572,-7.73152273876182,-0.329049127663516,-3.84874303233233,-5.33009286311306,0.130948977684188
-27.8386072991496,-38.8445076177011,-14.4444547362961,-12.4729382778009,-6.88721356256469,-0.588347733972857,-3.098361939535,-0.443597518615857,3.37801026135036
-27.6600634356291,-39.3337231171666,-12.3881131702437,-14.3431438319243,-2.97491808625149,-4.66202868966728,-6.15497962928853,-0.338047351976478,7.14622470136756
-25.7500240978272,-36.5191768846994,-8.412302190077,-8.10542882498993,-2.58910379349658,-1.73919835669437,0.880567844524152,1.65078425963165,5.050738390664
-27.899614608185,-38.6601687023783,-14.3478585945093,-10.4803463768411,-1.67988689735799,-6.74826505712907,-0.898822753750255,-2.24675951414803,6.61453341761656
-25.8192236558654,-38.160304020536,-16.8525769993629,-12.660238296775,-0.013144752187929,0.13077772558949,0.906820451894808,1.45756045120827,7.94512358997415
-22.9065578217107,-32.6057544358093,-15.0023743991711,-4.70815253824492,-0.900968412752835,3.26762940475484,1.97535349224024,2.71129505351155,2.2093723196373
-19.3610810145867,-24.3691952478508,-13.7102942730388,-3.110298373526,3.4526101966499,6.66960009210325,7.18831171903462,3.19073100646457,-0.644959318435955
-19.7646751726375,-24.7052309347339,-13.7159965512059,-3.54213303169568,0.616986101992549,4.80790375016809,5.52257931830946,-0.311024276030088,0.550383243290276
-19.5600859395172,-24.2567953103035,-16.7828305850326,-7.86835889311431,4.9412831636963,6.20415735602103,2.16418719258931,-0.747029890758631,0.532101406080146
-15.2411910750809,-21.108843711534,-12.058273978914,0.328398055052049,7.89008515546166,7.3603358129946,1.64020634628853,2.67224803748422,-4.83297383286446
-19.0142197619865,-26.2677886488955,-17.6733718360571,-1.15954456595976,5.67746490883429,2.16161421354587,-0.749679431751436,-2.74831985578612,-5.69977916852288
-19.7858191073865,-26.2346592717405,-17.101137096883,3.2692229851194,4.48703652408839,-0.649146046352162,0.406916711046266,0.409535835576113,-10.4075278401032
-20.4625981774242,-21.900645705367,-17.9025903735777,2.87782574765884,7.40924881683617,0.547370607189608,-1.42553934649078,0.881472787231909,-11.0134144345987
-21.7401643899032,-23.7529062324368,-20.8019259413102,5.13328043389168,5.32059519006145,0.529285072765787,0.531900979220972,-0.765350812873122,-8.09630974869065
-25.2583175900464,-23.9692969230092,-22.8347207529393,2.64291617290612,-5.71322387198484E-02,-5.07841216386927,-2.68831225987751,-2.81463889328088,-9.30913186707505
-29.1198547767988,-27.1703617565382,-25.4011300771921,-4.68679486377719,-7.17157871073844,-6.04429037203305,-7.42730811421116,-3.69277991214268,-4.79032048150821
-36.716092385758,-31.5205451298333,-31.6512111633972,-8.46237526930491,-11.9927500283479,-11.6165204388253,-11.7538305079941,-4.82356984918925,2.28944608232226
-37.9554248746209,-27.64140460002,-34.016932925142,-11.0718203911175,-10.9326723062602,-12.3764883938651,-8.4699103317011,0.206600428406372,1.90970579992909
-34.4041670655878,-25.149800280668,-27.832792956907,-2.88551523792519,-11.2053283789483,-8.80955892690642,-2.0618832355653,2.43303084328911,0.896257214003726
-40.2963090773637,-27.1537271839225,-30.296911185461,-6.72258183952111,-12.7652308635219,-10.2646849222247,-1.44461009906026,-4.18959395447524,8.79149715526391
-38.5075790054847,-25.8012833315137,-28.9883090611655,-5.0561912446221,-11.8377523857202,-5.03133768093172,-0.405645664517728,1.22865367357862,6.58841344613301
-35.5606247986448,-21.273067076825,-24.0803480803273,-4.22213677256651,-10.0887175276874,2.23820361729178,-0.407127194121989,2.43159119960924,0.788186469624381
-35.983295901788,-25.3901251853144,-21.3615713788775,-2.10041716871782,-9.43309642591634,1.87391945147821,3.47111438438336,-0.165253983661986,1.13248858619796
-33.5380177949816,-27.6325732965853,-19.1709809124544,-2.10511827986404,-4.89071337222424,0.888295798825065,3.69038988927719,1.45302316356749,-1.65810656472053
-28.5415728759236,-24.0696027127381,-17.4414849019276,-1.41204459001227,2.25535588166052,8.08105172292735,4.61834567585093,3.37167567746172,-4.2968482180103
-28.5846218929668,-26.0779264904765,-15.6973045175646,-5.60598389106147,5.99521661792236,6.18117226171362,4.00166885405356,-0.812858503827377,-1.90152761770251
-32.6242054964138,-24.6038545185203,-19.5311472902455,-8.62991793101255,2.80191136274389,0.78202267272854,-0.514789345381459,-3.18334182579652,1.84588628233759
-31.9485068955402,-26.0423939764596,-21.890059065418,-7.63493008390618,0.553170027088088,1.11980690085828,-3.83925216970629,0.175755215615364,3.86670051963157
-34.7697092766514,-26.6655481878905,-21.6869847318954,-12.0758328610223,3.26981185216608,-1.68606329083115,-4.38571175237228,-1.34339152900106,5.406685837277
-33.9231706727615,-27.2867022047907,-18.425936155668,-8.30637476609056,2.7593546516044,-4.48976667748462,-0.449606755926283,0.707425028138193,2.37016730998958
-30.1663851136258,-27.8190816560412,-13.3869557466532,-6.95871781594071,1.9791339485055,-1.93838657374002,1.0326063888488,1.64874065144865,-0.296352261054846
-26.6574647397742,-24.0711101961681,-14.1794325122188,-7.24812045299804,2.74100428682677,1.8124308695399,2.94340730591374,0.613283678925876,-1.04669106077237
-24.103624974709,-17.7122895685458,-7.43790801095049,-4.1793534587767,3.39721117676448,3.72275281710786,4.32213922644633,2.11792006804827,-2.81318517967966
-25.1599702779801,-17.6723963749692,-7.23810356359102,-1.18830351097546,0.163619554845952,5.1293575870734,2.85171400555351,0.137229304064356,-1.17164466516957
-29.1418077819411,-23.2755044568931,-13.4548256870833,0.231529103866021,-1.24752535353296,2.31529103866014,6.48382668874639E-02,-2.23780551555275,0.145190501404683
-30.5210136407098,-24.339314039433,-9.44922047613493,3.88821105850239,0.912899883269371,-0.297233118121002,-3.09970464002097,-0.981610031170745,4.29485252861007
-29.6396053043305,-20.8313403299476,-11.4875436222613,3.55406858318988,0.599137317293816,-1.05776256700541,-3.38627261898976,-0.140341543228343,6.06341971244478
-25.5081404439006,-19.0437102749737,-11.2292240236566,1.48388905883552,2.24907379082968,-2.89461609054757,-0.780734849257342,0.338788620373194,7.23131436728867
-23.1087935031318,-15.7457429391119,-12.951762489131,7.14350087869943,3.32069942137685,-1.18553492183497,1.991301459826,1.79595147376169,3.44511925444898
-23.6760260997685,-13.7396758577142,-8.19238055146284,5.14847400547253,0.821721742790994,0.144980004209635,1.25422016417596,-0.893454009682179,3.79633761313408
-20.7556765953,-14.0843403197866,-3.62555941424166,5.7362715949,3.23958195571709,4.11799089263002,3.92687980328865,3.03622538863065,-1.32675669541905
-16.3383624016052,-14.0637058187992,2.02545403097187,7.3311371353604,2.65786579719093,5.7167869269949,3.66617147707979,1.52946056490199,1.30059615681432
-16.2823777022856,-12.8246883174411,2.16769246739744,7.30406572098061,3.91238576129945,6.74365917265546,5.87911796193324,1.42423457198078,0.78022665084977
-19.1206044946666,-12.983696165118,3.45993657871959,2.34437706863324,4.32534423105932,3.3303835688708,1.18622478818566,-1.79841519400281,4.44884713148178
-20.8357768763368,-15.535498900507,3.10591552357522,2.59700967115792,4.73232152402459,3.65748705631951,-0.902549477183193,-0.552058213508469,4.96714499274441
-22.6182892222158,-16.119186888284,-2.4861627050774,3.71584111724263,2.9649455195294,-1.3445962157377,-4.40567887547676,-1.99811366024374,6.7403552606541
-16.7620126858216,-9.81123630814501,2.84006548442364,7.48492041007913,6.61089539553718,1.28389783096733,1.62679433431179,4.08341249076496,5.17233306907846
-15.2874655897568,-4.72964419356385,1.20908611269026,9.54680304170432,5.77337242793015,0.774186243451151,3.06230524451029,0.915247600423667,4.66406717477062
-14.1074624053037,-2.46864952575578,7.87505686219539,10.5212631787068,8.26747358852391,4.25935494135374,6.65023165793557,1.77711255123389,2.00587427990643
-16.3177180973635,-6.19298063949777,8.23095671203746,8.97071119360658,5.34249094722266,4.7320949741824,2.62202123828704,-5.55607930897418E-02,1.68753351807232
-17.4034228312767,-5.34352328393377,8.26238606064364,8.13085198735041,3.58033112172134,6.31472065480251,1.4240869349538,-0.303683264091278,0.826021578718916
-15.4500100352668,-0.366475870842342,9.19758610334363,8.63342302195838,4.78259688559645,4.9179598076247,2.30350872162774,2.65338490303518,0.94361689124034
-15.7739740846696,1.98632112892758,11.5783590162752,8.90501418371517,6.87076291559489,4.45622580955357,2.78160083659879,0.434075774695295,-0.143114287088019
-16.5132585637609,-1.89942374480321,9.5683650963946,10.2017082472408,6.65733371997678,1.96643016303382,2.31751350917534,-0.782498680692842,2.71190495839924
-17.709565048225,-6.0614051352822,6.7053672118889,10.7466586013089,8.14839245058195,1.65952841974715,-0.71509123682667,-0.368792536909656,3.86058076655349
-18.0417383844153,-8.53640442890891,2.5118829166593,9.8372023120854,3.12649665556339,0.819254360913178,-2.32830598001103,-1.16073206300348,4.82035520753495
-15.9651585550353,-7.78692690861035,5.50308259930992,12.0337979656639,4.93671851174138,0.934795998301726,1.27542172709278,2.76678985104258,0.691716149710882
-17.0591461474166,-8.15603984053554,5.59457237027713,9.84329660193845,2.58817528451346,-0.143319397622185,0.99932365281647,-0.649488902715093,1.60999218326225
-14.982599715315,-8.02351784293966,4.96083185228814,12.4457185569374,4.60781357922492,2.6403024649359,4.11105222149409,2.01889005275741,-2.38075405410785
-15.4456149695841,-5.7098099242126,8.18859486741229,10.3734640211075,5.60159447669527,3.71707989504785,2.11353036983489,0.741264840296239,-5.68251826638706
-16.2466144635836,-8.29088807579789,7.59489586152322,8.7679617695657,2.80120364849532,4.59868238186283,2.51715961837038,-0.234466502532789,-5.52554746131521
-18.0717489455016,-9.5276025435644,5.63572036232282,6.32068034260619,1.18641274573412,0.686964306658973,-0.705300181280187,-1.22004088825805,-4.10515735446735
-18.2622673347159,-10.9685406253077,6.59603627723699,8.21502163114292,2.20864964360257,1.58448214458918,-1.19347045273986,0.260106811866433,-2.68332791598394
-21.9106087035317,-15.0753988929917,7.34823943396083,6.90551163264844,0.632338838169886,-2.43881627136051,-2.96241759735405,-1.98664944989391,-4.81563705834824
-26.8080313159883,-16.9194618689364,8.20539713619446,6.23433929067363,-0.912529653528861,-6.02488336407939,-4.50190604893201,-2.73347741832382,-3.15130320374477
-26.9961705632525,-15.1896592010893,12.3699423760207,2.1760950923746,-3.85451090259971,-5.84872133453502,-4.84559987393056,-6.79253426736502E-02,-4.18489976936435
-26.4608069757684,-15.0439004602929,12.433715801224,1.54816664679753,-2.89622274896925,-4.28089482313634,-2.51620624468758,0.279225816040735,-4.99951230312141
-23.4057996375417,-15.338286829007,11.7913840825711,1.48825510249111,-3.21289937749077,-2.75731573893871,1.92519846191067,1.7173403288906,-6.61128855304262
-26.8175677122958,-17.5758835461957,11.7221743141901,-2.66247896696356,-8.42519378953239,-5.05927329817844,-2.19449638521337,-4.27134263163448,-4.02001718342553
-28.4208511156395,-16.1367219039563,9.75888154100504,-3.34243274763864,-9.21868391710561,-3.25384161892679,-3.47267612493112,-0.968014277109209,-3.78883271175363
-31.2507798131689,-17.7360707138632,6.44867006408647,-7.37731614638612,-9.14030155476516,-4.36768292188905,-6.48869372179506,-1.14739886734668,-0.67497387119513
-31.9188430927891,-16.7472700115629,6.06517422137985,-8.46648842937966,-10.0550601652701,-5.26261751315797,-2.71462830517852,-0.575862347142242,0.400585722166584
-32.8739301094453,-13.9767259597446,4.7002677068618,-7.60162025382455,-7.88847231115911,-7.07932302588593,-1.70840319292979,2.11004495454861E-02,2.55543552468427
-34.7948165217995,-15.2234502960712,-6.12475658018708E-02,-8.76741133567633,-6.54712508389512,-4.18839123060493,-2.01893797878074,-1.45622080202076,5.30051808332313
-37.2287452409438,-18.3658568465888,2.55592437461002E-02,-8.29934453444296,-7.24716954270601,-3.93803839880912,-2.17062085650942,-0.725399644168713,0.185741605203773
-35.1889449638196,-13.3270904996089,5.07056223841479,-9.12712622732453,-5.37114815663749,-0.679560728551758,-0.124231303515113,2.02359171214881,-1.01954501814527
-32.9496582716442,-12.9011077663765,5.38040562640459,-7.8791090795613,-6.6745988009275,0.398987435466865,1.80786109133939,0.501574929045012,-3.19530824538864
-29.538801536984,-12.8847524167301,8.61570554856936,-7.76578868138564,-0.134092875203854,2.49176019935988,4.58346606250731,2.1218132089426,-5.7744935968269
-28.4785693877103,-9.8809863953054,9.05859783417531,-7.28006580992362,2.00475363665763,5.03370560734458,3.77033404187847,1.188644648391,-6.17321259807907
-33.1733925452191,-14.017643901004,2.10842622585723,-13.3092951248253,-2.56847066801179,0.185397245384193,-2.3897214636992,-5.86772725081894,-1.51309414789565
-35.1466904008439,-10.0744165348101,2.32240572257384,-11.0138119725738,-1.13421347573841,-1.03004680907173,-3.74052281118145,0.830531381856531,-4.09257977320674
-35.2834502481243,-13.4624300670133,-1.52219788069409,-13.2341339208836,-2.91033570348834,-3.30077828612726,-6.80973113370877,-1.73473211882802,-3.57023984090534
-33.8606469061779,-9.68125125406993,-2.22832419162021,-11.6472113700092,-1.99858701095489,-6.12837629348357,-1.45210759624935,-0.557355046377408,-4.6380775255493
-33.7772843749033,-8.78496009878469,0.777946118509829,-7.84111795349725,-0.48555750853113,-6.57937116788961,-1.51531756582089,0.76874361576373,-5.84911074542782
-32.5738258487926,-13.5384937316163,0.89903928097109,-8.69296310859179,-3.44132492486207,-1.53634042495743,-0.640844987233717,-0.858369460846435,-4.89210684856146
-36.1612471096316,-10.4573978392805,-0.779701300676501,-10.9992532946547,-5.87224894073531,-4.26721911978132,-1.92124106037313,-1.83668892461541,-1.23700462029304
-41.941895293284,-13.6867319036834,-2.31923245795168,-14.2756039350876,-9.44768794042595,-3.70242530419549,-3.92656705776998,-1.18365625801517,-2.92888411662674
-44.9384859661717,-15.7247127635874,-5.94435269696338,-11.4393293750287,-12.6288541309352,-4.8636577422104,-4.77666462739718,-1.6833698162182,-3.00603647345473
-43.4993082527183,-20.2734823100183,-5.53922078245192,-10.9312064659044,-6.92644731569178,-6.21248592736342,-3.40924337864123,-0.507636765590519,-0.216631968232059
-44.8930290327589,-14.0066981613325,-8.67363098010513,-9.5011865948056,-7.65320380597511,-5.14374431654358,-2.03961230509903,0.156497438285975,2.75724710005102
-39.923332779413,-10.4377740057057,-8.22919775218531,-6.77058908997263,-3.77298080796392,-1.25249807940435,1.58859144427924,1.93216708442704,0.690370398726972
-42.54557635708,-9.1622047187674,-13.0287385868777,-9.94054517867795,-6.23926311131969,-3.01725604982811,-0.800105331229096,-2.94721436517333,2.87260474456281
-48.4756481047687,-12.5295090245205,-12.9908068564845,-10.2743359444073,-8.95114672752895,-3.09919954207463,-2.73925780359888,-1.76425228917113,0.622082138540655
-41.2673323401364,-6.57032715835554,-9.78367244804639,-6.95991800337141,-5.53717676204149,-0.217102281176849,-2.35179296385577,2.30201438502974,-2.69605769684579
-36.4248256427346,-3.13368224931664,-4.35448528561092,-5.84370958356283,-0.477011087378071,2.683262911244,3.60680817851698,3.04605034819652,-6.83088510810237
-35.0332406477736,-7.03540427090911,-8.88511195712845,-6.46330567743697,0.618066944435329,0.685636964084205,5.20133619281823,-8.08766475592757E-02,-6.80504407604478
-39.1866266161682,-6.60032214531366,-10.7297897348831,-9.60158460667799,1.51721736102042,2.79239040529363,2.22689478037526,-0.763397327064562,-3.93470027425885
-46.5662753737272,-13.8107173623372,-17.2879676288807,-15.4015546036177,-1.9442962388593,0.618236201556778,-4.91934848321524,-4.04032077626916,-3.14698078802696
-49.2473210780299,-9.16393108061979,-18.4297202243623,-10.1276932214512,-3.15531203984271,-2.77075895696611,-5.91389927857403,-1.02956263264199,1.24060009316399
-53.5257405236601,-10.0476770746941,-19.5550139695219,-12.4456161647987,-6.50965819846451,-7.3317054863386,-6.4324667441979,-1.25674730223743,3.30255250733226
-52.8763297798365,-9.73518444002292,-22.8789814586459,-10.5869667205038,-3.51542145931342,-7.3019446262709,-2.35359673342838,-5.31262922298353E-02,2.94614495967778
-49.4620059853647,-9.06958575548463,-20.641169955717,-7.50255130247843,0.56518373909466,-4.09586009255382,0.966232174869812,2.24732135897867,0.119000360717004
-53.657012773965,-10.0801903468555,-23.5280198577262,-11.7957624629866,-5.02868483715954,-3.24923354339575,-0.928633023009606,-3.19414593633033,5.78251524963384
-47.5257468228335,-7.96743602051248,-18.9525361739132,-7.13227444354953,-4.70064261972623,1.22539780683082,2.50313445477662,3.34887227424469,3.32410397983101
-48.0279410894047,-10.1280618313667,-16.6888535254679,-4.39595828392124,-3.81637892523507,3.19697086584365,1.02406407038557,0.764370177273592,4.68480606831519
-46.6195879092673,-14.2122488827726,-20.4887160486266,-3.58692578295979,-3.44147457801139,2.86183126219222,3.70445756157134,-0.399517984613699,2.72457575981368
-42.7735497718325,-14.4422185428965,-20.3253276314849,-2.39464962871299,6.55398756733886E-02,0.118858918175631,-0.143210059827782,-0.513003419117548,1.31188380974969
-39.3890363941636,-10.9460113011734,-19.9423005341135,0.49706772481439,3.38946785814384,5.46641875170751,1.43753542115924,2.33078964097423,2.08552712431909
-36.4115076997374,-12.7961218729933,-19.5701585090803,1.38675760656363,5.58963663118774,3.21716216429022,2.85977746787913,1.04923247590169,-0.216005585174795
-33.7998575834255,-7.52391390223986,-16.8399458782741,1.50951286162199,7.57815559396365,4.47515379190556,5.34087861257808,2.05424340552134,-3.26512704809515
-38.9116159180775,-10.4658992275927,-18.104314433758,2.11399363487317,3.26427550653609,2.65231152298372,0.837899683497135,-2.31538063633734,-4.37983850463356
-42.116027781476,-13.5820251384294,-20.6793827172628,1.96941821700682,4.46378230874323,1.29489627516278,-2.13221845253999,-1.914555788567,-4.47682777218331
-34.2052500344269,-9.25775644129113,-14.6947786329887,2.74098600319931,4.18908022632534,2.04292144348664,-1.07204008934534,3.07096441169873,-5.96888502807413
-36.8768943595103,-7.57708733539842,-13.0196912561143,-1.55161030969957,2.26056216392517,-0.216473179332559,-2.89332317455355E-03,-1.23308173111909,-3.75755003914754
-34.7402548509826,-4.81771998281504,-14.1097267682114,-2.51777180340067,1.64381984152646,-3.37533605871227,0.862081947391046,-1.033045588828,-2.03251852475209
-37.9733256069405,-3.50236651342246,-18.44358419048,-5.31030574876631,-1.2870495509951,-4.58045503807876,-5.86695445034722,-3.50814297005229,-0.997493201202244
-38.8739640431781,-5.80968327315586,-22.9452041980806,-3.26333414401436,-5.79696181692327,-4.68664060015339,-6.68783791368117,-2.01803453501206,8.56228836547994
-32.9866455190784,-6.78583369485025,-16.1014568440909,-0.644190906721255,-5.27980488218232,-6.34777650978213,-3.97825187919717,1.53292382907665,8.84201296302948
-32.181652546233,-1.37168625307461,-13.7316206613829,1.69126355106131,-6.31310922838663,-3.90425435000455,0.643709574564998,1.09292156326865,6.59506240320671
-27.9363443193634,-1.86708259867082,-11.602694516027,2.47642298476422,-3.13214883132149,-2.07468692074688,3.33559383335593,0.74596500745965,7.33893937338939
-31.2590356145607,-6.93870368741058,-13.6556904112507,-2.18595885177657,-3.6497168339114,-1.00754337789592,-0.550865705646201,-2.42601330857464,8.34948668911004
-20.6544740805586,0.674222554618489,-5.76135020282684,7.87440246218322,0.514821695060124,7.88698220569431,5.41928457447724,6.96547291219339,0.610893023929097
-22.3203669963891,1.00981551170728,-2.38156691074985,6.38469460548819,3.48176061457171,8.1237131897155,6.41033560943081,1.78598477956777,-1.18464823165928
-27.5970135732685,-3.46049120839864,-2.6525219341352,4.72782528583174,3.52099916758824,6.18702429035616,7.72066175879888,-0.99197158518888,-1.26049701989754
-26.5225357273727,-1.15481650893132,-3.27044978793124,6.4675284197403,8.12735076214183,6.83716404897588,2.23390320230138,1.43381222543729,-1.23248379474608
-29.4095523668935,0.524143330806069,-5.31750760101854,5.57633115054249,8.62024311292588,7.70606944642704,-1.0079416433244,-1.47071267936224,1.19351163210129
-24.186724855826,0.159289398005974,-7.80543742067645,3.13894317479186,7.02097995522769,0.607183780571159,-0.206219822794826,-0.190376522455519,0.678007615060899
-25.8398975080971,1.48411152845504,-9.10078084990861,2.1132103910073,5.99485142613441,-1.19885039162389,-1.66249608204832,1.37021260561217E-03,-0.76449299564444
-26.1203363497483,-0.278964292051288,-4.15607459243776,-1.00870302809982,4.27534632512367,-1.27658837836317,-1.26057584531027,-1.06955065370084,-0.432771163591828
-25.7759594160773,-0.469601290934456,-3.49309670750304,2.72020769579799,7.90876463985863,-1.24786351029097,0.409216671613426,1.46176834822479,2.60319117361089
-27.1840198940426,-0.117157935993087,-0.749827684073958,5.46587806789923,1.96609092874906,1.17943493891231,1.36585711968861,0.961928316574758,1.71614836739107
-25.0901877589628,-3.00288447715767,-0.896135855386542,1.78478619057625,-0.518712524551227,0.673441629529697,1.72320077441109,-0.703383710317162,2.0264494051138
-23.007831546245,-4.64231623913185,-3.15436560160515,1.57217751504822,-0.976807404371,-0.770382516019076,-1.18305969666242,-1.45222325300426,1.71776229207568
-24.0374844068518,-3.10193898352233,-3.02596177668439,1.86465799390618,-3.19643237463543,-0.434652213031743,-2.91451694926303,-0.732823631171512,0.401966366611754
-21.5357196888461,2.3696473666798,3.26074849169496,9.34093429292954,2.75119159837939,2.53714445314487,2.27787725082002,4.37745115153207,-4.42782496512902
-21.2736538865577,2.60224931468398,4.48633893848889,11.2215773437558,3.03133478216458,1.68719362159927,3.77133489842541,9.82403924965261E-02,-3.35819377190789
-18.1543504976547,1.88306740057328,5.69455722987496,9.4814519611881,2.6449318257233,1.98620006569809,4.09204069279805,-0.397106615997979,-3.5928018902375
-18.8578749109173,-1.66983405165101,4.51937760885057,6.87039739369464,1.97975701632333,1.68875352088777,-2.06383411952354,-1.76010452370449,-0.681779617877615
-20.0943921438584,-2.83825799653497,2.40647151568571,4.24418317721082,-1.51649091880388,0.40035706586064,-4.26158624170864,-2.05295553387146,2.46344274175323
-17.499971732715,-6.54087579876825,3.09635491185346E-02,6.08694668964,-2.96876073613229,-4.63296452499219,-4.32158950857543,-0.454885848005513,2.11813289798816
-20.0830934479055,-6.8930612244898,4.06204081632653,0.271020408163273,-1.01851772287863,-3.47488721804511,-1.2829215896885,1.20395273899034,-2.51153598281418
-22.7082509969014,-9.13300926290264,5.1205837764727,-2.19383170764823,-0.211184840353082,-3.72669464591947,0.117959100017032,-0.641424226412288,-2.76399618449011
-21.6237387284264,-5.89444784238418,4.07220299254087,4.69826864529268E-02,1.73400282237811,-0.686459760610388,1.78576920054262,1.22248950150516,-5.31203337650046
-18.3517108450839,-4.17602864914515,2.12663118197157,-0.312145888910206,-1.65494781654205,2.40421625102139,1.66221488379874,1.07966649231337,-6.43718507614787
-21.3166429887947,-2.94678781560559,1.42867850219574,0.356275317436793,-2.56342773820109,2.07419861475933,1.51257312033469,-0.794571464587094,-4.30153684719767
-23.71033792205,-11.0729452580029,-1.23646786928769,-2.92316940526496,-5.72082339522725,-2.57623915622615,-3.18389594913101,-3.48781248843126,-3.42946192317117
-23.0716346547228,-13.1108743369632,1.81656960507732,-3.85370678031827,-4.83007403243766,-2.84256456048355,-5.25173163330286,-0.902726144016393,-2.29701557847402
-20.1612328466817,-16.8105450900755,1.42197411000317,-4.22983619601628,-4.19591523006264,-5.61004060592228,-5.9211030809439,-1.4355966255856,-2.36436349923633
-19.8257472169589,-16.8739986380575,2.53846945834786,-5.89229816065503,-3.83809501445934,-6.88006777199563,-2.46377937253102,-0.10991273813674,-3.55008209587425
-22.306397006732,-14.825007031047,4.00734076903632,-5.36531184028309,-3.57444187727175,-4.49488602583866,-6.97764661067949E-02,1.45480371808883,-2.53500393382628
-24.0491633002134,-20.9665082775503,-0.706818277239981,-7.30083770378985,-5.5420065826103,-3.55125071421139,-1.17240195908414,-2.55327149890381,-0.14950520895132
-21.0858908829406,-21.1697290506989,2.67071444501592,-5.48270667109676,-6.56313578415085,-2.35101884765757,-0.791683545052768,0.266807458957087,-1.11793326627495
-20.5509627618732,-22.0390648749689,-2.21778496855166,-6.29188607818335,-9.34810871045625,-2.42161938404307,-3.81953909028496,-1.505565714423,0.852759664809726
-26.0242674172748,-23.2207233780365,-4.38603883760607,-12.6479726275219,-9.94050194113119,-3.68075180675959,-2.59192047448624,-1.34062591883019,0.579436556940777
-27.4470484565407,-18.7846827473165,-1.39100816816652,-9.96105396286201,-3.59938088128536,-2.60093780961643,-0.3141251295538,2.48113194625172,0.815446920614928
-29.0576758539493,-22.2907997981674,-0.97762656584787,-9.63915113311444,-2.77848874198336,-0.149729061697873,1.07177853993141,-0.103201532757566,1.54198995224759
-32.749313242453,-22.3642687228887,-4.12137380968163,-8.50769242099526,-2.04324179020938,-1.13057231023031,1.68743509865005,-0.709956327375305,3.15890059874949
-31.7118957745447,-24.288763880236,-4.72257851724265,-5.81678088467037,-1.44409425733867,0.845549162604895,-0.332117858320812,0.477883241103821,4.46842818924764
-36.4307778818421,-27.2404810626726,-8.64678314009024,-7.03988932355915,-4.6052496829969,0.576098432021681,-1.84839338548136,-1.61601754735496,6.68816019036945
-30.8613404466344,-23.503421540078,-3.3110363348988,-5.40879591679611,0.762747557821998,0.80885116866767,1.60964099870023,2.70942497294018,4.53907711259153
-32.9230450692941,-21.266783394623,-0.748799337441303,-4.09490072872452,1.10726519001301,1.51857369840077,1.74326751256927,0.613046824714522,4.03962749078404
-31.6669611575455,-20.5269958896212,-3.03798575378062,-4.46787282991456,3.42028845827779,3.06216970170752,4.14571765642375,0.868569613181768,1.8250402917066
-31.4393660348765,-16.1401163953231,-2.67484731445266E-02,-3.78591749893882,6.34228223234864,4.2773001055907,3.17622771106738,1.7254080676903,-0.93707355917815
-32.9828851069103,-12.4867251154271,1.48923043628884,-2.4547955820486,4.43784736129765,6.2688869865554,3.0643276690917,0.49818449318956,1.39114681913259
-30.5859387184313,-11.6129820438973,5.50310705386137,1.70047515569927,5.21354280386917,4.34199080187289,2.90863910001143,0.70935443288035,2.86843628373485
-28.3918495758917,-11.7733635944377,7.49827596500534,2.71233751456886,6.0096788233126,3.88277773403396,1.33830109222051,0.135932696442656,2.5045015267552
-30.2439289448384,-15.1905867423177,4.84878123167772,2.854441035241,4.34248384572173,1.79232955516468,-0.432241424188164,-1.28743441227173,3.54416934188351
-34.2070014439161,-11.5929378248479,2.82116952779251,1.97642105337709,4.90851804275444,-0.945937691168389,-2.17614360192888,-1.01472511148078,6.69114802397733
-27.5548819479767,-7.44717932564077,4.81563435157669,3.29760745948673,4.98045017527281,1.37205945763115,0.532230315267282,2.78302061359684,4.71269976925784
-22.1211299351276,-3.96006246346611,9.05442306364099,7.71865161119694,6.43577532693088,2.78845133391845,3.89343813539478,2.13526338930002,0.335648479600815
-22.6660892877643,-3.5908071824585,2.03163090969254,7.26948738207626,5.40963513705151,2.44330882005361,4.6508545883052,-0.218627391395378,2.15495701734839
-21.2664911224924,-3.89286557666769,-1.96365710822688E-02,8.39785047258963,3.48862306162921,3.42285747658212,1.65607392153328,-0.270426054344201,4.64176377035707
-16.0870698038747,-0.389661684705953,2.90868839345872,11.3856555377431,4.91118103336685,6.27151188069847,1.48479688801706,1.96482091826065,6.23707627610883
-14.5779428928378,1.2763631581543,2.42836947051765,9.99087666233788,5.13800075616853,4.50060000328769,2.6298226291651,0.946196965462831,3.34325119589697
-19.348762087205,-2.91293350872495,1.79057267265426,8.16486028412434,2.98176940143833,0.334525649344914,0.820154477816785,-2.13399662032557,4.63483818108709
-14.8016060248241,-1.8117771297636,3.51241496191103,10.2404327243671,5.71512147236019,2.10949823705806,0.416875655370678,1.5661964661835,5.17553811664751
-12.5183813121304,-1.82146872548148,5.54941721736458,11.714699387694,8.63399956321635,4.43586155575867,1.58940718751769,2.11249605681423,1.06995818200936
-10.9904289104079,0.495347235131382,9.76080867662151,16.1047992914238,9.2485905801233,5.87090354397437,6.95727766782211,3.43696936845179,-3.29583211618399
-11.3348381021461,4.29272684469386,6.74855408578137,12.1925245121431,5.57384819968568,3.23509388103101,3.74943531402903,-1.82751468183524,-2.13499016969212
-10.0761281430237,2.64839933539305,5.02057441487873,10.8793687036233,4.95703401096393,4.42953633957533,0.813589944570624,-0.873279414914829,0.303261018684242
-4.93861302439373,6.29134988494116,7.63843004587426,11.9614841608483,7.17756615785177,4.92085727282655,-0.588218194617171,2.07223762538036,-1.07932971252182
-8.30578981991744,5.07387530431247,7.263724672639,8.74611256320335,3.55251300880805,1.05863127011743,-0.624070656514659,-1.86380886375605,1.54064942402712
-5.07658000011307,3.45605463780886,7.08915231759195,7.4432384015404,1.73303492319385,-3.40815932581492,-0.673118937870978,-0.92244917079726,0.495187449974433
-5.67610354232291,3.68454244318532,2.23374065008144,6.20434752928097,3.1900248030869,-2.18156639783112,-3.44049372121071,-0.61967083085465,0.432834996082869
-7.62859023652429,6.91488212978241,3.68267944083933,7.55956299275893,3.20244818757493,0.302344126805361,5.54297565809862E-02,1.57882823254262,-3.5354266531545
-2.09603927919313,8.65101672717338,4.73858480218634,9.37662071545378,1.80916519801221,-1.09110634752588,1.66564873491865,0.703524532419868,-4.1666633573957
-3.05771881691913,10.8501098291363,7.10196888529141,10.9728252688193,-0.908346462650606,1.51727355769951,3.01838997658397,0.764508519541074,-4.00184743089671
-5.20330352148446,9.55090946499411,7.17533803550417,6.61805363560961,-1.05188033253822,0.492747426558045,-0.480852691746339,-1.97235599333895,-3.80012666285178
-9.52834478863391,8.79118122571447,6.96534602991703,3.92970485945341,-0.860401774371306,0.43096960879353,-1.88304426703608,-0.682139279408451,-2.43069772409853
-6.55249040239463,4.69698100378929,3.5057171048813,1.77159772144971,-5.5385852756565,-3.66500004145834,-5.2037677338043,-2.46992197540692,-0.150742518842802
-5.19845818136011,7.47115720102401,4.16814806895586,2.08498566665589,-3.55627712623701,-4.34782248366727,-3.11786492428894,4.94767645676847E-02,-1.05832208296351
-6.22324538141592E-02,9.92533747559552,3.88911785907222,1.05630969758968,-1.65047363987607,-4.16867129606064,-1.4617237568698,0.934882521875766,-1.11057836773632
-3.14303258658358,6.18163438362859,1.13152849080801,-1.64541151996926,-2.80100086468694,-3.95024081740068,-0.757332085733498,-1.7585309511974,2.68311938945583
0.74831291638021,3.94143537082666,2.6279276716546,1.20585944853909,-3.6865793814621,-2.49125254296185,-7.03279788418903E-02,0.730979723481676,2.02931051212535
0.802350416704042,3.89416481483327,5.78718697372225,-0.496673343231918,-4.55708795461263,-0.150970094966654,-1.14614370227168,-0.130126589005923,0.913875629872475
-3.759495483965,3.79501062522563,5.82021129833808,-3.55595351872126,-6.27646359656139,-1.06964234409984,-0.260332686410516,-0.867356810740324,2.3182005885127
-1.6497479839965,8.34712205279095,7.97252274204703,-6.29537720207855,-3.30107340303381,-1.12305072615976,-0.107265582775074,0.882533393884708,-0.406729171838315
-2.22353124000779,11.0964208217359,9.91301631056049,-2.29887208410187,-0.548133117345405,2.61300923210106,2.02338169738202,2.00100725664133,-3.74694588883889
3.04141929106977,12.2831331568919,8.66979665888504,-1.31705152131928,1.96854617930694,1.98894856971927,2.95802147209343,9.48589227537868E-02,-3.08319948498189
2.27564295101205,11.2453166800662,9.84211050372074,-4.74071709003413,0.706869637274657,0.905599576042791,0.882969872870436,-1.23689843048607,0.391864169115481
3.10847107691728,9.67431907283716,10.0683321694952,-2.29261100600638,0.288080633106109,2.26567763621613,-0.617912082604396,0.517055208496208,0.294629780775466
-0.320109904400523,10.8688983217571,9.78144162829237,-3.21185273610607,0.218658406052741,-0.408390213973478,-2.55587751794783,-1.82937808647636,4.88092578451935
0.510892388007727,6.48970269511795,9.72876381624104,-4.01207748252788,-1.92311593639373,-3.89280727083382,-2.72089925175059,-1.39979780698342,5.82910970830782
-0.174114769813734,6.50355568192016,8.15320086856097,-4.85726530779985,-0.997637373282447,-3.18128484287316,-2.45035506497014,0.779071337572134,5.3630032952646
-0.631158405185663,8.9871219094755,10.328292536183,-3.20579288659886,2.14118439743636,0.390334587726517,1.67142221300532,2.26741607847349,4.43983052167291
-3.51064211856355,9.83249151928119,11.3349418674886,-3.5634527544787,1.68512454168203,0.293764263769127,3.4366909035108,0.420607738594689,2.57792629692147
-0.482538097936722,10.1026993042899,13.2464695872237,1.10409104240469,2.30960172127245,4.65377831861186,5.23169538500912,2.62347800998141,1.1750688914341
-0.227478218641084,8.70311856024178,14.2066856870833,1.2915459253603,1.73643836841886,5.50804001316305,2.55665389764118,-0.491298638645101,1.97422020019361
-2.62907150663754,7.10537061964035,12.1173864348252,3.99845255086325,3.26715547167349,5.09002508236744,2.47790865114814,0.340136325174477,0.879275882957436
1.51796029334204,10.4818607629907,12.8163692643846,5.29900858929603,4.12912512243515,4.25108935881658,1.25613745385138,1.40353052716176,-1.02712095336164
-0.258451598015457,10.9453615179257,10.8327663790119,3.07953672869346,4.54574028319866,2.51313941506228,0.376139379254648,-1.3868697357794,2.21911889330517
0.137871654451992,9.29372790027363,10.4225471611401,5.96721089963808,7.06209252248564,1.16142138998196,1.30895584414767,1.27328990048887,1.83758169190124
1.18993816112571,10.6640140048014,10.2407368969339,5.55539455081635,6.60982764225094,1.93599931072566,0.200594499120774,0.296231314203357,3.24507227589773
3.18225970502806,10.9217419299349,8.92909137249301,4.97866736315667,3.73453314784814,0.871612008771348,0.835788013480554,-0.741572484015314,3.75031464357098
6.16744524632907,13.5142979262634,8.35315136429201,5.32886300936437,2.84880064897939,-1.03778021136238,-0.940956673647582,-0.495615979293561,3.88166434982717
12.1260031309284,16.7789581683991,11.1765269114271,6.23663497594198,2.06009171705189,2.17094308513993,0.614820298566961,1.83293982654564,0.943248614552512
12.73958315655,16.2469123993107,12.8631643259272,5.18647488185733,3.41938758664953,1.80442392815321,2.23765229720577,0.903407662032492,0.767252378667521
12.0441381193884,16.72324913609,11.8525037268565,6.66752646731936,4.69405637510573,3.14307715067122,4.33020896949099,1.65544500373635,-0.987152302305916
15.3690767282587,15.8867842733119,9.70319469743352,7.57646396696164,3.09476093958557,3.61475013975138,2.29929991215628,-0.250982062388056,-1.40093623914788
14.0005358749991,17.5763946299524,9.56811681158956,6.75370436951863,4.06806986527553,3.73662125469559,1.04526159020525,-0.368547648982033,-1.92151644991209
10.9540995743106,10.4975630822383,8.88788635942995,7.49059164661609,1.83516873341971,0.934434573385157,-1.65147448948115,-1.02466222468998,1.09653587513109
11.7502641128106,9.53554422549875,7.74057232097745,9.43395648645752,2.26256641097485,0.761410438963154,-0.656454304656041,0.730329337191674,0.129530108860411
10.3710531497797,10.3460746611622,6.77813508765074,8.64332327297886,2.89750467963556,-0.99699415304152,-0.374217602478848,-8.71182256385092E-02,0.279513884898202
6.62056517396049,8.43094225228804,8.11283423903611,5.89595152786722,2.72736739392864,-1.42084132010198,-2.35264170809586E-02,-0.671698491609554,0.984561270889347
6.53866060622571,8.94480614242296,5.80946191534322,4.64674452361588,1.80567932847386E-02,-1.95916207139438,-1.66752929364471,-0.901283044126283,1.87074604910357
11.2256939491464,10.9275107384859,5.69278967213577,4.02764735811506,1.11561254947789,1.08464238229238,0.44365145899237,1.99124444386809,-0.94138628875943
10.8663009040087,10.7228705640574,2.11307448591386,4.27875029053055,-0.778545390044894,0.129362545414511,0.882066008538546,-0.22837229500776,-0.602086315094132
12.1028812527172,11.7229064519308,3.93002289934602,4.01216102740662,-0.463335449822782,0.278734782479132,1.82889137977537,6.25777924480195E-02,-0.901227181836998
11.5042328054452,10.4412765557651,4.79139980094395,2.67610464268064,-6.32457440884618E-02,0.974962170948367,-0.134435398062439,0.031164569550854,-2.80083930463291
9.99953394948776,9.55013901293558,2.75382371524771,3.98480828133559,0.92835734002815,1.83639182165392,7.02131837285622E-02,-2.35317307817329E-02,-2.15628583718334
8.72779720899,9.47136835263876,3.77792049579624,1.97713226110005,-0.590020930264799,-0.950332589454164,-0.783383310308499,-0.791083922815217,1.34029160679441
6.85897835282065,10.8687408515034,4.7658715599153,1.79773967234249,-0.388130856864625,-0.605733352716801,-0.700112377959155,0.113762492529295,1.88619597146938
6.50798472755085,11.30560627182,5.12607789195791,2.28755196703717,0.043254462688597,-0.909423150466924,-0.917133393370416,-0.239094632437302,2.017847670273
6.79624773381134,5.46203529871255,1.75086895123108,0.900110097280109,-0.968478857943073,-2.88154679998837,-2.05004121771835,-1.92257670071221,3.05341171903425
8.28869447342283,5.97033689194845,1.68344463115548,-0.308828030809411,-2.36528694848233,-2.2038061981122,-1.51712258169302,0.63538146313428,1.74700620310967
10.8776347774283,8.858414456502,3.58768179099897,1.49612120945014,0.611776720873738,1.3225653740911,1.44581737275675,2.6865440276352,-1.34916105814349
11.1549986071256,11.016088642676,6.06606225733222,0.487996744675177,1.19492767245031,1.85127725447475,3.93235990665854,0.64895111652658,9.91998333080383E-02
9.43092490857024,12.7104546962658,6.60009809945531,0.628199285491325,1.05566501681218,1.97793593606757,3.21196359890473,-0.109738373740789,0.454749169971289
9.42650640629694,12.3250869703805,8.03254011465907,0.103632395532598,0.190259622409005,2.96294093334736,-0.353600749142503,-0.898376197034234,0.666861882952591
5.9921520835044,10.6883158444875,7.39773188613229,0.483568568733723,0.33944195834142,1.71700993307091,-1.65599786956619,-0.640434804964776,2.43756624029851
4.18101934299147,10.9312704506381,6.18017512832679,-0.617139406338394,-0.14088217351385,-1.36761235141515,-1.91789242117068,-0.367649324320157,3.1373050449529
4.82475094519776,11.7103460030937,9.72522329896456,1.56797617943258,2.18242071689469,0.09910152476067,1.0971308072249,2.08648682077934,0.611276908816801
6.73483482850875,10.9650125943826,9.28290263654446,2.46387955135709,4.26230322217573,0.452690563391727,1.96687541943658,0.244589832405935,0.916892121664451
6.61080772753201,11.061115315303,8.77948899751612,2.6721995347361,2.98936983329433,0.662444294457063,1.65614861174554,-0.685775665834152,1.7036446177632
9.44670407099881,15.0032627026266,10.5579708461975,1.78635778250098,1.40697027157223,2.37956282032361,0.664527492483802,1.0992048894839,1.80875842739981
5.88740068918236,16.0275971673919,10.0443024455966,2.31714038617513,1.07387873437802,3.0418722338978,0.732947068585154,0.313298650164534,3.32223531678639
4.66492955867162,16.908242617416,7.86623568797423,1.89255317394519,0.814906545488898,0.607563016391091,1.04248968154852,-0.371809076039456,3.47304159314192
3.47067993388756,17.4532243983864,8.28291774487066,2.3984773560388,2.23543278381274,0.908561592006871,0.489655578592034,0.546687630605262,3.25216889538979
3.61410426478157,16.3125902632279,9.48785231055243,2.51228771615693,2.94800912557045,1.6751067517453,0.269849344667549,9.31028652592989E-02,1.83621194979
5.06031969364042,19.3764781893937,10.1104107214079,4.43938816388825,4.46514379738117,1.77662359834163,1.83291805440473,1.20131633363406,0.112000211932065
4.20221155333504,20.5944941024763,13.290860175415,6.02727071650685,4.15978176487682,3.21541177133886,3.04388555666871,1.77352178809393,0.751086766387511
3.56757602606297,21.5958427904827,14.2950080015996,6.03999423334243,3.70812019279183,3.35646999418263,2.73467072457762,-0.225522675787073,3.58547005141453
4.63582709855925,22.8914044595783,13.9105138435812,8.12022463959612,4.68333701571293,3.14973421883732,1.88075732829641,0.333941286984449,3.64808292430038
3.75482536529424,19.9047872597191,10.7715903555594,6.334302185256,2.37490619884821,1.80310315420544,-1.1854417686838,-1.29602838975054,4.25341597099002
4.38318847908924,19.5870771980994,9.94642941148798,3.26693853789339,1.57815660723526,0.111874911793757,-1.46282695112199,-0.500276379545571,6.15260561226891
4.01914692582361,22.0675350987515,9.73660780584467,4.96852967995908,4.29277692841354,0.745487508367094,0.63701121997801,2.39659418891376,4.362798659543
7.03868472088855,23.6642395902761,12.4386557666202,7.46194856630912,6.18880001342806,3.46136388591459,4.37719998237566,2.51692321034296,1.80502587350622
5.49718251284048,25.1743122078107,12.4861111014358,8.64737627821406,6.47147786240185,3.51968200604807,5.22821680823184,0.394148654927659,1.41483902113481
4.1174848762706,22.546090280053,10.6120418771033,8.58616719832694,4.66413499563985,4.07988163397312,2.21382073496098,-0.707867005189385,0.345164089745475
5.5832111739008,23.079719503016,12.9789751902675,10.1030293923558,4.20239988754638,5.79600055672849,0.990893611540624,1.29778672728821,0.297960531828047
7.39538477614074,22.9665407269307,12.4936755154455,8.85090990084308,5.10873988769915,4.18041554613298,1.31748637486045,0.722709849147289,-0.125664758322189
7.21677601071686,21.6671590011335,12.2931336516333,8.68931405214166,4.85528801566311,1.77302236114451,2.07749115515405,6.77360629272186E-02,1.56493662624944
9.03408345462901,21.2835612363985,12.9482645044783,9.32114034189924,6.08287213501221,1.39510059355314,0.800791862119275,1.09217624015248E-02,2.35442973631843
9.87709820607706,19.3089142428071,11.8344800392078,6.68000159403886,4.88565917351883,0.3439768053364,-1.70135682070348,-1.7814083333275,4.9107582940708
11.0652461175847,20.2101689111287,11.3121300365769,7.55812749317548,3.76960538615655,0.297075364492077,-0.496805559582832,1.25133418113382,4.83922858440792
11.0852153993981,21.4619544119226,10.7735491135958,8.1783491047854,1.58276639620715,-0.125822873331875,-0.204634246398076,0.301616975350278,3.82396911970793
11.0977185257334,23.5968561244022,10.8422448137551,9.27193035855603,2.90382365076466,1.54082371164005,3.25351893562765,1.73116075837205,1.93346996475992
15.4063694353007,22.0243811594641,11.7610740326894,9.89769040021207,4.34042353288571,2.30027146102404,2.79386746393662,0.782170144656185,-0.224148286842694
16.8027594865681,20.87974628291,12.6993160594415,9.43928603083231,3.75977379247472,4.6808910486622,3.18099334319182,0.698668305156245,0.244107401925531
18.7203828920785,21.98705605618,14.6079017587854,8.89573460964025,4.20691344626578,4.61585672629379,2.64186578231311,1.18395994068017,-1.93605997307955
18.6416395737978,21.6736100430127,13.4004953619483,8.48870850548134,3.49657118308769,3.68312746288763,1.2136765509231,-0.673299778837328,-2.61801971901203
18.5501139670143,20.0307893418446,13.3968142321078,8.09819411220194,3.39784275538067,1.89679598411429,0.427732968815832,-9.13726804311864E-02,-0.824411170426305
18.6246464592112,18.1661952789483,12.8017918338384,8.03708773192444,3.79459826668326,-0.224651840093625,-2.13910253607713,-1.36338107745443,0.653239123050684
20.1498837945211,20.8074951204336,14.5853166266906,9.55863191316233,3.70807162724898,0.243512968744178,-0.276553084896481,1.1625201431694,-0.680546617808948
17.675140415862,18.7325235638096,11.9671785477333,6.39929677909784,2.43844131006454,-1.97428328144684,-1.19981358468064,-1.01292819786885,1.93217866860782
16.1197275243685,15.8344123706006,10.95716392244,2.65919714181069,-0.648647765473795,-2.68840262999165,-1.21471684292077,-1.3783084235708,3.53781259743673
15.7743489690491,14.3368319493427,12.432832795059,3.95372379467025,0.301487162708724,-0.831264205391306,-0.645059417593173,1.71879798553584,1.72535496333111
14.8674502508258,15.9791427351404,12.5147598627959,4.74774751295894,-0.274782369289601,0.648999603730672,0.488420315451765,0.12469452847626,0.834504432803622
19.4534118253408,16.5692656267257,12.3912061285346,3.33628961274971,-1.64344592853389,-0.685209789858728,1.67959062781335,-0.164793054862961,0.648596548181216
20.0590808085533,16.1466901110137,14.4489074200831,4.16734467735804,0.627766530669245,1.89555319413856,1.53697063285902,1.57623486334268,-0.879953568071064
21.5745077320926,17.8405240688054,14.517489672023,4.28827203394902,0.910926582105368,3.4169280851934,1.60513495902672,0.193836550025028,-0.589334124109315
21.9840066088828,18.5651857630142,14.6938458725396,4.24690438825082,2.21214724233053,1.69609136675222,1.73529214445355,-3.22946004217363E-02,0.680422894832725
20.7839251927671,18.4534890271017,15.6688282210419,5.20999771363436,0.312337427805526,0.827598090056304,-0.594852695094907,-0.757681691512944,3.19779713640987
21.1833595467136,16.8555249270958,14.8326943475528,3.6730432238135,0.9667583303684,0.644416882525261,-1.1427925396609,-0.349807306716502,3.51636147198383
22.6500833464047,16.315357804653,12.5326008066124,3.43807242496829,2.37025477148196,-0.887765492195744,-1.05106861522674,5.84222405959404E-02,4.43743170779044
23.9261567848795,16.0801663595488,12.3887993036604,2.21415881675184,1.14524315665127,-0.592827860991365,0.195845508913906,0.485612200758513,4.77734726894397
26.1052456910885,18.7150124483659,13.5606507513116,2.65482389694281,2.23855001852066,0.675824430677522,1.76635485322948,1.22928838202601,3.39133860273871
27.7284584233989,20.6383517060772,15.7868170906975,3.63659598843563,4.05876452448564,3.09870677974155,3.38004544059265,1.70016914997322,-0.680003442079937
27.5855090712854,22.5195302461839,16.2884180500591,2.44205170375701,2.48233283651129,3.3969137071491,2.86876188518272,-4.09878192938223E-02,-0.898969522536878
26.8527640314435,23.2097308773216,17.3789304333659,4.00527451938743,3.21123279162594,4.24889011078528,2.58411992913002,0.939841968067776,-1.68812622189638
29.5212844864863,23.1117297452553,16.300504691835,4.8682719591449,4.0247201153942,4.55952302044965,1.70042325938131,0.808453824958098,-1.76708424471399
30.6775093435947,24.3688532099947,16.0157585292882,6.05888281252468,4.65615887428244,3.28009932801942,1.64756876980479,-9.47786444758267E-02,-2.06674312143988
27.3912798903925,22.0372440610393,14.644813265667,2.7399944006533,2.77536209862997,-0.684659147851845,-1.59827079759655,-2.32935409014172,-7.50027964404613E-03
24.9138611159191,21.9345415790692,13.470014592559,3.46299382782077,2.46362070496776,-0.907124293466671,-2.69472898097781,-0.262030757821217,2.10856319368948
25.0830850814538,22.7177981385317,13.3236492443692,4.91325101857714,2.12946384067344,-1.71711326111696,-2.44905172313345,0.144678735527274,2.0001268771014
26.192468296595,22.5978734588489,14.274018694952,3.9553588297212,1.63346275596957,-1.79887182532186,0.61260476229033,0.728725270572992,1.00627063597024
28.7742124462716,20.7006657092016,13.4570940806206,3.44977760228553,-0.469183690060037,-2.11035881713063,0.474796861269507,-0.40105140503482,-0.829200877977403
29.3435534464107,20.4491711246026,13.1841527895697,3.39464840771992,-0.650956713027476,-7.50084222818891E-03,0.109344174205767,-0.221986132494618,-0.720274841205226
31.4875375612742,22.8479207259508,13.724078514729,3.62975392564122,0.239033504688292,2.0650209225741,1.20316705108841,1.81576579922582,-3.02210726604715
31.5502951069366,22.4768039601447,12.2001650060291,3.47978676143936,-0.535317636605955,1.96090626388272,1.63571745890715,3.85225614012801E-02,-2.21584057879038
29.8029457927562,23.6806694995104,12.1804223308167,3.27159735869871,-0.689273005933958,0.996245707949035,1.6101274906938,-0.248059391742337,-2.83089271479024
30.4388728193958,23.0337641518886,9.89542468352207,1.83003550902558,-0.620334479667214,-0.836134109353229,-2.473465818822,-2.25929265604649,-1.75027357173435
27.9480171999422,22.3425346858119,10.948615107656,2.06265134946078,-0.469793936772882,-0.72550043833539,-2.6277978889559,-0.112026281886776,-1.4635061360442
27.0193231781247,20.1318893977841,10.9358346884959,1.50102259128035,-1.13323015767022,-3.11628473340613,-2.90076805639571,-0.514699913321974,-1.61604774362157
27.9368633521225,20.486505255438,9.53617798719484,1.87430433188278,-0.996699734226383,-2.26605269391901,0.240851254393057,0.86274204382831,-1.31270748352301
27.6718795525452,17.6235918824334,6.38143658273887,-0.223792890090717,-1.48110560758985,-2.91336700920904,-0.527006720988942,-0.882600397432085,-1.54127695515958
25.1056337328687,17.0962758522048,4.94460561088777,-3.11401821383142,-2.40515809136847,-1.7814538883345,-1.14695620562175,-1.13457350194117,-1.49148672567544
24.4472147236668,16.9625034040944,5.78200311458116,-2.88693647364901,-4.1119477765645,-1.48524275489727,-1.84422599485486,0.179326372676299,-2.73008373411313
22.3453843374432,15.2157263041761,3.90309600634013,-4.55953425822478,-4.85045651237983,-1.64259282795462,-1.63014944700151,-0.670545186441109,-2.2173838689865
24.9887705771364,17.3517765505975,4.33360362866552,-4.18109392664145,-3.36994486895938,-1.33016870769237,0.683169807945637,1.16746538608499,-1.76842858448768
25.575937729632,15.3509358177641,3.19963558135746,-5.24483546298791,-2.21504024897507,-1.56540416886947,-0.60641124111813,-1.11679683993177,-0.855785312199715
22.3860902485603,14.1795735144157,2.1401582499074,-3.96344025161884,-3.20687636247041,-1.51406886176626,-1.01905895686275,-1.08345595426872,1.82563471038492
22.4944464490911,13.8812610382983,2.80324358631974,-4.82379155479719,-3.79938311244845,-2.80670924672173,-3.32825716015633,-1.09175098074792,0.683822365197709
23.1774554877767,14.1836862463286,1.43111459532733,-5.12547261487706,-4.85211135337302,-2.26766674560594,-2.3328596976898,-0.142703152943478,1.68079407465478
26.9828857665252,13.9968091993608,2.73373819768637,-4.18251968809689,-2.25190453842182,-1.80026498508036,0.40316830569558,1.61916729877905,0.77507131767479
28.294126485013,13.0513463045041,0.836141488071602,-3.9593640334403,-1.2928467176785,-0.863172213219437,1.29552966806538,-0.185995535570566,3.13630192850474
28.3272577478568,12.9832466995774,1.63195815173692,-2.09181901840896,0.126880933928169,1.79290285356673,2.99193428069337,1.57841994288378,2.07531525489073
25.9133773025099,11.2583724565415,-1.27729738047736,-6.30711560941764,-1.42834581046459,0.679177994174046,-0.811598467648099,-2.23818947061507,4.62074560420721
25.9829619263504,12.3262010075071,-1.63065702126178,-5.45562357489009,-1.76524562252415,1.65301037423127,0.219986440750569,0.839187703246519,3.67444951522003
28.2672068220078,13.8532837821858,-0.209002382334854,-4.42153641331717,9.83892333877618E-02,0.769110165381596,-0.635112134494962,0.734962923003942,3.02794360523131
24.5216904962427,15.048564209787,1.99264464395459,3.77848086859503E-02,3.25222497894521,3.04092920713684,3.64262464597064,2.10768995645968,-3.32324220972765E-02
23.5759838524734,15.5939266984556,3.84790747637984,0.704223074898314,4.82860714648345,2.03312157274116,3.36687053716654,0.555410760145728,-1.31874485446337
24.5152753971177,16.3660960178878,2.95947312024267,1.45893154472562,5.20112482557655,4.41666284972585,2.89405828113802,0.249273114694659,-1.4246758449578
23.3667465847603,17.0585106314304,3.86924935090757,0.535864374218089,3.57739983448304,3.54421897815874,0.737919005142396,-6.59098332823299E-02,-0.187142611836914
24.5621037590339,15.468228503041,5.28248208694216,1.51654862189391,3.86426828576293,2.93895374330034,0.295391353241886,0.112069454689889,-1.40892841482979
24.0353538770603,14.9102491373612,2.76831578563883,1.7547477659868,1.453214532926,-3.32434697074494E-02,-0.843317216864518,-0.8899621635969,-0.149042640116995
23.4721322906809,14.2268712824049,1.92646468989129,0.849885834274886,2.89726657631277,-1.3363681405536,-1.52269027402396,-0.740045561430598,1.41147372091133
24.3895543457134,14.3220357285198,2.22692983024469,1.65023694015077,2.21462635051959,-1.44526620345374,-1.492189580916,0.142079013208565,-0.509350971811288
24.169327513425,15.3484669060081,1.82811005395856,1.65749679695923,2.64786859545451,-0.18749349205497,0.584858105778928,1.17476087950553,-1.52956919182479
22.5708220022054,15.0673588955731,0.530094036916254,1.64875269298235,-0.567766358355338,-1.42906288792354,0.20418921446669,-1.12578761967176,-0.64428826127848
23.4061502958264,15.2963182793401,0.943087057848537,3.07560398292215,-0.742090610631765,-0.149265108775888,0.444993755102287,0.383033424047781,-2.46675088754428
25.1141762026226,16.18293783916,2.4844431490724,4.89909130800335,-0.175650725189337,1.39182842840423,7.76792390277986E-02,0.810138885567874,-5.03848741331365
24.3313555754355,16.2953875703836,1.0889727937694,3.33868336578435,-1.89746355838552,-0.511958638109772,-0.574514550334159,-1.78583644687681,-3.29750565700152
20.9867477769013,15.8872329539446,1.18046392304424,1.89604587606081,-1.85788588388984,-1.5533284248593,-0.808913018205796,0.150866612765412,-2.99808805960053
20.7313035218346,13.3708725363252,0.475076738354959,1.85811155515386,-1.18627655561795,-0.64846625322637,-1.86067882587519,-0.224734929298031,-4.24850390653028
19.8775945362433,11.5159600051303,-2.25325185438532,-1.18998631923216,-1.92786601398004,-2.52913843226951,-1.55298091105363,-1.47836461383895,-2.60362112823582
19.7862563834537,9.95471695031523,-5.9733609904289,-0.831618375635628,-3.98788913206807,-5.30582051198292,-3.61454556343166,-1.87610927819336,5.80499569899543E-02
21.4365591690418,10.7981035432723,-5.88051234261382,-1.63749651386631,-5.17491888362096,-3.40994891538728,-3.33396820646074,4.66631748644699E-02,9.61832788022625E-02
22.1513450561653,11.7726438665033,-6.39438279086459,-1.91998049956327,-3.52659981447501,-3.0907515116224,-1.36110339971156,0.459072781317493,0.464963538245909
19.9942526483535,10.7477538236044,-8.9064701017405,-5.71105258345519,-5.51842005578232,-4.43701046966725,-1.02029241370207,-1.53356666481046,0.136052738138703
20.6913367205847,9.06046298531704,-8.54716271975068,-6.05116816276365,-6.1297681232579,-2.67322169304041,-0.829483352720413,0.235456949717972,1.34490979522859
20.3793570871339,9.59771526045773,-5.19167476604748,-5.42958911824098,-3.39820319572434,0.0580162785652,-0.449779191268035,0.833924491779444,0.139089436888416
19.5785457797494,10.2895365620948,-4.82785194125274,-5.27086204506349,-3.46667808340198,9.60908554668454E-02,1.15125543314278,8.47420769216088E-02,1.75328435010234
20.8703311930458,10.0403233143972,-4.11421816375593,-4.52007977047455,-2.38354393610274,0.462811632902154,1.73485280945599,0.824461148287758,1.41249544231299
22.1095978063412,8.07270819917037,-6.83664684373201,-5.53234259852996,-2.77571431906091,0.135867886159332,-0.941600838138024,-1.86706779388724,3.88517618886116
23.9068099145588,9.71877167752305,-4.89305473310211,-3.26381862786567,0.555012266305729,1.32706200829033,0.412892310295239,1.42546315878521,3.14606209288555
24.713547715785,8.89554051355613,-5.03768876645191,-3.78320774939178,0.150238874376658,0.13889624688077,-0.77666434380523,-0.360179362938275,3.13029350916444
26.0519433335738,10.3333012761433,-5.19386585668834,-3.26335515893688,1.36470129377476,1.72307396395169,2.72232329141855,1.66977888553179,0.146127357873119
25.3288496492691,9.68881150251044,-4.71750464373652,-1.6121989878482,3.33166081284496,1.39282189650532,1.80034092834856,0.491189361440538,0.83457664740499
27.5939231485006,8.57085078035782,-3.87594901239267,-1.43415863046145,3.64378462970013,3.7398754388191,2.69834094658039,0.557577824303182,-0.062848940489787
27.9222918000777,9.43257450895998,-0.850462433207002,-1.52724996588176,3.53222072918526,3.05010392937003,1.75761361369769,0.719107257209446,-2.1773990362913
28.7247186201355,8.78787679217076,-1.11590413656391,-0.120520807950417,3.08783530140081,3.03528032613063,0.901930308678162,-0.375524397231317,-2.64072286141425
28.7812301602121,8.8200694625985,-1.86594038593889,-1.53549954918667,1.05067515298311,0.145914137399374,-0.909629266054554,-1.26027667667881,-2.89587545814906
27.8241292107617,10.3359777706451,-1.54962224991811,-0.121929277064839,4.00132342696403,0.827669114259596,-0.45074287883592,1.17058696753978,-3.74276745186924
27.6567070118324,7.82620828844842,-0.998809020758478,1.00575254215544,2.28646853163039,-6.28884652238705E-02,-0.4105935652734,-0.335405147860631,-2.4875000082661
27.1416555885403,4.09711816683055,-1.29080853107397,1.44219096051716,1.2478151162432,-2.22586499933599,-0.575883712538386,-1.4269655234398,-3.5388744981307
26.1671919275553,2.89613904497897,-2.3385440025218,0.554889255523011,-1.28599288513326,-2.71234846747611,-2.63543647387259,-0.85320226501425,-4.55627461843331
26.2323431001423,2.10694683288372,-3.20852860541396,-1.42862244589613,-3.33956464169748,-2.9822373373038,-3.8536819203235,-1.52635005576586,-2.61289152853398
24.406275997357,1.11839560146116,-4.11329113274015,0.404112332547068,-3.60613084009764,-3.88829738066464,-2.0843076101432,0.301064372451625,-1.84418189847893
24.6672792684043,1.35095637077551,-1.97886184926606,1.12363817616482,-3.35870770420152,-2.5509550144617,-0.252816894244814,0.956201236280038,-2.27908191118179
22.0827388253356,-1.21585577166443,-3.44070634503436,-2.23291641287086,-5.57975307405832,-3.66870537713363,-1.24631126909031,-2.53246500399121,1.96966409950465
19.1859142411852,-3.17883535784578,-4.29665822558731,-4.29261841431029,-6.27623662521254,-4.7737811995688,-3.51024163032609,-1.92826570901877,5.74064269853723
19.1870903682684,-0.866476451332195,-3.62767816468059,-4.63420688526856,-6.99774759844913,-2.68299528504797,-3.98739952695336,0.499632591982469,6.4812607807103
19.4902727562535,-1.03958631398535,-4.19364222130918,-1.60517484205306,-5.48637613869336,-1.87883095892647,-0.321788342374978,1.08185896420846,5.71601568412983
19.7962078532774,-0.822913326921021,-3.4641750255729,-2.54320329664991,-3.46625694493601,-2.33223546785586,2.0833767066534,0.515413836991269,6.15026738784353
22.1932490550573,-0.814120236673798,-3.29459914857984,-0.397615805347592,-0.806142008372362,1.93161771875859,3.30373660663447,1.73973109961124,4.42096132877733
24.2894725377106,0.125338900972207,0.691106635253736,-0.359863400705789,2.40402693110717,5.42898411815369,3.91459527934823,1.70675389003019,1.7986467420264
23.0501824896073,0.621213034347513,1.04414122596194,0.346634224069821,3.27587223144622,6.08676187076517,4.56777016972096,1.19169587847007,2.84532788855783
21.6588925188041,-0.201584566870314,0.676149609401041,0.15447118528426,2.69931962734239,5.40695338084703,3.23340325557426,0.365821551138808,2.16338841551891
22.5508334847889,1.38663521621965,-0.526476822075277,0.358916894721631,5.9778949033801,5.79392547865392,2.46122847642721,0.922396806489532,3.37636849324203
22.8465693739535,1.58744981467018,-0.974254958454256,0.843322510455001,7.86032217871594,4.2337872324864,1.39585091071517,0.112451708456207,3.29087769799207
20.6507812139927,2.10990327826756,-2.0619703843191,1.26929990321242,6.63343846088004,1.76686704547699,0.217080702401249,-0.825262215316141,4.24857946128168
21.6529977229875,3.1347558651102,0.24637584100065,2.2949787238427,7.68626940869799,2.76660879689255,1.50105092883563,2.19729128244228,1.98897297464376
23.0604432405271,3.81914370730341,-0.164376058836934,2.33020017709987,6.93034007436644,2.11757700001098,1.09508686741861,-0.299235473709841,3.51532249678513
23.465910132952,7.10483561391736,2.78912782127017,5.7120108370166,7.25731021149763,3.2660931530621,3.94985729617194,2.08493676193535,0.766167461503493
21.8375209740295,5.50837759954682,3.5319823129028,6.53751174355986,5.67503183247583,3.18602936806688,1.82118430719003,2.97777479930111E-02,1.16461973626145
19.1372289945728,5.48595132876108,3.49228865729352,8.035598683018,4.63381622252524,4.07543151497774,2.21294914410696,0.100990515481106,0.940051802639649
20.6126534995918,5.67016395388556,2.3747962967523,7.78596273895866,4.31279474226211,1.95018433525971,0.161131557729235,3.04331547121807E-02,0.782864492274587
22.2283438135254,5.29011559200502,4.60046945603248,7.99404257549419,4.56128572551671,3.39594410952476,1.30953524851095,1.17969234532097,-0.103762012496361
20.1168974784136,4.54968801816537,3.67204690459544,9.74028500742456,3.89352827543271,0.760341968742831,0.630427988115699,-0.586432963758384,0.33878051566436
21.9106590114984,4.98462946031563,3.2965886088646,11.8228478900895,5.08387083872088,1.15121248841506,1.02116128661322,0.423525706204265,-0.334470942836832
22.5305828240628,5.58477938632249,4.87804725438165,11.2726121432786,2.83374869619028,0.931297127207405,-0.281879438193314,-0.121261343222781,0.097422038904992
22.9110674239662,5.79583485256841,4.6147783670948,10.1896506573746,3.00207117162156,0.776783331391217,0.177672193549915,-0.12548568535984,-0.766258321336072
21.9114664627996,6.0260092951907,5.11666457428065,9.99754535012489,1.23644399307202,-0.103869789880717,5.64631930560321E-02,0.302615232695191,-0.828959621946451
21.245903074883,5.43258525357152,6.36543321073832,8.27322424879282,1.06595111211189,0.337636668418021,3.49645975631123E-02,-0.14279816858065,-1.2481548199855
20.4414758836133,4.01708817541152,7.8607989656299,6.44800841742503,0.719218303133903,-0.335593405263516,-8.84757651021658E-02,-0.249124177711504,0.467899474976903
22.2227361888486,2.66040238586086,8.10422576414683,5.61391160413013,0.997588385243269,9.73272207421354E-02,-8.03246491031791E-02,0.310734498592907,0.544519858628621
21.9795614428836,1.73027594640545,6.76005245058767,4.32294359667847,-1.18304232348275,-0.77217517789196,-0.93392097183843,-0.996927334976043,2.41204520043662
24.0425728899193,1.03560274120133,8.38836330931853,3.66356357434415,-0.352128864930785,-0.835888802604413,-0.441877323619097,0.239581148666899,3.0013144212862
23.5733988681313,-0.337597106672459,7.65065983449507,3.00740116733858,-1.35127517331146,-1.26393063107858,-1.3271429973936,-0.567897872124802,4.90446888627791
23.9809792360613,1.22415429811471,8.23667232745971,5.20886578802671,0.252644876046105,0.465720371802379,1.14102115214302,1.46319329891921,3.21635401239134
25.5835828977742,3.84589320652123,8.51399685042112,3.45402988804882,0.76289937822862,0.541570897542947,1.28681373405394,0.386703131984519,3.34952056893854
25.6689021454555,4.90736807973009,8.53275205542196,4.55524780649165,1.30257376987534,2.35523584722468,2.67345098210857,0.844792756382945,3.13203338978025
26.3670299769173,5.54125074521913,10.9367901310057,3.31277802406103,2.24192488191143,2.91386031153982,2.02858584160081,0.810309246831866,2.79804943669076
27.9175021449225,6.04351913403697,10.7842054005556,4.49929569258505,3.7102178009548,4.67517631836506,2.88412829806361,1.25658344790026,-4.95702004000583E-02
27.1677723135381,6.27996538844577,10.9724794607273,4.26089759055451,3.26675265134544,3.1161282949456,1.91137531344803,-0.148387061664059,1.32774372453942
26.0634224544243,6.96919111255486,9.92700071284842,4.72501195600192,4.71490575061134,3.24096381918314,1.61939910187116,0.515055539012654,0.926101380880628
26.4636755968392,5.85105619911774,10.057801049624,4.20052839842676,5.09324678119284,3.03691616157993,1.00078901122548,0.635691998708882,0.888594005905629
27.7166403459465,6.27444332420286,9.99491430151945,5.22387482638733,6.08975216885708,2.72188961952431,1.62992175162161,0.488048608570736,0.564780199680587
26.2099073586337,5.0509962450526,7.93178270597843,3.33916067018804,3.21170026144486,-4.95947846341894E-02,-0.418565484446211,-1.55664799663649,2.07990015802675
28.414474551855,8.27496611946596,9.3887420550073,4.62720671034485,4.01446285553674,1.31034569184616,0.164762931741842,1.2128962649956,0.408893737158669
29.4868096367733,8.48677387437863,10.6231001227842,4.86022864090981,3.31201497252257,0.917603442726529,-0.205335749281755,0.119148378175412,-1.39151477582941
29.3586618684406,9.50051130257144,10.1059575340404,5.14282701146905,3.10579282707071,0.8807675581777,1.92138382293171,0.598751307879971,-3.02142494042703
27.8409279106632,8.86595925899637,10.5566399318617,5.43686563986088,2.03722762438782,0.561608346937331,0.883608962074428,0.167624861002674,-3.69549530366479
27.5004186769571,9.61874063154831,11.7715390801653,5.62536134928192,2.13415770776881,2.03752174013388,0.716455395074227,-4.92944035761705E-02,-3.5061754111467
25.2261836344262,10.2473979150038,12.1407850858764,4.92305625900025,1.20338073437842,0.407228604897325,-0.312196710672152,-0.431120300631233,-1.04636118181878
24.3234682911084,8.55358517983019,11.9866247097124,4.25696659925023,-1.12343250761306,-1.4111511526275,-2.19331066239361,-1.70449119133654,0.814558079876995
23.2512589737966,8.18902659927703,10.7746041326964,2.9983217755578,-2.70861881578569,-3.11555922385021,-3.23780629734326,-1.07187651396066,2.59376399411308
21.745288204589,6.61110022656908,9.43470738563605,3.03377777068065,-1.67147667886213,-3.83730264260984,-3.34061949353919,-0.531138354539762,3.30972650182626
22.9291953013557,7.77831200577947,11.8014372641203,1.7385646247573,-2.76849352200849,-3.63357492159319,-1.45934191014584,0.14700128419144,3.23157516444886
23.547571242298,10.6511342130599,15.2571761821564,3.39450097808571,-0.765951926351392,-1.05742567359386,1.68998316503372,2.06542153181976,1.08613460645639
23.4529669578564,11.7688428954295,14.9788652592828,2.73984183419572,-1.19769526401937,0.807976640865307,2.37842277875374,0.17285519854666,0.345230743403251
24.5338398920982,12.4945140995829,14.6342683431539,2.61298572921536,-0.67736355218379,2.52818874474857,2.90042606911788,0.680936458832663,1.12689475705724
25.0303491489754,11.201600389991,14.3340724931484,1.53695699992273,-0.461152494812999,3.20369302474898,1.01677080298915,0.165567835252586,2.93147215666224
23.6850766236636,11.4297459977235,12.8795835778938,1.75305294625054,4.15257721179567E-02,3.13041349926215,0.916180912164957,7.14076939710805E-02,2.95528048609512
22.9792444882004,9.99749862008198,11.3551953542067,1.23143943422469,1.70384968905055,1.07446447594903,0.223757643022783,-1.31307591895953E-02,3.40746171730129
21.2408611710607,11.4711273950962,9.77989134981011,3.87182814819038E-02,2.19756122627011,0.344043001192607,-0.505608175771454,-0.56422335190377,4.55907764449448
22.5761072269994,12.0152229175217,10.7603862612168,1.00363378554955,4.12358992809568,1.11433734790774,0.879563356885335,1.44862677530534,3.14857419111322
24.3382811597551,13.0619152131223,11.6551923299064,4.388587270417,5.82199376227331,2.8479842901698,2.79132493935544,1.91584844634399,0.618054753378759
25.1764819928934,11.274017072909,11.6393293164951,3.30615947255629,3.92668827804123,2.87045061908627,3.42808409278967,9.45161040900489E-02,1.5342421804946
24.9457458856219,11.1569557020974,12.7343326700838,3.60148492807199,4.16858909424788,3.29517972950223,2.42424103133666,0.42420770606651,0.416565876876917
25.4185595995268,11.4189138994131,11.2586217734424,3.54779905481934,4.03587572074312,4.36028869726218,1.05889949883709,0.543393164298001,-2.0689970455961
25.9909950282554,11.5666561435498,11.6127257023039,3.48341809865737,3.97379915156657,3.05246506391795,1.06530859468436,0.100987669685273,-0.98350230262164
26.2479615131384,10.9796733943669,9.23333377341497,2.99948166036296,3.37575146331929,0.614258300752932,9.64352813068776E-02,-0.550943946418739,1.27271610543821
25.4990404216348,12.643759160322,10.110608668769,4.37785962593209,4.35069477792737,1.51105887781899,0.551082701049718,0.996006540022414,9.53042889203248E-02
25.1602847446688,12.6922630174672,9.40417275333858,5.33721735956024,4.23666696992741,0.414837804140482,-0.230478162079719,-0.684110453283263,0.549416909704403
23.6300010970261,10.8361089650376,7.58144251933218,4.48584486183307,0.904171266785087,-2.1127089309597,-1.65586757260794,-1.98089073853198,3.60518963380333
24.5199833263283,10.8554135526048,7.59684076585887,6.12694014486261,0.177056866329844,-0.993271147225883,-1.45035575688496,1.19615721450516,2.52791773399497
25.8124451261228,13.336881537041,9.68733296944407,7.5767752496354,1.77041761677472,1.25672160714357,0.941010829956591,1.68919435937636,1.81196447488569
26.2706494733448,12.8570082166395,9.15032271544266,5.46850515300029,1.18565562787572,0.095213546327042,2.70140759346484,-0.168568288041126,1.53079763629674
26.017357576199,11.9437332730885,9.05220759665686,5.08759879654441,0.417863359876356,0.546414814317414,1.29757869152943,-0.229389514321345,0.157573695151514
26.9517946141581,14.3771328414926,10.0990308683661,5.41828334104005,1.34091276463567,3.47973846343607,0.632720682036174,1.02697426706851,0.29602812041857
28.4429603945753,14.3832623767303,9.96863888721751,5.41112748739396,2.03653229429848,2.46558965583751,0.956691073638712,0.15801457220506,0.351737063751867
28.703999073621,15.4276625463955,10.9941260666024,6.2880760432481,2.03836790274801,1.77971664158651,2.16941935965163,0.997861645514169,-1.53893603363914
26.4089906087797,16.2880690009204,10.8193635622441,5.88251412261935,2.27007615198187,1.50771753195553,0.713484459247115,-0.445962737087212,-1.88204663064668
24.7404891474181,16.5119923274558,9.10682813251046,4.90976919868957,2.63164174491289,0.157325791089069,-1.03832749445752,-1.60359809595454,-0.690381252265562
25.6977486616692,17.4449379282925,11.0512179329872,4.63475487754406,2.59955985159172,0.295154380453779,-0.869177987188631,1.16360234348986,1.10666045958951
26.5164980734877,17.2412208641624,11.0279103336823,2.9795379508364,1.13747161784451,0.35050421053341,-0.206996411464478,0.21344053364056,0.514913379790781
26.3246368027104,17.7550240359878,10.7312684962892,2.0106321504378,0.412417067077983,-1.56298944135411,0.483773022473175,-0.903201292775416,1.39856541735319
26.0093126107796,16.9036993975869,8.68346812112093,0.808669732875109,-0.15177161876429,-1.91814705262139,-1.49053065923483,-0.797214195747209,2.42190572263922
24.1421232788543,15.8827981836396,7.97658435222791,-0.116654871499421,-1.5799612218382,-0.695180649136579,-2.09858623907327,-0.384406121434338,2.26324181542213
26.1768316050809,18.270007275878,9.90280315695347,2.70879270412725,1.23040095086284,1.09454753481035,1.77020444661672,2.92029303459653,0.217443223158385
26.405412984227,17.2823469793356,8.82703994567838,2.87998233878428,-0.138256991873495,0.512275604163539,2.18262076162879,-0.374018612290044,2.03650319078182
25.5697073549642,18.7790555351404,7.64475978527135,1.87951707797716,0.282546520919438,1.3792753493077,2.53394099143886,-2.38661754398031E-02,1.6346657313505
25.4925004382048,17.7774810041706,7.97516004907892,2.75075746826145,2.06237253805427,2.3646364569683,-0.187245597780883,0.209893133678875,-0.407210485753477
25.367534756217,17.6300316092758,6.99907689725586,4.12464684326833,0.374108366667593,2.21315281546337,-0.353072813225548,-0.540154969369769,0.800413997594337
25.6615966104795,17.017487952959,7.28253670918346,3.87467197964957,1.09804725709866,0.216971433480093,0.612507862789797,0.938546928731942,1.40845772936487
26.6454897062817,17.7882096344243,8.14657341373585,3.6069674166567,3.37066619461059,1.9958574893282,1.81315430169301,1.41540334296569,-1.55417908955461
25.4422137461539,16.9805689304792,9.17522198471674,3.36565261092651,3.73292045419632,1.60837418964056,1.93114633214971,-0.419334945639533,-1.50764162910228
22.7024221317956,14.8439451174916,6.3720431537384,1.81664075110613,2.34083720576806,-0.408875469539114,-0.815627781406388,-1.83602853300421,1.79485044868468
23.3887255606611,15.7261495307081,6.88311464864573,1.45691122609764,7.14302761138099E-02,0.794058244258242,-1.58367637811314,0.664351519100526,0.282502024412845
24.3100471691153,18.0504525360436,7.75784662686996,2.81353307111876,1.96950594026995,1.38889572024033,0.390807952130272,1.53251805252928,-1.54760167646829
24.1192222416468,15.7933673540177,6.16950958600768,0.311014543426326,0.472404674097933,-1.57871515030427,0.669202955859143,-1.55140980494993,-1.16658203119581
24.2161601498243,15.7627499137964,5.86696851382793,0.384532041272988,-0.107844999551578,-1.53071939187899,-0.366984946821169,-0.371886992255337,0.18560926575715
23.4950005790623,18.1669137515499,7.64680601851572,3.39582998291356,1.89147548919788,1.76320358129459,-0.432951993813095,1.46779946989728,-1.02590082611061
20.8654080838057,18.1827238277508,8.4375157387427,1.44361974201468,0.136259461924571,0.281706198698625,0.276835836127798,-0.83371752007779,0.949942081426924
20.3156180942236,19.1727251078418,9.13870310039352,0.938616615995396,-1.5992397366389,-1.57192887407639,0.350378383119237,-0.297866033557944,1.69621550268917
19.9579408420255,17.9882919433409,8.57040978198307,0.686591888590964,-2.34851824294919,-1.18035180323727,-2.30713292996224,-1.15991183861413,2.98283099125405
19.7025189310431,18.0103319375413,9.33571902378702,2.4404212174472,0.484514604106417,0.185265396015903,-0.464053119792554,0.982818469380881,1.62385230811661
19.3296436374929,20.244673417553,7.66589767194242,3.06834440611795,8.11326404986691E-02,-1.03653464358204,9.64385931833022E-02,0.261698517097206,0.989008551369218
20.1951084724818,22.6453678185055,8.56031021742742,1.29061721667249,-0.317322647725266,0.941003097020793,2.36763923024587,1.13985058204145,0.223299091946263
20.5360915002855,22.5975662076878,8.33678122397025,2.08931255792729,1.64805533509676,1.66792391860867,1.83058430010733,0.438145933654217,-0.358562431565297
22.0080329606575,21.8323460258328,8.28018739939713,2.21440785541978,2.11429574730744,2.89643522375819,1.67529651941389,0.103929018552353,-0.252134198208876
20.7501644137514,21.1592017534549,7.90138020009784,1.67428459500599,0.31706412300447,1.59790469583184,0.202165993874292,-0.341302156911436,-0.849589594825439
20.220048389559,19.4702079125605,7.57709546229822,1.84530497173615,0.780152592948917,0.979322963514537,-0.603167176810793,-0.365282962504135,-0.276488231540647
19.126801613055,18.3869559604482,8.44906470381012,1.29638463002795,1.45523947477249,0.222801578045645,-0.320554197728324,0.384555633110947,-2.19935188973812
18.3724840027412,17.2843252884601,6.9702635322758,-0.264151294817941,2.44561808499623,-0.359852728257792,-0.122543850374904,-0.14325085772479,-0.80105441396156
17.9712133470361,17.155391074279,5.35280869394092,0.36472569042049,1.68472437845758,-0.25277152165831,0.451861894037128,0.210515382765192,-1.05509150941335
16.203154436264,15.5931702073417,4.36712066916163,1.23558502531208,0.494322301672342,-0.856869468672517,-0.877728346773889,-0.945933567232368,0.265536829163596
16.9396355434607,15.6768734247824,4.16284190859236,0.78534420620048,-0.440083501329016,-0.277254808457413,-0.520369004949838,0.211506597673261,-0.817942984076693
15.7092933634174,15.0506913782708,2.1225161895834,-2.34473493157812,-2.46996719015505,-2.24881116049306,-2.31794339434795,-1.57398882921542,2.400611227388
17.8977671210031,14.2438396197137,3.26626339291137,0.497060489958828,-1.27553640674027,-0.807523113506061,-0.073556779538402,1.26835744177031,-0.579673809920874
16.8941320505475,14.4606216840818,3.75233630144214,0.820433376666212,-0.977172062834714,-1.06634239751076,-0.331488232996449,-4.56901281146797E-02,-2.1732368555247
18.0431372764847,12.9743696993379,3.15703443607285,-0.270832530723885,-0.223666613465123,0.264833598423781,1.60221024881811,0.38365648682713,-2.51096593817248
18.4471161720331,12.1836144939525,2.96996666046699,-0.315462492331351,-1.49453270522134,-0.824688465520911,-0.53748546079897,-0.87859801850469,-2.87608297962709
18.363959322656,13.5176573275697,6.39469783121894,1.6013235758396,0.291075257893011,2.34433290838203,1.13496955972205,1.61858380880904,-4.99055603075816
16.8796161188747,12.028223416682,3.65917941465795,1.08445640261972,-1.60918799632737,-0.583053619048293,-0.924320784470121,-1.69128319009258,-5.36473761476247
15.6260606782806,9.48656535359521,0.362007202870317,-1.57103219492138,-2.34344600360424,-2.22151565243466,-1.72148261433582,-1.67539870208275,-2.80084012779251
14.3078844236595,10.0489678587034,0.568036193536508,-1.79827319706939,-2.52082291293837,-2.57563936532598,-3.35515077064819,0.038557813574372,-1.36724990769835
13.0615047085737,8.53013841617687,-0.452222010081393,-4.26721284674071,-2.20171696881492,-2.96125101608474,-2.9146054390115,-1.2578299974505,0.189669147952227
12.5933710506482,8.11932177821368,-2.07401155895231,-5.3239823827447,-4.10565294053054,-5.25269470303794,-1.79667948886734,-0.5709338283611,0.208056542628013
11.4346755567816,6.31348806907057,-4.37572083004403,-7.64066640645862,-6.23642345041715,-5.66885691395234,-3.96774203015086,-2.09336381484536,3.99497583293469
12.6317697690241,6.97500245484109,-4.36653769793428,-6.19474065548035,-5.57211161073019,-2.88154767127094,-1.64273898676942,1.00657200179653,3.32248942384735
13.8845214512574,8.49310332788255,-2.35349401052114,-4.23015350168017,-3.09178334736574,-1.38620276370562,0.441634275765003,1.49146007748633,-0.176172926491031
13.7374763219755,9.00866102197776,-0.420042449277672,-4.30221147043386,-4.45706004518794,0.189310085126779,2.79086884086084,0.315687974986866,-1.18818038660794
12.1813487851754,8.22076245661341,-2.16362123863344,-4.72843578784314,-3.28728378417143,0.207624566134068,1.25991795989788,-0.552479848541346,0.637044261495659
12.1135774876822,10.6027666311102,-0.719143484420074,-3.24466794218408,0.064735330138882,3.84150849686481,1.39307947150685,1.62430932990185,0.973569699124634
12.4678339421641,10.7127031185331,0.544011264868376,-1.90668244228103,0.388354537438599,3.21564979935579,1.43914991632327,0.362261791222051,1.74804529340842
9.90448199010474,9.47577188746546,-0.604391225347161,-4.12541017585887,-0.303485699246993,-0.176483843242455,5.84265874801897E-02,-1.96110360312581,3.73127439338697
8.52958244194808,7.4836519223607,-0.925943569178716,-3.23485511200418,-0.437450017466832,-1.20246787404257,-2.30821864417056,-0.70525534758972,4.42565919202242
9.77787583074234,8.30514310602148,-2.64036110854577,-3.23187131802566,2.87255280893239,0.633011696806557,-1.37490779030804,1.27121107952894,3.26037508679397
13.552831622957,9.32920830818074,-0.261642855545874,-1.170378071411,3.80033313211259,0.964182708431149,2.51587408053302,1.95217653766181,1.51127954032241
14.7450171525022,9.61291773817992,0.885618482145856,-0.421862573278804,3.43823800388756,1.71801363688868,4.28340012501679,1.12067436111282,0.580537726938359
14.6114877469744,8.45194829601829,0.665507739843967,0.441092339198899,3.1210875855722,3.59705827891077,3.0396126346976,-1.17182425952535E-02,1.27861503638459
13.9540426021329,8.55504088745318,1.16400267403777,-1.23289951180564,3.61907458165629,4.23809552773263,1.07387278193376,-3.56096015429482E-02,2.82908331264402
14.4323613489637,8.22598222537273,0.384299852154147,0.607117579965382,2.18158209419956,3.15743099330552,0.109807844553163,0.157065519232663,2.45397621437318
14.8462269522135,7.88153633189033,-0.780400832985519,2.50176475317132,2.08389542970225,1.48877991408048,0.383950822578707,0.262758256897411,2.12018161815476
13.449818420198,7.62014241747036,-0.153143564261221,2.66476395724729,4.16471367868206,0.577186939002489,0.624223498388076,0.205675048808674,2.61327650848058
14.0031774671624,9.65252524590987,2.31897251343548,4.52524372679459,5.48072152845886,1.26247286845821,1.14234910987804,0.677626799877965,2.13412055054994
15.4793470867065,9.89016839054347,3.11389416911111,6.46535800802833,5.67365627680255,2.75124820868276,2.3416583094267,1.47273836954506,0.583707280612364
17.1744092561898,9.59458906043551,1.40085440425563,8.19222586965376,3.59500720984418,2.39519861019207,1.93636585055684,-0.208481966767912,0.352571080010951
17.2147654806395,8.99250144099367,2.84575355746154,7.20006168369529,2.44071167024241,2.07616318788239,1.20488099198597,-6.32473553924413E-02,1.41333306014214
18.2030385253658,9.46434624473672,3.8689763786274,6.44054708664739,3.12056372993955,2.54672357944306,0.415225506434267,0.685223830324095,1.04556074453564
17.6658401821116,9.70048840962284,2.64345028802274,6.3429127168186,3.36003377186889,2.08952751445457,0.832754437901443,0.211661982066713,0.122636770725351
18.3486410196095,10.0467784359429,3.40402668776597,6.81468254816843,3.16350533541476,0.580319911040776,0.849870624211455,-4.59765198982023E-02,-0.890340653935809
18.909983628115,11.1657974192669,3.26782610469951,4.85996373377779,2.48187897047744,0.351332383631553,-0.272775257351101,-0.43928629535225,-0.465758382335321
19.5631727397672,12.9722171269675,5.31731916941145,5.45305675404806,3.24185800455648,1.39363633705242,0.502702257242125,0.983393014272911,-1.10259538981355
20.3576258754897,13.7122776298608,4.68710253192464,7.57176683568776,2.89711830345786,1.03474188953143,0.870402089304176,0.323750996319976,-1.13728865297539
18.8461712943814,12.9732744472761,3.76025724845557,7.56908215138698,0.74772839473227,0.122486557167069,0.605014210041766,-0.708180447516238,1.59205838792746
18.8849140121239,10.1883847052592,1.61041844448304,5.37859802164773,-0.10410676931342,-0.898338930645477,-1.45474376249415,-1.06852383074073,2.60283105682934
19.7456390448112,10.0231163667653,1.16671566868879,3.48417864069291,-0.051681398742481,-0.467937842058829,-1.79530821372792,-1.08433832434577E-02,2.5047675820604
20.8868677278658,9.7194931232081,1.40600194505987,2.72781473224247,-0.393635385681486,-1.11488809454559,-0.729961932092782,0.345788418560966,2.54664138483099
21.2277350006754,9.83090715331784,2.02510447690786,3.0200741469774,-0.316057387787829,-1.15037169978407,0.622787437469313,0.288772243557163,2.97692180688765
21.5305975030273,11.56881647277,4.33153577216765,4.99100343839392,1.7328559683321,1.5671090961148,2.61832776903658,1.99742054788403,2.2596736021182
21.6192046869833,11.5159987361464,3.89223807763867,4.77220405242784,2.09135180291033,2.53680237671775,2.20922034846399,-7.28661035403178E-02,2.92163634346747
20.277354553325,11.918719853481,3.92748783613452,4.41962112420695,1.01363352884988,2.44356203242469,1.82154050192228,-0.106520989739976,3.46745820603706
22.3240035083176,10.9694165089094,4.09689918619823,4.59279243100928,1.07592949183393,2.48339814004644,0.207710015428833,0.386481129162379,4.34125465866514
22.2192087736815,9.87070397049898,5.6657459742699,4.61947779770934,2.46447456504833,2.89086307364116,0.983801297020651,0.705407237204451,3.6370299497454
22.669813482331,10.9672759255244,6.70422775437988,4.46196747217338,4.7598840596388,2.2097406754009,2.3849252871024,1.31003155377962,1.47504415576943
21.455724393827,11.0983239447267,8.6741938977122,5.20490455086908,5.31375722023688,2.83869985677011,2.565521031909,0.570774156506733,0.630895973421774
21.3500137336087,10.9894302078353,7.89092462792094,5.66419800811809,5.3857618083602,3.35125484491195,2.28700190235912,0.421570921372552,-0.941922094833113
22.1159387521825,11.9870872115662,9.05683887904938,6.1728153144666,6.27003806006708,4.16063106857094,2.19854040270817,1.2206855836505,-1.01302583813794
22.1911249564264,12.4961951613503,8.73460358855303,6.0026540947096,4.38905090497397,3.50939230071436,1.66729787642287,3.06898536631459E-02,-0.792662161469825
21.4864091776654,10.9153364418321,8.81239146833532,5.30115480222556,3.70139173665852,1.45360287156432,0.468299894189537,-0.792616556046644,0.185953028254935
21.9740888904455,11.2876724010593,7.06811983291736,5.46708878943252,3.55058239845526,0.626940630229909,-1.02698265976935,-0.263293745364944,-8.91351102488692E-02
21.6492029112763,12.0021854084958,7.55408834678159,3.42122208289559,2.05369860875335,-0.950878630751205,-2.22977393140406,-1.15950914574971,1.73353831807759
22.4398295935309,11.9608367641856,10.1227696076316,4.22153450081291,2.49198903819223,-1.0233930744074,-0.259731294600859,1.14973100527737,1.57737145026706
21.7162125557882,10.6744704711901,10.3153503231474,5.13542318003346,1.44736608939777,-0.798995496441968,0.256290171914906,0.252746056538757,2.20535110791579
22.736283688488,10.9959406802658,11.5994063377538,6.31850070468335,1.07185647805881,0.185607884772521,1.58880955761854,0.191924515754433,3.04683958738757
22.020873988397,10.7206926632143,11.6271661602195,5.82343936631191,0.117208516847389,-8.92146318092906E-02,-9.27710237379104E-02,-0.539352238774121,3.84430725803707
21.8972432165603,10.3832382236822,14.00433671744,6.11365106989525,-0.456940211647149,1.70399884515719,0.308748842885865,0.652879889280465,3.23436747623436
24.0331622850216,11.1369790659453,13.9966789743497,6.78121856556277,0.514843925286411,1.55287681473363,1.11363794224334,0.997756833562438,3.31547894776556
24.5769600968562,11.0182828931823,13.4502886316339,5.70466690081505,2.15157260028049,2.15776481760453,2.49551311932701,0.865622444162307,0.122506827538819
25.5038625498174,12.3053829522111,14.0504816356635,6.72215582898564,3.39123684469917,2.9567520940841,2.84303085969624,1.00696499651579,-0.296587333151233
26.7599955771999,13.8903321699021,14.72166203349,7.03826994149575,4.72084988214021,3.70199133639995,2.09226822130049,0.232735178971737,-0.257637892046493
28.1561353775628,12.9339823654404,13.3707393822526,6.73910258729519,3.67618082806353,3.13303365468767,1.30244824480688,6.59071374300693E-02,-0.265975391409198
28.895623683821,13.6861329755487,13.9908432154572,7.08668957958693,4.4706796199151,3.20908249328429,1.37076077924565,1.07548204676287,-4.23808413678492
26.927727772896,12.4948543789235,13.708478796083,3.6918841681114,2.08956745117598,0.122356931943222,-1.12896905502648,-2.29583758836615,-2.5048784445975
28.4566453319457,13.6998813171096,14.8190811396509,3.71133645394412,3.1902236383069,-0.297469590275969,-0.597742713396799,0.590856843251533,-3.97840984600736
28.482631967226,14.2639285658227,13.9567211853898,3.56641133905728,2.81877364265645,-0.258303379428337,-1.41512580640098,0.271694344598092,-2.76653416314807
27.9227222233661,11.7356958460915,12.2940669515879,2.43089973733517,1.89586354371031,-0.266684707102743,0.918003276692239,5.75529128931171E-02,-3.15844895389982
25.6773779063131,9.40207503962293,8.61436405823687,-0.55416548395537,-1.95710520759993,-4.4256467705163,-2.68875314786401,-3.02780827854139,-3.87264295317877
24.7018409964126,8.99138242961589,8.18895016465289,-0.239582767701133,-3.48579986186311,-2.56923464952457,-3.45996897248376,-0.477287847962122,-4.43799038725526
25.3910591918503,7.94755007268492,7.3638169467008,-0.910789637866236,-4.69670566757946,-4.14324511771475,-4.48710265322995,-0.934659384857161,-2.55580449755207
25.4585738593856,9.82889964974799,8.62342334888944,1.75680918050716,-3.17890396294786,-2.84524894730179,0.119710213505913,1.51466462727143,-3.85100643852276
25.468428709843,8.6588061155169,8.06486068377886,0.269358530834233,-4.66246910805423,-3.26146051956177,0.24931230301797,-0.346911109153729,-4.84992158685129
21.3275894409478,3.8328344469612,4.38084759717513,-3.77598399360248,-6.19454519374604,-4.02865851319776,-2.57576689002274,-3.79327031444816,1.73409645346696
20.0919461854069,3.20807962367597,2.69673053087054,-5.08985915463038,-7.97059888755418,-4.64409487121479,-5.2695668428694,-1.07171420104956,0.317621655838523
20.4594699442694,5.91784125662465,2.24462590269169,-3.46521121592795,-7.16591865077488,-2.62283913820999,-3.84090127767212,1.0149466506445,-3.06365862299894
20.0339568372501,5.46667303269921,2.6313925503778,-3.94937115316307,-7.02605368769047,-4.00524882879866,0.142186385889665,0.187990339720537,-6.1089252650517
19.2174830431782,2.65095149197154,1.33026393002442,-6.46734697894848,-5.33547347425845,-5.09712831322385,-0.182536215962004,-1.40038422516808,-3.8217688935092
22.5555883223335,6.94117422245038,3.55451252761147,-4.2566971191116,-1.76971588793349,1.70453811840766,1.74962543441087,2.92401315330772,-7.72144818599732
19.6801654174424,4.96919333057709,0.934813945080012,-7.94890947195903,-3.34683402513129,0.316616014809634,-0.895164154895702,-2.4988367100944,-2.52281715729532
17.9971736645402,1.20238557462675,-1.43355725661087,-10.8384433680895,-7.49439830289726,-3.16048509720815,-1.92740677756545,-2.43779567525123,0.39184765986798
16.6855172012991,-0.968474157258171,-4.06942435831811,-14.293585528154,-10.3892896179749,-6.50639614286769,-8.19925611170842,-3.04931612793627,3.61477628587841
18.2254927558038,0.349099896448247,-4.04045376901768,-14.3681352721995,-5.2797556356041,-3.97363192225656,-4.49426703957093,1.01095701275367,5.13615504438565
18.5057453895005,0.330882496976326,-5.60837996862437,-13.1188305833483,-5.39088853032093,-8.36754374034903,-3.20959380143805,-1.17840510382893,6.46603277370985
20.6853873883855,2.32874004416249,-1.75373713873602,-10.4142975221871,-3.31186033099053,-2.58811045182368,2.81668876963064,2.96760802484221,5.84522928974
20.3491041478737,2.59762006363061,-0.138064397642757,-10.1213735138902,-2.95136957073641,0.390318207107391,2.35065980305838,0.536268912283728,5.37684126375378
22.437618750482,1.62830067689459,0.029015161770299,-10.0128734556033,-1.3711551539934,3.48866871642425,3.63854443121923,0.156023908924753,6.60369981064642
25.7642282111896,3.60956791990921,2.13327805379547,-4.17074642634098,-1.87305033086171,4.88524146828206,3.11794482183135,2.44338363385445,3.75341397621752
25.4551934848297,3.59171262934561,1.93369178265103,-3.58734941659114,0.695433030466795,6.07332931006568,2.67880235592462,8.54243460963439E-02,4.21686113628574
26.4474106151056,6.22411833669828,2.33502564115721,-0.166596973342932,5.38379643050465,5.5224305610783,4.86461109842665,2.39849359804825,8.67104665689433E-03
26.1359652090471,6.65340066801582,2.49803675522286,-1.61134724725401,8.27002765970971,5.1024885537191,2.57369600564266,9.41639857867177E-02,1.08849876874309
25.8092357317865,7.51600309412547,3.8729182571109,6.14676657312525E-02,8.54258899784435,6.19462534825355,3.76298472819404,1.30508754968637,-1.26501973795045
24.3423621513787,7.42973313143832,3.27158158644451,3.4859851661932,9.39384842255153,3.61762936984212,1.16466580323755,-0.236665446236334,-0.701324859963221
23.8355013205655,7.72586310910958,3.10045377415404,5.01522332588812,7.11743449127458,4.04623694314809,1.59557403741972,0.529739458174696,-2.39124250183104
22.2498748194116,7.02889003808774,0.136775183871814,2.40192819148936,5.02128070002628,8.67029485158246E-03,-1.40905117218283,-1.70840721040189,-0.853639266482792
22.4373975387496,7.91384964253606,0.72993737091721,3.35370599775769,5.97762674770434,1.07677805289522,5.32430871457128E-03,1.1613584999039,-0.741498726983138
21.5367146877197,8.39118199835626,-0.73456019642927,3.69006847560312,2.61323274121714,-1.28122751895327,-1.58020622613551,-1.04747587162413,-2.85764206996767
22.4375840077788,7.52270508111731,-1.64047530528784,1.1188610485805,2.85391532424449,-0.706278164310019,0.45798283279337,0.332354178838015,-3.37113768491925
19.7493847793215,6.46273690259514,-2.88401811193141,2.37918058083446,-0.720229365431278,-2.44982372803578,-1.91253272477905,-1.19240671435468,-2.17278063209854
19.8839354322926,5.97942091904716,-2.20874546258948,4.57743545428438,-0.947300062870462,-0.860989006724291,-0.988282290968635,-0.131070686581674,-4.67849390311739
19.2196127234013,7.98477009028007,-0.642617182231708,8.57987682021227,-0.980094653081754,-0.747038004274917,-3.51475174000698E-02,1.27302468908751,-4.66859160628242
16.5704664816683,3.43245565499377,-2.72112108775218,4.64593356200548,-4.01445666455506,-2.94170548343691,-2.06791277685794,-3.24868807140563,-0.683537346647165
16.3213609986576,4.85117380320695,-4.12088957476719,5.57057088798927,-4.77469954654517,-3.48874818988024,-2.13541281300538,-0.197289841132253,1.66953819484815
16.3353729174293,6.46317311953886,-4.33547645497991,2.728478584367,-2.96619234846935,-2.22103893592979,-3.40358567441771,4.71729758540939E-02,2.60291289164002
12.9971755537473,3.8414749005364,-7.42466198115116,-0.498281609722638,-7.05465572209576,-4.9081199979806,-2.91738209714726,-2.76321282254085,5.93481136792118
14.6143944679697,6.25461529475188,-5.47720941997066,0.636361395397191,-4.58533887650998,-4.89722294566465,-1.39661900520773,1.28327969141696,4.08493106933366
15.017945588593,7.62026306034157,-5.22105629890692,-0.941572477553414,-3.99582774359318,-0.68824173594758,-0.537411692727349,0.894145988611273,3.20386379834662
16.9217613698388,11.4342969127684,-4.02650060039611,1.11564512691489,-0.58989567142998,1.64212233525494,4.24170751612751,2.12171146678588,0.557198775295922
17.8194796188244,11.3894456437628,-3.93120140122031,-0.345362499337137,0.502598198945887,2.53688011215528,3.92466278502832,0.956439944869686,2.14569581430743
17.9565740077419,10.469659095917,-4.49607421732878,0.031053704460979,-0.30776988282606,5.60232400594837,3.51245069071434,0.468931434855385,1.41899031390888
17.6875322426024,9.7629312785936,-5.23336693600287,-1.76815599601711,2.39061198389956,3.92461332045518,0.956388952101276,-0.471192489751874,2.20943558841912
17.9315473127354,10.3018669850353,-5.25215619275025,-1.47907618204647,2.62962886725263,3.10440295588811,0.048012597517557,4.80640579650488E-02,2.63703917169263
17.3016192207704,8.40647646952699,-6.87994359117247,-2.48313602478018,2.14097140839588,0.554111274063066,-0.879268463526307,-0.454444650647289,3.24702279563844
20.1622695355757,10.3685868276089,-1.87264709425433,1.75399688404589,7.14985965101516,2.10062283799812,2.1006732416558,2.49669478014681,1.38967924624354
19.7750649395271,11.8778323410719,-2.7284454075969,0.356820027193519,5.71311204967389,1.39913669966233,1.81436566928513,-0.244246390746731,1.09708768768798
20.4720383635063,12.7625653579956,-2.69330351296078,1.6912986973736,5.15338350409527,2.16167477659906,2.55744955219068,0.30580993542277,1.0502110597314
19.6659887971024,12.0497331640665,-2.27517493246373,1.82162403909984,3.54748396076379,2.56928609103908,0.526502092771857,0.464481038704745,-0.860072078793316
19.4662590417577,10.4233247432359,0.868539464797045,3.11341382022681,2.75146813561172,3.14490695006811,0.906841920009448,0.139040415849508,-0.851315877093674
19.3572233208753,10.0517808619605,2.04046224958416,3.9277593343256,2.9875409757829,1.37063185974624,1.3091371148873,0.710545180492297,-1.60174670926061
18.2639782253849,9.58172027855993,2.42895312120476,2.16896517600914,2.92653866183674,1.08518228643453,0.318762613313656,-0.534369686665057,0.131943132509896
17.4386823185045,9.84851468219687,1.18550259238341,5.49313109369618,3.13194610953062,1.03929625551264,0.439067649218437,0.259562358024573,-1.29581784076219
16.3628225941042,8.39434995675987,9.58868777593984E-02,4.30833497696387,2.16863143734226,-0.867533492133336,-1.73081883145455,-1.4534245674723,1.69157399119014
16.0541202206985,8.28881893167457,3.88934169184017,4.40472908075614,-0.18810680224496,-0.858625492233834,-1.04047048414902,0.147859521335111,2.35464267787328
15.4776303544526,8.05690196803571,4.86406033544616,6.93177604184033,9.34657819245537E-03,-1.62782026681702,-1.35070685392156,-4.66823689180381E-02,2.26550950976439
16.0876804714944,8.54628545416975,5.04796102025354,6.85918955908205,0.912502208632683,0.131769272004727,1.30631264655589,1.20628779007957,1.1826791288454
16.3962558975069,6.0810353552443,3.743546958346,4.90688731835276,-0.727750579018757,-1.31282972252551,-9.29258199441104E-03,-1.18318810307089,3.22366739828914
16.6620581685298,7.70756393793845,6.5224007821848,4.32907063833004,0.672227366720733,1.66343574477142,1.56377282822867,1.52697115245938,0.25885503024204
17.2257344517649,8.49889929675374,4.47203246753888,4.17285431938452,0.756431294113234,2.30047471836107,1.1536909327905,0.794716624417958,-0.467761877086335
16.6156500225277,7.74423765522366,6.67614871434104,3.59247417220635,1.15177731580653,2.21532119736623,2.17876311150807,-0.133881638750791,-0.253634071345575
16.6001133584945,7.68632747582007,9.03281723483214,4.18760485537419,1.04222727243579,1.16885532091849,0.809936084159568,0.149023503882468,0.256857128340263
17.3226250730831,8.48302636374978,12.4462242618908,4.92513106039663,3.25724532206732,3.12299250699028,0.83267079438623,0.817454822998124,-0.379567543501279
16.5373418327436,7.62129442559784,10.327021606829,4.04437934248454,1.77208835590379,0.25818670097914,-0.406402236526779,-1.38503152060309,1.11022761600668
17.9939575841242,6.76958766335962,11.4338965155732,1.65668271864101,1.88712727489026,-0.4699601716066,-0.485376015227492,7.04865904466259E-02,-0.530830448026054
18.9294229639601,6.54260783084255,8.79922260161006,1.97583804596436,0.769671953332312,-0.254279009550074,-1.231425596892,8.10780558304334E-02,0.210248226634219
19.8879258257709,7.80991377698529,8.91033475627878,2.32158566899101,2.57478336000126,0.25619906278476,0.807959441134731,0.657448027065498,0.137669479099626
19.9174715774451,8.95225148282517,8.93570061493597,2.04616857230839,1.24593165424698,-0.38101374802506,0.920463994004371,0.183827592015706,-5.10768623287093E-02
18.3175240940656,9.06118384097058,6.75649356224229,2.01651814076478,0.563147424528977,1.09803690703088,0.947965648939239,0.108812700375057,0.819284083076387
16.8847697907406,7.30549121541079,5.20397708472035,-0.242089484406217,-0.871083612066797,-0.533663295287379,-1.28111084090466,-1.57816629923019,1.59834872845713
17.0011471432377,7.79933840330116,3.67085836067744,1.10834498516523,-0.193249894849333,0.209807110904191,-0.635599398404686,0.820002303182889,-1.69254287701152
17.3502187989202,6.47095472586997,4.14455174474082,1.43145496122744,-0.427623400527313,0.137480210809539,-0.155414548531306,0.585445572478808,-1.56682235964784
17.2872974246563,6.5346932618285,2.8724779581614,2.83901534415635,0.939704890209694,-5.11029641193385E-02,1.39604453230224,-4.66805922244249E-03,-1.90392937570359
18.101325262218,7.54088070207025,4.0428404940963,3.64012817112841,1.83254544260158,0.812626364616204,1.5463257853158,0.971161496108404,-1.57265098670846
17.909916273047,6.4403046935162,2.76078223634839,2.91528715843376,0.967642254888989,1.57320345110043,0.175007480000198,-0.799256414406729,1.93072293588782
14.620757128306,3.41993783942218,2.00387925443504,-0.726983140627509,-2.18004446361617,-1.7216831017143,-2.31593902994508,-2.50009803714553,6.08911224599582
13.5732091923682,2.83510223559561,1.55876712287739,1.16007775116631,-1.63893428588829,-1.59176244962098,-2.58326952240139,0.712419520853951,5.41123358594809
13.1901059929071,1.93692520387105,2.23987657536717,-0.72221443026308,-2.1040794245527,-1.94088240597889,-2.1243663467511,-0.348333967821439,5.72537017371617
13.9575112248399,2.80638300607194,3.19338167026408,-0.204672262360185,0.793475799729674,-1.59777846551175,1.66624974168779,1.30446432720668,4.16923330957027
15.7931662699163,4.22773710826016,6.88382312392904,2.59641707243956,2.63919585512574,1.89415210672272,3.60029892215754,2.66522883761531,1.22624490347826
16.9872668242221,5.6522334594061,8.41700404282714,3.93146102399015,3.55210536467191,5.73962032208978,5.39282148200348,1.51761219662801,-0.971017796306159
17.503141991497,6.4633630058559,7.30466852108094,3.21127158076979,3.62789917972002,5.13345058383743,4.21325195883163,7.39208549626445E-02,-3.42398937736951
16.631393323128,6.66218465417673,10.1762530091313,4.48561326107153,2.63396408420308,5.41532289204463,1.54103528803089,-5.01739030321816E-02,-2.68825992261185
17.0571677663723,7.57527363710616,10.2008040514855,4.25584422795729,3.24188129633488,4.00236535981803,-0.146079003207753,-0.169903454023315,-1.83286910457558
18.5343712920989,6.34635789041345,10.0105247345523,4.02041056922937,5.44652636222581,1.21139029176427,-0.385146338495241,-0.164621299704894,-1.75440764854423
16.9977321745522,5.48230890376313,11.8457151306883,2.74029307061842,4.13238090088037,-0.980539004539965,-1.00456197087862,-0.667522624418157,-0.746004028393038
13.4911369104738,2.96703021898949,8.4992593457039,0.160144119901167,2.11104862036283,-3.54538291165154,-3.31791549823405,-2.46414041687484,1.87357832866613
14.2466669815119,4.16920044071845,8.32579084180048,0.757284001949431,1.51773268566092,-2.76252374119915,-2.41961830042957,0.706259594463061,1.29362452949703
15.0443397717818,4.2174875112342,6.99694796947873,2.98594267519927,-0.467691165258782,-1.86709042818833,-1.02530434492537,0.702938757790227,1.15211372330803
14.0901723028388,3.17030449361545,6.01937378732381,2.1010688485564,-2.10223011452986,-1.78573675068104,1.32079488655882,-8.46272578155697E-02,0.374459890357152
14.2598783652302,2.67178958554113,5.91202452366785,1.87437502350441,-1.81478227916212,-0.751611077307601,0.971949945951889,0.355242184720152,0.914092912609845
13.5434580768503,1.84951745335895,6.51306805902706,2.04637703760499,-1.59008636311785,1.83912095697823,0.441080985337568,0.170627683655797,1.86929967563893
14.0458805598107,1.75607753754045,6.59695869576815,1.22202040001172,-1.27806491646916,1.27710360400848,0.66229621978295,0.137756075614915,2.04004923842424
15.8796342763193,2.24576898995838,7.54393511415721,2.55796280630314,-0.54132075381519,1.13899124882307,0.870433830874318,0.564023151666366,2.72170683796223
14.1573015292254,0.333148705993739,4.36096524908542,4.11709326187341,-0.733592390075613,0.37306291935836,-0.153004484564325,-0.860035604635254,3.28149788208821
14.7376754448201,3.43524744187512,5.4412798244847,4.28673740597992,2.56201873163254,0.905812940717245,0.59951161876259,0.888087501558727,3.30562718193707
16.4360299745802,3.93633709118054,6.20092040482692,5.67456980051596,2.95498143125785,1.83499806280298,1.14200126626535,1.10670648157773,1.30510380541093
17.3496843045373,3.96828537136375,6.05049996891092,4.71922793570402,2.56593239915362,1.99926328304439,2.28377545771602,0.304861389813716,0.654095373756675
18.6738450314437,5.08897115067867,7.07111736449604,3.30829187674131,3.8397830670992,2.64959269247304,2.61483615573163,1.22387676364997,1.26379792633289
15.9649235807147,7.58956034057061,6.11279604130086,1.51060292496414,3.19455296141651,3.17723691985426,1.21641691427207,-0.313369010913304,0.887038732857815
17.040964746962,8.86660731422493,7.46282186173965,2.3358808634624,3.91272878631965,3.19985200430113,1.81724843621732,0.911237267166918,0.73072876319532
16.3589358989068,8.94648618849466,6.43692731901112,1.55884896193336,2.96597798031978,1.28829027994266,-0.240382597307383,-0.846189651328635,3.05883823473169
15.8980783576327,7.23182788613724,7.46380833557187,1.39174230093531,2.08384616752573,0.649844769184837,-0.266938971873135,-0.3399447215439,2.96188070298922
17.8711798117807,9.23378904042367,9.01213840483219,3.34414936973844,4.68429947096072,1.24802540711763,0.651213610745827,1.8186011933479,-2.54856878199667
16.5226712412105,11.949330265132,8.42890234542525,3.32450161390536,3.16859331389338,0.879239537604662,0.807068336412179,-0.687985854444562,-2.33520099448215
15.9655651335499,13.542865669586,8.01290159662997,6.36411427784345,2.82664340400134,0.725427853215643,1.89194338907955,0.757475235591876,-2.25479505515317
17.5147737259839,13.907079169431,10.390348586619,7.04844080508095,3.92520860618754,2.96805037503406,1.50556690468152,1.43193586723061,-2.68588103360418
18.6500389980856,13.3702072807335,8.60548663974679,5.9837517067344,2.31225012590292,2.87667696313091,1.75359573257313,-0.43443321873289,-0.924636426939042
15.0487686775289,11.37726781305,4.43413764992827,2.55647166268022,-1.01799634217238,-2.61521944844032,-2.69193104348986,-3.73312474568951,2.63563501122856
13.3228425083051,8.28061472697722,4.11524875524087,1.75140250046067,-2.42410060202241,-2.39103650267095,-4.6713698532153,-0.468013326063666,1.7171541568631
15.3632249291306,11.2675235977012,4.77792678430092,2.40930239112413,-0.712428631485983,-2.30680886742777,-3.34409781508421,0.839112881444318,-0.432426846539206
16.5160764668651,14.2412955857206,4.94866570835834,3.24733516035077,0.627767905848291,-2.76001166339661,1.3665892052195,0.995295112302032,-2.28338426380855
16.4170908331861,17.9032602138304,7.51374574782144,4.01304727803227,0.154466192456535,-0.933265741949248,3.15235816705013,1.35097132030289,-3.77118634348199
16.9964503445605,16.9530386143895,7.32376560238256,4.70325900356987,0.703040337077159,2.56795313921935,2.2011814421974,-0.134783086054913,-2.03116365027878
16.1048683905982,16.7914977918792,5.97303312390764,2.52707934285878,-1.43081943332584,1.68816574853735,-0.140455390278307,-1.37521474632575,0.402784705078616
15.9872888212486,13.130434413403,4.11872573074889,0.153275756247681,-4.24383724369713,-0.434304897511882,-2.83321908809182,-1.30168810907534,-0.113458970075606
14.4066985941956,11.8934408012119,3.09677677269886,-1.03344871091373,-4.70636778590695,-2.33674104102527,-3.59858120317893,-0.880061412029324,0.803296375386269
14.0325768678113,11.6019931711196,2.82218117986499,-2.46352670385906,-1.11410294427532,-3.91897831863851,-2.37127674891135,-0.174249914901201,-0.610422957700403
14.4707251563338,10.8773918980257,5.90448538321011,-0.464499938104194,1.01119939079516,-2.07327526380746,0.605219129932438,1.64370894713348,-2.53885368955311
15.0240961061249,11.7665994109325,6.15334307381897,-0.29105498736056,1.2539715670586,0.401168858275941,2.53869523875786,1.08230710359702,-3.72035529580927
13.3830569441138,7.9482681749999,3.87766707095439,-1.26472155155801,-1.55919981259185,-0.11358784567544,0.932412161881345,-1.82524568980174,0.306096809905416
13.7099546007357,7.89595938994266,3.91809436399483,-0.883907056148546,-2.91152997786693,0.796894947160095,-0.685521336143408,3.73920728805411E-02,-0.42354076491339
12.6491420107274,5.18568582060844,1.42429001351716,-4.39571403491435,-4.41648383169653,-0.61417200461635,-3.41488076793565,-1.59913045063263,2.84718897828909
12.0467343317591,5.12347532225597,1.91015322794823,-3.99596434303661,-3.31151923143539,-2.60499058924055,-1.86829555558121,-0.302433710918408,3.761368928713
12.0569955500229,4.49270886878469,4.17677349919861,-4.9275897137456,-2.11818333790198,-3.86411406818095,-2.04047614803581,-0.131567473976769,5.2780669650019
13.8651040477261,8.22121824949323,5.67246684574945,-4.04377090901387,1.06263110437262,0.30516271656499,1.83761538950504,2.26218755665003,3.12216161240428
14.0791560481242,6.49738635690156,5.34652995910627,-4.31377941089315,0.548236828068517,-0.425342262786696,1.45335150832691,-0.695074971848509,3.2371718129556
15.3021642962248,8.97671067083623,5.66056391564819,1.08128528553739,0.53630518885415,2.76836830114056,3.18891477369452,1.6319087362385,-1.46386737651666
17.0993359611731,9.20403904015994,3.6407374211219,2.1143893935551,3.25041001070567E-02,3.62501860523561,1.52393688176715,0.581271610473818,-0.479771645945485
17.1351301880749,11.4502356655837,3.43856678716881,2.58019493890998,3.11151786940008,5.01345353040773,3.48579142451837,1.31098704983298,-2.02050061776416
17.3542402080642,11.759683264592,3.57861515469891,1.81617858237071,3.28739464488495,3.02763398631931,2.0993629037671,0.218849153894379,-1.79357680244629
16.5523484190555,10.1008955171785,3.06521398676678,-0.10856980409214,4.25475142153419,3.13566495101269,0.952970996155509,-0.582896765455706,-1.35923516155269
14.7469527549216,10.2642176371024,0.267379426031169,-3.03413406742374,1.62141080157975,-1.48561480701729,-3.43499021170733,-3.06111340409177,0.806066848169774
14.699967944895,11.8419385138359,1.9889074427481,-0.046451947161248,3.28765170264791,-0.482084550930332,-2.04020492903149,1.56436366889314,0.483994811545789
15.9165699116268,11.587859959106,2.40427322564646,1.00119281917253,0.810827472764588,-2.06216670885592,-1.69325211825816,-0.240899032574153,1.15218672617374
17.6737436837808,14.3518354928278,5.17939271307766,2.30587331668226,1.93819822467049,-1.82633349637254,1.77068009663327,0.449411664059899,1.2365097460866
17.5266842194706,13.1169729095518,4.37125344246801,2.33927195439065,0.171803306166052,-1.37796494560726,0.069885301505483,-0.140003398818793,6.17374482320417E-02
17.8609964136771,11.5902370128437,2.8782143323326,-0.134193650170574,-1.26272562422584,0.799621365432143,-0.534708638258419,-0.847373269639074,2.15587874303089
19.3472688728849,10.8018205659408,4.17222301561836,3.44045417704441E-02,-1.32647591774812,0.481663584786318,0.272639764973391,1.24885704588322,0.587010106218237
21.3338067499732,10.3198517325572,4.23572454908451,2.23989480177448,-1.12091701234085,1.13906259811545,0.831603423374842,0.421273090604195,0.282110761024937
20.9569455779282,10.376975916767,4.58269859516388,2.72392804836211,2.75557119093076E-04,1.2214069303534,2.18833686122988,0.532330427889687,1.17864965070839
18.7044903265552,9.623657189813,3.19394210962478,2.99530368320963,1.69384742018985,6.16993566236867E-02,-0.351816617972552,-1.31569457608679,2.90061424827057
19.4419381956755,10.6832690390514,3.83251527228585,4.46762909683578,1.34988116320788,2.11038147736355,0.453055215558587,1.21994435744709,1.87473025587945
19.6511216252595,10.8282565484993,4.37471650520524,4.31515954994856,1.30020393186537,0.583584406772171,-0.371309036062378,-0.291377332954722,2.2222304171937
18.4212537627893,8.65328745086157,3.63221398887439,2.21651198061076,0.9721325680525,0.281317135114173,1.04952931177212,0.118512325005539,1.6059479006191
19.2821293548869,10.1640845891939,3.9313757931542,4.26432012404502,2.50858914669568,1.16491933305826,1.24362764522795,1.41370840976074,-1.89113287769662
21.1352725269945,10.2307108985023,4.0035379198171,3.0456678343671,3.69487431205229,2.81885027554082,1.90448068681948,0.379747579550062,-3.44843178900539
21.8639533923674,10.0149292047097,3.03298817348918,2.69844585580347,2.69659606011566,1.84023089059542,2.0092841696741,0.225223904232928,-4.86072166394988
20.8971121412724,9.93429715543209,3.38380923176824,1.45475206984252,2.33337542163458,2.17392088601886,0.653375782391455,4.95589747289722E-02,-4.7019246378903
18.9289860549591,8.84771928298183,2.02015945216753,0.757338887061214,1.33219684920198,1.58056485255162,-0.211300857438295,-0.487310619963863,-6.87468676449131
16.2880400183584,7.42784333175413,0.801607100556683,-0.739934339097462,0.56800937166884,-1.92758609202889,-2.54708967487859,-2.10039011607248,-3.37590126436102
15.2707839236271,6.04807587832194,-7.54024900618513E-02,1.05282483018049,-1.89513152816961,-3.57159583515984,-3.85686078358641,-1.22704673268365,-4.33915571691376
14.2372286571269,6.23101637245255,-3.20919038755646,-1.78207210518205,-2.87505483171111,-5.10905879144981,-4.65119918434126,-1.25587736665521,-3.48419068394409
14.2879450639098,6.29510734910271,-2.28245789034361,-1.3180383969655,-2.77453376059721,-4.93391353395556,-2.2768268653835,0.216108327670754,-2.38708138771168
11.6285135237057,3.68649624469915,-5.98171860668241,-4.65754624482079,-7.20044572148732,-7.38218914454077,-3.8982626107309,-2.83183989061332,-2.42494872499813
12.8603106336257,4.06710077038326,-5.80456905414134,-2.84250309201936,-5.89090139486822,-3.49385019734817,-0.971250803829269,1.59669341867929,-3.27042995229455
10.2949830555607,3.05910529835628,-7.71336725811458,-4.26915661636047,-8.51398099833639,-4.53597890488299,-3.46301059749587,-2.24634992005122,-4.86928645355482
8.62733036138503,1.20255319608913,-4.20969776239122,-5.96677661204774,-8.95746130825013,-3.60996888347543,-0.974915649307491,-0.358923436054402,-4.79316330696969
10.03710407854,1.74322271269886,-2.33682010193684,-4.99164746180762,-6.97870805673328,-2.44545642282555,-1.24076154982001,1.33761802868464,-5.00502703546459
7.51209319489741,-0.94331907084368,-6.16653202078535,-8.58477204950979,-7.78692039934973,-2.48521388747595,-1.86000817849059,-2.87174730458893,-4.12465216480655
7.55992158959281,-0.349332224499291,-6.4439593295514,-6.38525052719118,-5.69604086845466,-3.3810032968012,-0.748116467175529,0.736582613086236,-2.45923549852982
3.69100921208379,-5.187844166538,-12.1797642941691,-11.9691729710257,-8.52375070763213,-5.11852194946221,-6.16262673048221,-3.96479851783234,1.96181359682981
3.46699695515301,-4.03999587139393,-12.3409712545802,-11.9549981937348,-9.06187748361459,-5.03447386076275,-3.48660783403003,-0.278680910357641,0.549104608556544
4.96330883853848,-2.94983670136762,-9.57853643600734,-10.8351704429475,-4.87318840579711,-5.26872831190038,-3.08940600122475,1.11757501530925,0.718003674219232
2.169774518218,-5.01895919481937,-10.2550778913422,-14.5910899586487,-8.628696262776,-4.30209877506436,-1.0688928766482,-1.92712803308106,2.35156432862604
4.23840118550998,-3.14363143631437,-6.63586167696883,-12.2311033971763,-3.6589425819352,-2.52123869553304,1.6625559514022,2.43141195456898,0.250702881560658
5.42822099514441,-2.77238267330231,-5.87224033676219,-11.8735425646824,-2.72725896164988,1.92406698902697,1.09124680752264,0.54309970624162,1.85845085351451
4.84894833550613,-4.62060010059846,-9.45810279520001,-13.8179167907039,-5.87710563864622,0.546105915805257,1.32369093690014,-1.68759046162374,4.12864284467802
6.08029711147253,-1.67332938130487,-9.23558649622277,-11.8123090486252,-1.60057152411496,0.71288513277296,0.162641171016442,1.28339590711719,0.913526577391354
5.47134813188599,-2.82183802902793,-7.59970728137579,-9.84103752490143,-2.66190998902307,2.29753628491279,-0.684026507297649,-0.300341505061604,0.614912387689556
5.56424015389288,-3.0273362356991,-7.22365090614559,-8.08990584185482,1.63511187607573,0.25007593398806,1.36984914447706,0.386757112483555,-2.39242685025817
5.67555648054549,-0.845721591246944,-3.30607916592337,-4.4937166755862,3.98109056312066,1.82454262551783,2.19866801450913,2.11294126974689,-4.46968345523379
6.24321020514792,-1.29560622640208,-2.44935379883478,-4.16565620717869,3.40993109159199,3.9649444493735,3.00771892467395,0.529382190281834,-4.19661077100522
4.59933724958578,-2.36330772706733,-4.2195611788924,-3.18295928101622,3.47190841994276,0.905256815785506,0.818396344831049,-1.86172616357885,-1.68298438519858
3.65647065954159,-0.463770165567261,-7.26945339569465,-5.4842766660269,0.474781045124403,0.611154324043114,-1.92841918115424,-0.598022082369468,-6.45045609285504
0.369371518665663,-3.89878328337153,-9.38650720383374,-5.93411266816725,-2.7529121329364,-2.45106683124669,-5.21953800035266,-2.68237783563433,-9.76951881087473
-0.96885633662544,-3.55423686612995,-11.218513984563,-5.57167607270311,-1.06336625446095,-4.67881151962818,-3.31251556145737,-1.55614573823554E-02,-9.58430160179268
-0.722973390133959,-4.06999238542116,-10.9593854829083,-6.133131649894,-1.54503920479101,-4.3804408223745,-1.86351381943157,0.812907740116482,-12.0701364450207
-0.398329060658366,-6.1257392068145,-11.598525161119,-2.40427335587126,-0.489229795013734,-1.71179360426519,1.5340775618176,0.742526223329816,-2.23013206140396
-7.45754933455714,-13.930135248225,-18.2459843965122,-9.06999973004347,-6.65442863698944,-6.89522986799125,-4.08660205706882,-5.7246983235699,-0.960505358637267
-14.4338619472689,-21.3791478183898,-25.1545319208861,-11.6871770406433,-15.9946429700478,-10.8272932629026,-11.7182156262035,-6.45947452824223,7.42856814406501
-13.3190290694005,-21.08859655665,-21.2072951746057,-11.1659313739551,-16.3911948458754,-10.6002627547947,-12.3408698445845,0.189321140286965,7.83273190405434
-15.2719070355287,-23.2902097083743,-25.5853578617235,-14.6608622384496,-16.5391096756073,-13.7270046341806,-8.37370687637503,-1.99117633291204,10.1799840846323
-1.72117147468543,-9.87751435093053,-11.8378070629038,-0.419950796809635,-3.41340604123248,-2.28100140505926,9.12713958140724,10.7322500274221,-4.63565089761871
-7.40056477463531,-13.9180422599708,-17.2513574216621,-7.41948145402211,-5.11240977779718,-0.969820536863001,4.97666761159204,-4.36937133387121,-0.466102618897054
-5.67653463598376,-9.11728669188502,-14.9167206167971,-6.00371319575605,-3.14765571077738,6.9148907710499,8.55907673046157,1.85392266494026,-4.7180057891611
-5.28319855288359,-9.27426048095339,-13.3091083209194,-3.65716109810599,-3.40710789529688,7.26377952755905,-1.85731006597148,0.563417748457126,-2.76441796126835
-4.5282046924621,-9.84795700523627,-14.5336746290533,-4.814075262079,-3.99146052617603,9.23941328291786,2.58414674299796,0.181623137300723,-0.727023611007857
-8.51491981421437,-13.197243887477,-18.6254491280344,-7.77758303391464,-1.44542546665499,-4.86098939619665,-2.36887652265358,-3.13622820085883,5.24055735693631
-9.60554493622009,-13.5976908878799,-19.2570420799536,-8.1930759498524,4.71242900411323,-0.468285308986149,-2.94608968074444,2.73851057886637E-03,6.43276134975709
-13.3551770803502,-16.665992823571,-20.6814238304611,-13.3201933929685,2.1203596075987,-4.95162368109252,-5.73833549524661,-2.52578853680587,9.09126643194466
-11.5754196668928,-13.834726751439,-19.0427545906196,-11.0054496509159,6.4892429581318,-2.84301065855419,0.102864896806827,2.56122649974832,6.94064476592764
-9.34152878303992,-11.9272680586092,-16.0497076492647,-6.54619569578405,-2.41690873200558,-0.732347953544861,2.3281068618168,2.23021082419903,4.69526514847566
-6.44631110000832,-7.96324631526355,-13.0363685569156,-3.04042801232408,4.53201765342661,4.97959863435758,7.31794903822134,2.71202847864103,2.97849529519527
-6.39533567304428,-7.70751211881066,-13.3698527217151,0.778073958193948,3.82089890184535,6.0439673538281,5.94979570412604,1.12285540792275,3.44781449728806
-4.03586705306451,-8.94257050645226,-13.8330596634633,0.766447216031038,3.24955088972734,8.33363359808105,3.77818842556608,-2.72811970783345E-02,2.78268210199051
-4.02452813777507,-8.61820730727708,-13.4035477285635,0.555132029327344,3.65670839963367,6.49018414010816,1.69097820914919,0.601691489851584,1.26068693111757
-4.16882121506311,-9.81738286239845,-13.3084666087578,-5.51836901537953E-02,6.71094987481478,4.48469674518421,0.707168770119061,0.13336058453834,1.51755147922947
-3.09258239120216,-8.28091596880733,-11.5297649431184,6.39419407986173,7.72539129819526,2.89234687946954,1.81637160314758,1.09012619587905,1.39942486619799
1.50955597783371,-7.55946991931393,-7.51882841025541,13.4554734213485,11.4129515585049,3.33290221165421,2.77426800513365,1.57143852039039,-0.204948613612155
1.31616244071736,-7.37643918489174,-6.93202590157202,12.706393761988,8.47109610925535,2.70734528918916,1.98769024283976,-0.674582705241899,4.5082357183279
1.35756620333177,-7.9675412933966,-6.54807920652004,13.646905458459,5.54789225568811,1.24499148615805,2.32425358617097E-02,-0.892311268082451,7.10615270346062
0.227149184618487,-9.5428830279847,-6.36661968995369,3.63851419367828,3.28971209985906,1.49486611636803,-1.18079323535332,0.386047916247235,7.30420777129052
1.5413983532367,-7.7337566538408,-2.42902569827948,8.57273869096274,3.14499890348691,1.38011124623696,0.476983193444831,0.974899818576918,6.3408361410714
5.12930303966823,-8.56794640453806,-4.10245546173247,6.83551496904504,3.16079635518958,-0.205369515587133,1.34636665437109,-1.09663333565807E-02,6.81158842353973
9.76380216694379,-5.88726333494665,2.12055721412106,9.92950963432224,6.34077850882446,4.31376119531724,4.79248230552853,3.86570890497936,2.77456979792123
10.2560183416125,-3.78993947456564,3.98708350434246,11.1686645249249,7.67394575826623,6.63468206456362,5.35010873821217,1.55488567155872,0.800558551163573
10.5994127359376,0.515450861195539,3.23999024353635,14.3607640061541,7.18835603587377,6.80700964388908,5.8998461480731,0.569908814589666,-1.12011707756388
11.9026706287086,1.05592478369689,6.01430459603109,14.4250508534951,5.77995669250743,5.96274805725588,2.19209028956027,7.78035039698467E-02,-1.04659773713664
9.63916202707685,0.647520288969054,5.72384601384177,16.8919959492064,6.81354682446717,6.37719981892766,1.07430032807695,0.429813467488658,-2.39034156403568
11.9210056371258,-0.261433946780682,9.40033850730401,14.7838169262977,7.72039110182728,2.69966568906752,0.596351021816459,8.95225927980803E-02,-0.149670584834306
13.6963785954304,-2.01358143714256,9.31512490990949,12.5148590843996,7.01723185787696,0.794200511058906,0.147888840008621,-0.3729981186293,-0.230257307861512
15.1099599628091,-3.26326824917933,7.04161211362214,8.85182444355894,4.82343788542913,-1.1328058291114,-1.64845069353523,-1.36145424185499,1.34532551564486
14.3733806986383,-1.70756660746003,8.93783303730018,7.95689757252813,4.97856719952634,-1.05766725873297,-1.58484310242747,0.152042628774416,1.08229721728834
14.5743627992369,-1.34535301233045,5.79038712546079,7.11618544920802,0.227580238768017,-2.44887811548263,-2.15962171956951,-0.940919978771924,2.75391213299101
14.0143824422134,1.88106467429373,7.48447349988326,8.73266402054634,1.01470931590007,-0.14989493345785,1.5624562222741,2.33154331076348,1.15619892598645
13.1582403767673,1.60698370406508,8.60673039937705,8.19581390548921,-4.69082755579739E-03,-0.230788715745235,0.964903228227527,-0.454072107401184,1.89368708427541
13.2089964426137,0.17712038944018,7.61701928477813,7.38298071522187,0.131997753229736,1.32746676652312,2.09838981464145,0.214379329713533,0.858453473132379
10.9393655405089,-1.02385080361745,7.79438639239024,5.80291457757369,-0.407197413429556,1.07070896396607,-0.346750386579823,-0.107773768801837,1.97179138747012
11.488248951921,1.4827119306523,8.08544693998148,7.09017899933462,0.207521973599121,2.68010441240107,0.807288395054835,0.70120092873063,1.42473606089793
10.0285745940007,2.22337115581694,6.84220730660215,8.63839059023386,1.36271731001817,1.1429837600288,1.37841256358885,0.788917304478677,1.28931891832007
10.1896242962172,4.02506226435072,6.60209281876817,8.53470460687141,2.95324073860942,1.85849304158476,1.75352984775734,0.272996376928367,0.639446825553924
8.26508070579281,3.53954537438392,7.56657415743895,6.88621364990673,2.01834095993021,0.85114677408876,0.258499865413,-0.809842486796551,1.69811671013671
9.38332307070187,4.61538108060914,9.02131257524654,7.81369188210533,3.88800558777306,1.93366357562334,0.455844645203985,0.985212620279562,-0.601053221700408
9.05160588864065,2.56928419710157,11.5446900848247,4.26554851614148,1.7565912312654,1.40472247326578,0.348657439478115,0.165612283752115,0.640887424935416
11.1661250848833,3.87682926273477,12.1388758494023,3.39168440290039,2.84250680205452,1.27290708644193,1.7979299878315,0.656278626736973,-1.01540887525694
9.78889153187441,1.91964612457,11.0901705335578,2.47749396179462,2.27256093098148,0.635383883480924,0.452865402912977,-0.370983678547913,-0.645447559101216
10.937923544149,1.58255488675827,10.6396571944892,2.63538581592001,2.61165593498012,1.66976219921234,0.526620819319764,0.239580528720001,-1.30925054647177
9.47473533354907,-1.02630484027553,14.3752022560215,0.938930239008823,0.643983172299012,-0.604687716702877,-1.43728907586335,-1.30507142526929,1.04156072303638
11.7917183283495,0.167155933192319,20.6946065203121,2.23588724381883,1.25355553934797,0.636806213988755,0.350083874261539,1.39760046677849,1.15281525782219
11.0209446984451,-0.252818947378114,19.7448328890239,1.61931203410821,-1.28918785769342E-02,-1.025825195335,-0.894143864156437,-1.00602695323471,2.38776008213969
9.87610326109477,2.7275699019784,21.3138303015235,2.94341082059144,0.793289041745509,-0.649640648811901,0.408385014525987,2.76246909488705E-03,3.34995418905417
12.3352476602671,0.755373062553178,11.4734768616136,2.37626234602154,-0.626086634853687,-1.3266193171309,-1.43898198498131,-0.431417156808342,4.19764731994229
13.4281648769462,2.03529417147459,16.0717962326652,4.30356464726417,0.267199846268572,1.03082406445738,0.627736625137835,1.05187062769086,3.76413208091031
